{
  "threshold": 1.281,
  "M_uniform_by_d": {
    "12": {
      "M": 1.5,
      "best_window_ell_s_lo": [
        7,
        8
      ],
      "margin_vs_1.281": 0.21900000000000008
    },
    "14": {
      "M": 1.5357142857142854,
      "best_window_ell_s_lo": [
        8,
        10
      ],
      "margin_vs_1.281": 0.25471428571428545
    },
    "16": {
      "M": 1.5625,
      "best_window_ell_s_lo": [
        8,
        12
      ],
      "margin_vs_1.281": 0.2815000000000001
    },
    "18": {
      "M": 1.5833333333333335,
      "best_window_ell_s_lo": [
        8,
        14
      ],
      "margin_vs_1.281": 0.30233333333333356
    },
    "20": {
      "M": 1.6000000000000005,
      "best_window_ell_s_lo": [
        9,
        15
      ],
      "margin_vs_1.281": 0.3190000000000006
    }
  },
  "comp_counts": {
    "d16_n1_S64": 5391644226101705,
    "d16_n2_S128": 76435265515004093841
  }
}