{
  "K": 16,
  "n_calibration": 1,
  "calibration_results": [
    {
      "K": 16,
      "wall_s": 59.75253176689148,
      "cache_build_s": 0.11371588706970215,
      "verdict": "feas",
      "lambda_star": -6.137604262485336e-07,
      "status": "solsta.optimal",
      "peak_rss_kb": 15863996,
      "peak_rss_gb": 15.13,
      "threads": 16,
      "error": null,
      "hash": "57e58f27bf036d88",
      "lp_val": 0.9999999999999994,
      "src": "split(345b02584d8646a8)",
      "lo_int": [
        0,
        0,
        0,
        0,
        0,
        0,
        0,
        0,
        0,
        0,
        0,
        0,
        0,
        0,
        0,
        0,
        0,
        0,
        0,
        0,
        0,
        0
      ],
      "hi_int": [
        576460752303423488,
        1152921504606846976,
        1152921504606846976,
        1152921504606846976,
        576460752303423488,
        576460752303423488,
        576460752303423488,
        576460752303423488,
        576460752303423488,
        576460752303423488,
        576460752303423488,
        576460752303423488,
        576460752303423488,
        576460752303423488,
        576460752303423488,
        576460752303423488,
        576460752303423488,
        576460752303423488,
        576460752303423488,
        576460752303423488,
        576460752303423488,
        576460752303423488
      ],
      "depth": 18,
      "volume": 1.9073486328125e-06,
      "iters_survived": 2
    }
  ],
  "max_rss_gb_calib": 15.13,
  "avg_calib_wall_s": 59.75253176689148,
  "available_ram_gb": 749.7771987915039,
  "usable_ram_gb": 562.3328990936279,
  "rss_with_safety_gb": 19.669,
  "n_parallel_by_ram": 28,
  "n_parallel_by_cores": 48,
  "n_parallel_chosen": 28,
  "threads_per_proc": 6,
  "headroom_frac": 0.25,
  "rss_safety_factor": 1.3,
  "min_threads_per_proc": 4,
  "max_threads_per_proc": 48
}