{
  "K": 16,
  "n_input": 1,
  "n_calibration": 1,
  "calibration": [
    {
      "K": 16,
      "wall_s": 59.75253176689148,
      "cache_build_s": 0.11371588706970215,
      "verdict": "feas",
      "lambda_star": -6.137604262485336e-07,
      "status": "solsta.optimal",
      "peak_rss_kb": 15863996,
      "peak_rss_gb": 15.13,
      "threads": 16,
      "error": null,
      "hash": "57e58f27bf036d88",
      "lp_val": 0.9999999999999994,
      "src": "split(345b02584d8646a8)",
      "lo_int": [
        0,
        0,
        0,
        0,
        0,
        0,
        0,
        0,
        0,
        0,
        0,
        0,
        0,
        0,
        0,
        0,
        0,
        0,
        0,
        0,
        0,
        0
      ],
      "hi_int": [
        576460752303423488,
        1152921504606846976,
        1152921504606846976,
        1152921504606846976,
        576460752303423488,
        576460752303423488,
        576460752303423488,
        576460752303423488,
        576460752303423488,
        576460752303423488,
        576460752303423488,
        576460752303423488,
        576460752303423488,
        576460752303423488,
        576460752303423488,
        576460752303423488,
        576460752303423488,
        576460752303423488,
        576460752303423488,
        576460752303423488,
        576460752303423488,
        576460752303423488
      ],
      "depth": 18,
      "volume": 1.9073486328125e-06,
      "iters_survived": 2
    }
  ],
  "max_rss_gb_observed": 15.13,
  "n_parallel": 28,
  "threads_per_proc": 6,
  "available_ram_gb_at_start": 749.7771987915039,
  "n_cert": 0,
  "n_fail": 1,
  "n_exception": 0,
  "sweep_wall_s": 0.0,
  "avg_solve_s": 59.75253176689148,
  "n_survivors_for_next_stage": 1
}