{
  "K_ladder": [
    0,
    16,
    32
  ],
  "stages": [
    {
      "K": 0,
      "n_input": 1,
      "n_calibration": 1,
      "calibration": [
        {
          "K": 0,
          "wall_s": 39.56966423988342,
          "cache_build_s": 0.1140296459197998,
          "verdict": "feas",
          "lambda_star": -4.700543623514658e-06,
          "status": "solsta.optimal",
          "peak_rss_kb": 4781840,
          "peak_rss_gb": 4.56,
          "threads": 16,
          "error": null,
          "hash": "8d60cce87ab6b1c1",
          "lp_val": 1.0,
          "src": "split(69700699b76079a3)",
          "lo_int": [
            0,
            0,
            0,
            0,
            0,
            0,
            0,
            0,
            0,
            0,
            0,
            0,
            0,
            0,
            0,
            0,
            0,
            0,
            0,
            0,
            0,
            0
          ],
          "hi_int": [
            576460752303423488,
            576460752303423488,
            576460752303423488,
            576460752303423488,
            576460752303423488,
            576460752303423488,
            576460752303423488,
            288230376151711744,
            288230376151711744,
            288230376151711744,
            288230376151711744,
            288230376151711744,
            288230376151711744,
            288230376151711744,
            288230376151711744,
            288230376151711744,
            288230376151711744,
            288230376151711744,
            288230376151711744,
            288230376151711744,
            288230376151711744,
            288230376151711744
          ],
          "depth": 36,
          "volume": 7.275957614183426e-12,
          "iters_survived": 4
        }
      ],
      "max_rss_gb_observed": 4.56,
      "n_parallel": 48,
      "threads_per_proc": 4,
      "available_ram_gb_at_start": 749.779613494873,
      "n_cert": 0,
      "n_fail": 1,
      "n_exception": 0,
      "sweep_wall_s": 0.0,
      "avg_solve_s": 39.56966423988342
    },
    {
      "K": 16,
      "n_input": 1,
      "n_calibration": 1,
      "calibration": [
        {
          "K": 16,
          "wall_s": 52.66201114654541,
          "cache_build_s": 0.11398649215698242,
          "verdict": "feas",
          "lambda_star": -6.137389841966134e-07,
          "status": "solsta.optimal",
          "peak_rss_kb": 29824572,
          "peak_rss_gb": 28.44,
          "threads": 16,
          "error": null,
          "hash": "8d60cce87ab6b1c1",
          "lp_val": 1.0,
          "src": "split(69700699b76079a3)",
          "lo_int": [
            0,
            0,
            0,
            0,
            0,
            0,
            0,
            0,
            0,
            0,
            0,
            0,
            0,
            0,
            0,
            0,
            0,
            0,
            0,
            0,
            0,
            0
          ],
          "hi_int": [
            576460752303423488,
            576460752303423488,
            576460752303423488,
            576460752303423488,
            576460752303423488,
            576460752303423488,
            576460752303423488,
            288230376151711744,
            288230376151711744,
            288230376151711744,
            288230376151711744,
            288230376151711744,
            288230376151711744,
            288230376151711744,
            288230376151711744,
            288230376151711744,
            288230376151711744,
            288230376151711744,
            288230376151711744,
            288230376151711744,
            288230376151711744,
            288230376151711744
          ],
          "depth": 36,
          "volume": 7.275957614183426e-12,
          "iters_survived": 4
        }
      ],
      "max_rss_gb_observed": 28.44,
      "n_parallel": 15,
      "threads_per_proc": 12,
      "available_ram_gb_at_start": 749.7953186035156,
      "n_cert": 0,
      "n_fail": 1,
      "n_exception": 0,
      "sweep_wall_s": 0.0,
      "avg_solve_s": 52.66201114654541
    },
    {
      "K": 32,
      "n_input": 1,
      "n_calibration": 1,
      "calibration": [
        {
          "K": 32,
          "wall_s": 106.07705426216125,
          "cache_build_s": 0.11518383026123047,
          "verdict": "feas",
          "lambda_star": -1.1768826559694883e-06,
          "status": "solsta.optimal",
          "peak_rss_kb": 45533656,
          "peak_rss_gb": 43.42,
          "threads": 16,
          "error": null,
          "hash": "8d60cce87ab6b1c1",
          "lp_val": 1.0,
          "src": "split(69700699b76079a3)",
          "lo_int": [
            0,
            0,
            0,
            0,
            0,
            0,
            0,
            0,
            0,
            0,
            0,
            0,
            0,
            0,
            0,
            0,
            0,
            0,
            0,
            0,
            0,
            0
          ],
          "hi_int": [
            576460752303423488,
            576460752303423488,
            576460752303423488,
            576460752303423488,
            576460752303423488,
            576460752303423488,
            576460752303423488,
            288230376151711744,
            288230376151711744,
            288230376151711744,
            288230376151711744,
            288230376151711744,
            288230376151711744,
            288230376151711744,
            288230376151711744,
            288230376151711744,
            288230376151711744,
            288230376151711744,
            288230376151711744,
            288230376151711744,
            288230376151711744,
            288230376151711744
          ],
          "depth": 36,
          "volume": 7.275957614183426e-12,
          "iters_survived": 4
        }
      ],
      "max_rss_gb_observed": 43.42,
      "n_parallel": 9,
      "threads_per_proc": 21,
      "available_ram_gb_at_start": 749.7898139953613,
      "n_cert": 0,
      "n_fail": 1,
      "n_exception": 0,
      "sweep_wall_s": 0.0,
      "avg_solve_s": 106.07705426216125
    }
  ],
  "final_survivors": [
    {
      "hash": "8d60cce87ab6b1c1",
      "lo_int": [
        0,
        0,
        0,
        0,
        0,
        0,
        0,
        0,
        0,
        0,
        0,
        0,
        0,
        0,
        0,
        0,
        0,
        0,
        0,
        0,
        0,
        0
      ],
      "hi_int": [
        576460752303423488,
        576460752303423488,
        576460752303423488,
        576460752303423488,
        576460752303423488,
        576460752303423488,
        576460752303423488,
        288230376151711744,
        288230376151711744,
        288230376151711744,
        288230376151711744,
        288230376151711744,
        288230376151711744,
        288230376151711744,
        288230376151711744,
        288230376151711744,
        288230376151711744,
        288230376151711744,
        288230376151711744,
        288230376151711744,
        288230376151711744,
        288230376151711744
      ],
      "depth": 36,
      "volume": 7.275957614183426e-12,
      "lp_val": 1.0,
      "src": "split(69700699b76079a3)",
      "iters_survived": 4
    }
  ],
  "total_input": 1,
  "total_cert": 0,
  "total_wall_s": 199.11006331443787,
  "n_final_survivors": 1
}