{
  "worker_id": 45,
  "hash": "01ef17c4d1297203",
  "src": "split(ad4d8f586b6dbd0b)",
  "lo_int": [
    0,
    0,
    0,
    0,
    0,
    0,
    0,
    0,
    0,
    0,
    0,
    0,
    0,
    0,
    0,
    0,
    144115188075855872,
    144115188075855872,
    0,
    0,
    0,
    0
  ],
  "hi_int": [
    288230376151711744,
    288230376151711744,
    288230376151711744,
    288230376151711744,
    288230376151711744,
    288230376151711744,
    288230376151711744,
    288230376151711744,
    288230376151711744,
    288230376151711744,
    288230376151711744,
    144115188075855872,
    144115188075855872,
    144115188075855872,
    144115188075855872,
    144115188075855872,
    288230376151711744,
    288230376151711744,
    144115188075855872,
    144115188075855872,
    144115188075855872,
    144115188075855872
  ],
  "depth": 54,
  "volume": 2.7755575615628914e-17,
  "lp_val": 1.0370834618944773,
  "iters_survived": 6,
  "K": 0,
  "wall_s": 153.72980165481567,
  "verdict": "feas",
  "lambda_star": -4.403817343353552e-06,
  "status": "solsta.optimal",
  "peak_rss_kb": 7127928,
  "peak_rss_gb": 6.8,
  "threads": 4,
  "error": null
}