{
  "worker_id": 43,
  "hash": "0372d7a25a0f7f45",
  "src": "split(15d4e341ea7c9e0f)",
  "lo_int": [
    0,
    0,
    0,
    0,
    0,
    0,
    0,
    0,
    0,
    0,
    0,
    0,
    0,
    0,
    0,
    144115188075855872,
    0,
    0,
    0,
    0,
    144115188075855872,
    144115188075855872
  ],
  "hi_int": [
    288230376151711744,
    288230376151711744,
    288230376151711744,
    288230376151711744,
    288230376151711744,
    288230376151711744,
    288230376151711744,
    288230376151711744,
    288230376151711744,
    288230376151711744,
    288230376151711744,
    144115188075855872,
    144115188075855872,
    144115188075855872,
    144115188075855872,
    288230376151711744,
    144115188075855872,
    144115188075855872,
    144115188075855872,
    144115188075855872,
    288230376151711744,
    288230376151711744
  ],
  "depth": 54,
  "volume": 2.7755575615628914e-17,
  "lp_val": 1.1080995346154145,
  "iters_survived": 6,
  "K": 0,
  "wall_s": 152.81470561027527,
  "verdict": "feas",
  "lambda_star": -7.3026068808299616e-06,
  "status": "solsta.optimal",
  "peak_rss_kb": 7211728,
  "peak_rss_gb": 6.88,
  "threads": 4,
  "error": null
}