{
  "worker_id": 46,
  "hash": "07a8c46c847466b6",
  "src": "split(12fcabc1c81348e3)",
  "lo_int": [
    0,
    0,
    0,
    0,
    0,
    0,
    0,
    0,
    0,
    0,
    0,
    0,
    0,
    144115188075855872,
    0,
    0,
    0,
    0,
    144115188075855872,
    0,
    144115188075855872,
    0
  ],
  "hi_int": [
    288230376151711744,
    288230376151711744,
    288230376151711744,
    288230376151711744,
    288230376151711744,
    288230376151711744,
    288230376151711744,
    288230376151711744,
    288230376151711744,
    288230376151711744,
    288230376151711744,
    144115188075855872,
    144115188075855872,
    288230376151711744,
    144115188075855872,
    144115188075855872,
    144115188075855872,
    144115188075855872,
    288230376151711744,
    144115188075855872,
    288230376151711744,
    144115188075855872
  ],
  "depth": 54,
  "volume": 2.7755575615628914e-17,
  "lp_val": 1.0900457005048085,
  "iters_survived": 6,
  "K": 0,
  "wall_s": 139.30268001556396,
  "verdict": "feas",
  "lambda_star": -8.966973557633135e-06,
  "status": "solsta.optimal",
  "peak_rss_kb": 7164060,
  "peak_rss_gb": 6.83,
  "threads": 4,
  "error": null
}