{
  "worker_id": 32,
  "hash": "08c6bafc8be01a7f",
  "src": "split(15d4e341ea7c9e0f)",
  "lo_int": [
    0,
    0,
    0,
    0,
    0,
    0,
    0,
    0,
    0,
    0,
    0,
    144115188075855872,
    0,
    0,
    0,
    0,
    0,
    144115188075855872,
    0,
    0,
    144115188075855872,
    144115188075855872
  ],
  "hi_int": [
    288230376151711744,
    288230376151711744,
    288230376151711744,
    288230376151711744,
    288230376151711744,
    288230376151711744,
    288230376151711744,
    288230376151711744,
    288230376151711744,
    288230376151711744,
    288230376151711744,
    288230376151711744,
    144115188075855872,
    144115188075855872,
    144115188075855872,
    144115188075855872,
    144115188075855872,
    288230376151711744,
    144115188075855872,
    144115188075855872,
    288230376151711744,
    288230376151711744
  ],
  "depth": 54,
  "volume": 2.7755575615628914e-17,
  "lp_val": 1.1894718309859154,
  "iters_survived": 6,
  "K": 0,
  "wall_s": 127.5925076007843,
  "verdict": "feas",
  "lambda_star": -6.665596331490068e-06,
  "status": "solsta.optimal",
  "peak_rss_kb": 7186216,
  "peak_rss_gb": 6.85,
  "threads": 4,
  "error": null
}