{
  "worker_id": 32,
  "hash": "0e3c93e96ec35f35",
  "src": "split(e82d7abfe44e73f9)",
  "lo_int": [
    0,
    0,
    0,
    0,
    0,
    0,
    0,
    0,
    0,
    0,
    0,
    0,
    0,
    144115188075855872,
    0,
    0,
    0,
    144115188075855872,
    144115188075855872,
    0,
    0,
    144115188075855872
  ],
  "hi_int": [
    288230376151711744,
    288230376151711744,
    288230376151711744,
    288230376151711744,
    288230376151711744,
    288230376151711744,
    288230376151711744,
    288230376151711744,
    288230376151711744,
    288230376151711744,
    288230376151711744,
    144115188075855872,
    144115188075855872,
    288230376151711744,
    144115188075855872,
    144115188075855872,
    144115188075855872,
    288230376151711744,
    288230376151711744,
    144115188075855872,
    144115188075855872,
    288230376151711744
  ],
  "depth": 54,
  "volume": 2.7755575615628914e-17,
  "lp_val": 1.238511029411765,
  "iters_survived": 6,
  "K": 0,
  "wall_s": 171.0726020336151,
  "verdict": "feas",
  "lambda_star": -1.2588755641642051e-05,
  "status": "solsta.optimal",
  "peak_rss_kb": 7186216,
  "peak_rss_gb": 6.85,
  "threads": 4,
  "error": null
}