{
  "worker_id": 10,
  "hash": "0f2d1e7437b165f9",
  "src": "split(15d4e341ea7c9e0f)",
  "lo_int": [
    0,
    0,
    0,
    0,
    0,
    0,
    0,
    0,
    0,
    0,
    0,
    0,
    0,
    0,
    0,
    0,
    0,
    0,
    0,
    144115188075855872,
    144115188075855872,
    144115188075855872
  ],
  "hi_int": [
    288230376151711744,
    288230376151711744,
    288230376151711744,
    288230376151711744,
    288230376151711744,
    288230376151711744,
    288230376151711744,
    288230376151711744,
    288230376151711744,
    288230376151711744,
    288230376151711744,
    144115188075855872,
    144115188075855872,
    144115188075855872,
    144115188075855872,
    144115188075855872,
    144115188075855872,
    144115188075855872,
    144115188075855872,
    288230376151711744,
    288230376151711744,
    288230376151711744
  ],
  "depth": 54,
  "volume": 2.7755575615628914e-17,
  "lp_val": 1.203125,
  "iters_survived": 6,
  "K": 0,
  "wall_s": 121.04115557670593,
  "verdict": "feas",
  "lambda_star": -4.372285501412866e-06,
  "status": "solsta.optimal",
  "peak_rss_kb": 7211740,
  "peak_rss_gb": 6.88,
  "threads": 4,
  "error": null
}