{
  "worker_id": 14,
  "hash": "11355b4d48b713c5",
  "src": "split(12fcabc1c81348e3)",
  "lo_int": [
    0,
    0,
    0,
    0,
    0,
    0,
    0,
    0,
    0,
    0,
    0,
    144115188075855872,
    0,
    0,
    0,
    0,
    0,
    144115188075855872,
    0,
    144115188075855872,
    144115188075855872,
    0
  ],
  "hi_int": [
    288230376151711744,
    288230376151711744,
    288230376151711744,
    288230376151711744,
    288230376151711744,
    288230376151711744,
    288230376151711744,
    288230376151711744,
    288230376151711744,
    288230376151711744,
    288230376151711744,
    288230376151711744,
    144115188075855872,
    144115188075855872,
    144115188075855872,
    144115188075855872,
    144115188075855872,
    288230376151711744,
    144115188075855872,
    288230376151711744,
    288230376151711744,
    144115188075855872
  ],
  "depth": 54,
  "volume": 2.7755575615628914e-17,
  "lp_val": 1.2236626357860219,
  "iters_survived": 6,
  "K": 0,
  "wall_s": 187.69196915626526,
  "verdict": "feas",
  "lambda_star": -8.430133073985558e-06,
  "status": "solsta.optimal",
  "peak_rss_kb": 7174048,
  "peak_rss_gb": 6.84,
  "threads": 4,
  "error": null
}