{
  "worker_id": 44,
  "hash": "198950b0470808d7",
  "src": "split(e82d7abfe44e73f9)",
  "lo_int": [
    0,
    0,
    0,
    0,
    0,
    0,
    0,
    0,
    0,
    0,
    0,
    0,
    144115188075855872,
    0,
    0,
    144115188075855872,
    144115188075855872,
    0,
    0,
    0,
    0,
    144115188075855872
  ],
  "hi_int": [
    288230376151711744,
    288230376151711744,
    288230376151711744,
    288230376151711744,
    288230376151711744,
    288230376151711744,
    288230376151711744,
    288230376151711744,
    288230376151711744,
    288230376151711744,
    288230376151711744,
    144115188075855872,
    288230376151711744,
    144115188075855872,
    144115188075855872,
    288230376151711744,
    288230376151711744,
    144115188075855872,
    144115188075855872,
    144115188075855872,
    144115188075855872,
    288230376151711744
  ],
  "depth": 54,
  "volume": 2.7755575615628914e-17,
  "lp_val": 1.209315651604453,
  "iters_survived": 6,
  "K": 0,
  "wall_s": 168.99589085578918,
  "verdict": "feas",
  "lambda_star": -5.709564809018818e-06,
  "status": "solsta.optimal",
  "peak_rss_kb": 7176376,
  "peak_rss_gb": 6.84,
  "threads": 4,
  "error": null
}