{
  "worker_id": 27,
  "hash": "1aeded8c8fe3225f",
  "src": "split(12fcabc1c81348e3)",
  "lo_int": [
    0,
    0,
    0,
    0,
    0,
    0,
    0,
    0,
    0,
    0,
    0,
    0,
    0,
    144115188075855872,
    0,
    0,
    0,
    0,
    0,
    144115188075855872,
    144115188075855872,
    0
  ],
  "hi_int": [
    288230376151711744,
    288230376151711744,
    288230376151711744,
    288230376151711744,
    288230376151711744,
    288230376151711744,
    288230376151711744,
    288230376151711744,
    288230376151711744,
    288230376151711744,
    288230376151711744,
    144115188075855872,
    144115188075855872,
    288230376151711744,
    144115188075855872,
    144115188075855872,
    144115188075855872,
    144115188075855872,
    144115188075855872,
    288230376151711744,
    288230376151711744,
    144115188075855872
  ],
  "depth": 54,
  "volume": 2.7755575615628914e-17,
  "lp_val": 1.1138645963318268,
  "iters_survived": 6,
  "K": 0,
  "wall_s": 138.66446137428284,
  "verdict": "feas",
  "lambda_star": -3.767589481972077e-06,
  "status": "solsta.optimal",
  "peak_rss_kb": 7224692,
  "peak_rss_gb": 6.89,
  "threads": 4,
  "error": null
}