{
  "worker_id": 13,
  "hash": "1c35351996010ffa",
  "src": "split(ad4d8f586b6dbd0b)",
  "lo_int": [
    0,
    0,
    0,
    0,
    0,
    0,
    0,
    0,
    0,
    0,
    0,
    0,
    0,
    0,
    0,
    0,
    0,
    144115188075855872,
    144115188075855872,
    0,
    0,
    0
  ],
  "hi_int": [
    288230376151711744,
    288230376151711744,
    288230376151711744,
    288230376151711744,
    288230376151711744,
    288230376151711744,
    288230376151711744,
    288230376151711744,
    288230376151711744,
    288230376151711744,
    288230376151711744,
    144115188075855872,
    144115188075855872,
    144115188075855872,
    144115188075855872,
    144115188075855872,
    144115188075855872,
    288230376151711744,
    288230376151711744,
    144115188075855872,
    144115188075855872,
    144115188075855872
  ],
  "depth": 54,
  "volume": 2.7755575615628914e-17,
  "lp_val": 1.0361310865988174,
  "iters_survived": 6,
  "K": 0,
  "wall_s": 143.2205753326416,
  "verdict": "feas",
  "lambda_star": -1.0539727382327161e-05,
  "status": "solsta.optimal",
  "peak_rss_kb": 7165868,
  "peak_rss_gb": 6.83,
  "threads": 4,
  "error": null
}