{
  "worker_id": 16,
  "hash": "1d32a899548ed6d6",
  "src": "split(ad4d8f586b6dbd0b)",
  "lo_int": [
    0,
    0,
    0,
    0,
    0,
    0,
    0,
    0,
    0,
    0,
    0,
    144115188075855872,
    0,
    144115188075855872,
    0,
    0,
    0,
    0,
    0,
    144115188075855872,
    0,
    0
  ],
  "hi_int": [
    288230376151711744,
    288230376151711744,
    288230376151711744,
    288230376151711744,
    288230376151711744,
    288230376151711744,
    288230376151711744,
    288230376151711744,
    288230376151711744,
    288230376151711744,
    288230376151711744,
    288230376151711744,
    144115188075855872,
    288230376151711744,
    144115188075855872,
    144115188075855872,
    144115188075855872,
    144115188075855872,
    144115188075855872,
    288230376151711744,
    144115188075855872,
    144115188075855872
  ],
  "depth": 54,
  "volume": 2.7755575615628914e-17,
  "lp_val": 1.051575163068644,
  "iters_survived": 6,
  "K": 0,
  "wall_s": 141.1474380493164,
  "verdict": "feas",
  "lambda_star": -9.943472228461824e-06,
  "status": "solsta.optimal",
  "peak_rss_kb": 7172108,
  "peak_rss_gb": 6.84,
  "threads": 4,
  "error": null
}