{
  "worker_id": 16,
  "hash": "20894f360b09ac59",
  "src": "split(ad4d8f586b6dbd0b)",
  "lo_int": [
    0,
    0,
    0,
    0,
    0,
    0,
    0,
    0,
    0,
    0,
    0,
    144115188075855872,
    0,
    0,
    0,
    144115188075855872,
    0,
    0,
    144115188075855872,
    0,
    0,
    0
  ],
  "hi_int": [
    288230376151711744,
    288230376151711744,
    288230376151711744,
    288230376151711744,
    288230376151711744,
    288230376151711744,
    288230376151711744,
    288230376151711744,
    288230376151711744,
    288230376151711744,
    288230376151711744,
    288230376151711744,
    144115188075855872,
    144115188075855872,
    144115188075855872,
    288230376151711744,
    144115188075855872,
    144115188075855872,
    288230376151711744,
    144115188075855872,
    144115188075855872,
    144115188075855872
  ],
  "depth": 54,
  "volume": 2.7755575615628914e-17,
  "lp_val": 1.0610342494826766,
  "iters_survived": 6,
  "K": 0,
  "wall_s": 143.43459010124207,
  "verdict": "feas",
  "lambda_star": -4.694858651154641e-06,
  "status": "solsta.optimal",
  "peak_rss_kb": 7150500,
  "peak_rss_gb": 6.82,
  "threads": 4,
  "error": null
}