{
  "worker_id": 12,
  "hash": "2241f7ca274eacf4",
  "src": "split(e82d7abfe44e73f9)",
  "lo_int": [
    0,
    0,
    0,
    0,
    0,
    0,
    0,
    0,
    0,
    0,
    0,
    144115188075855872,
    144115188075855872,
    0,
    0,
    0,
    0,
    144115188075855872,
    0,
    0,
    0,
    144115188075855872
  ],
  "hi_int": [
    288230376151711744,
    288230376151711744,
    288230376151711744,
    288230376151711744,
    288230376151711744,
    288230376151711744,
    288230376151711744,
    288230376151711744,
    288230376151711744,
    288230376151711744,
    288230376151711744,
    288230376151711744,
    288230376151711744,
    144115188075855872,
    144115188075855872,
    144115188075855872,
    144115188075855872,
    288230376151711744,
    144115188075855872,
    144115188075855872,
    144115188075855872,
    288230376151711744
  ],
  "depth": 54,
  "volume": 2.7755575615628914e-17,
  "lp_val": 1.217447916666667,
  "iters_survived": 6,
  "K": 0,
  "wall_s": 153.92931175231934,
  "verdict": "feas",
  "lambda_star": -2.727937385150208e-06,
  "status": "solsta.optimal",
  "peak_rss_kb": 7181992,
  "peak_rss_gb": 6.85,
  "threads": 4,
  "error": null
}