{
  "worker_id": 36,
  "hash": "22fd1d533600a5be",
  "src": "split(15d4e341ea7c9e0f)",
  "lo_int": [
    0,
    0,
    0,
    0,
    0,
    0,
    0,
    0,
    0,
    0,
    0,
    0,
    144115188075855872,
    0,
    0,
    0,
    0,
    0,
    0,
    0,
    144115188075855872,
    144115188075855872
  ],
  "hi_int": [
    288230376151711744,
    288230376151711744,
    288230376151711744,
    288230376151711744,
    288230376151711744,
    288230376151711744,
    288230376151711744,
    288230376151711744,
    288230376151711744,
    288230376151711744,
    288230376151711744,
    144115188075855872,
    288230376151711744,
    144115188075855872,
    144115188075855872,
    144115188075855872,
    144115188075855872,
    144115188075855872,
    144115188075855872,
    144115188075855872,
    288230376151711744,
    288230376151711744
  ],
  "depth": 54,
  "volume": 2.7755575615628914e-17,
  "lp_val": 1.0690060764211098,
  "iters_survived": 6,
  "K": 0,
  "wall_s": 135.952627658844,
  "verdict": "feas",
  "lambda_star": -8.005850321231171e-06,
  "status": "solsta.optimal",
  "peak_rss_kb": 7184900,
  "peak_rss_gb": 6.85,
  "threads": 4,
  "error": null
}