{
  "worker_id": 13,
  "hash": "231a3106d42d178e",
  "src": "split(e82d7abfe44e73f9)",
  "lo_int": [
    0,
    0,
    0,
    0,
    0,
    0,
    0,
    0,
    0,
    0,
    0,
    144115188075855872,
    144115188075855872,
    0,
    0,
    144115188075855872,
    0,
    0,
    0,
    0,
    0,
    144115188075855872
  ],
  "hi_int": [
    288230376151711744,
    288230376151711744,
    288230376151711744,
    288230376151711744,
    288230376151711744,
    288230376151711744,
    288230376151711744,
    288230376151711744,
    288230376151711744,
    288230376151711744,
    288230376151711744,
    288230376151711744,
    288230376151711744,
    144115188075855872,
    144115188075855872,
    288230376151711744,
    144115188075855872,
    144115188075855872,
    144115188075855872,
    144115188075855872,
    144115188075855872,
    288230376151711744
  ],
  "depth": 54,
  "volume": 2.7755575615628914e-17,
  "lp_val": 1.2097074468085105,
  "iters_survived": 6,
  "K": 0,
  "wall_s": 156.58229160308838,
  "verdict": "feas",
  "lambda_star": -4.0778151037622776e-06,
  "status": "solsta.optimal",
  "peak_rss_kb": 7245148,
  "peak_rss_gb": 6.91,
  "threads": 4,
  "error": null
}