{
  "worker_id": 30,
  "hash": "290a42019347e778",
  "src": "split(e82d7abfe44e73f9)",
  "lo_int": [
    0,
    0,
    0,
    0,
    0,
    0,
    0,
    0,
    0,
    0,
    0,
    0,
    144115188075855872,
    0,
    0,
    0,
    0,
    144115188075855872,
    0,
    0,
    0,
    144115188075855872
  ],
  "hi_int": [
    288230376151711744,
    288230376151711744,
    288230376151711744,
    288230376151711744,
    288230376151711744,
    288230376151711744,
    288230376151711744,
    288230376151711744,
    288230376151711744,
    288230376151711744,
    288230376151711744,
    144115188075855872,
    288230376151711744,
    144115188075855872,
    144115188075855872,
    144115188075855872,
    144115188075855872,
    288230376151711744,
    144115188075855872,
    144115188075855872,
    144115188075855872,
    288230376151711744
  ],
  "depth": 54,
  "volume": 2.7755575615628914e-17,
  "lp_val": 1.0238170948867973,
  "iters_survived": 6,
  "K": 0,
  "wall_s": 151.57834696769714,
  "verdict": "feas",
  "lambda_star": -3.976872513776684e-06,
  "status": "solsta.optimal",
  "peak_rss_kb": 7192016,
  "peak_rss_gb": 6.86,
  "threads": 4,
  "error": null
}