{
  "worker_id": 41,
  "hash": "3635916c03f80ac6",
  "src": "split(ad4d8f586b6dbd0b)",
  "lo_int": [
    0,
    0,
    0,
    0,
    0,
    0,
    0,
    0,
    0,
    0,
    0,
    0,
    144115188075855872,
    0,
    0,
    0,
    0,
    144115188075855872,
    0,
    0,
    0,
    0
  ],
  "hi_int": [
    288230376151711744,
    288230376151711744,
    288230376151711744,
    288230376151711744,
    288230376151711744,
    288230376151711744,
    288230376151711744,
    288230376151711744,
    288230376151711744,
    288230376151711744,
    288230376151711744,
    144115188075855872,
    288230376151711744,
    144115188075855872,
    144115188075855872,
    144115188075855872,
    144115188075855872,
    288230376151711744,
    144115188075855872,
    144115188075855872,
    144115188075855872,
    144115188075855872
  ],
  "depth": 54,
  "volume": 2.7755575615628914e-17,
  "lp_val": 1.0152647676839133,
  "iters_survived": 6,
  "K": 0,
  "wall_s": 152.36090874671936,
  "verdict": "feas",
  "lambda_star": -1.3107797676593393e-05,
  "status": "solsta.optimal",
  "peak_rss_kb": 4791820,
  "peak_rss_gb": 4.57,
  "threads": 4,
  "error": null
}