{
  "worker_id": 3,
  "hash": "3a4e4b102cc9d6fc",
  "src": "split(e82d7abfe44e73f9)",
  "lo_int": [
    0,
    0,
    0,
    0,
    0,
    0,
    0,
    0,
    0,
    0,
    0,
    0,
    0,
    0,
    0,
    0,
    0,
    0,
    0,
    144115188075855872,
    0,
    144115188075855872
  ],
  "hi_int": [
    288230376151711744,
    288230376151711744,
    288230376151711744,
    288230376151711744,
    288230376151711744,
    288230376151711744,
    288230376151711744,
    288230376151711744,
    288230376151711744,
    288230376151711744,
    288230376151711744,
    144115188075855872,
    144115188075855872,
    144115188075855872,
    144115188075855872,
    144115188075855872,
    144115188075855872,
    144115188075855872,
    144115188075855872,
    288230376151711744,
    144115188075855872,
    288230376151711744
  ],
  "depth": 54,
  "volume": 2.7755575615628914e-17,
  "lp_val": 0.9999999999999999,
  "iters_survived": 6,
  "K": 0,
  "wall_s": 154.8960461616516,
  "verdict": "feas",
  "lambda_star": -5.249790043278181e-06,
  "status": "solsta.optimal",
  "peak_rss_kb": 7197576,
  "peak_rss_gb": 6.86,
  "threads": 4,
  "error": null
}