{
  "worker_id": 5,
  "hash": "3aee9f29f93cdfad",
  "src": "split(15d4e341ea7c9e0f)",
  "lo_int": [
    0,
    0,
    0,
    0,
    0,
    0,
    0,
    0,
    0,
    0,
    0,
    0,
    144115188075855872,
    0,
    0,
    0,
    144115188075855872,
    0,
    0,
    0,
    144115188075855872,
    144115188075855872
  ],
  "hi_int": [
    288230376151711744,
    288230376151711744,
    288230376151711744,
    288230376151711744,
    288230376151711744,
    288230376151711744,
    288230376151711744,
    288230376151711744,
    288230376151711744,
    288230376151711744,
    288230376151711744,
    144115188075855872,
    288230376151711744,
    144115188075855872,
    144115188075855872,
    144115188075855872,
    288230376151711744,
    144115188075855872,
    144115188075855872,
    144115188075855872,
    288230376151711744,
    288230376151711744
  ],
  "depth": 54,
  "volume": 2.7755575615628914e-17,
  "lp_val": 1.2108756672188479,
  "iters_survived": 6,
  "K": 0,
  "wall_s": 150.3111982345581,
  "verdict": "feas",
  "lambda_star": -4.26945122524922e-06,
  "status": "solsta.optimal",
  "peak_rss_kb": 7181456,
  "peak_rss_gb": 6.85,
  "threads": 4,
  "error": null
}