{
  "worker_id": 34,
  "hash": "3b2cccab9dbd6633",
  "src": "split(e82d7abfe44e73f9)",
  "lo_int": [
    0,
    0,
    0,
    0,
    0,
    0,
    0,
    0,
    0,
    0,
    0,
    0,
    144115188075855872,
    144115188075855872,
    0,
    0,
    0,
    0,
    0,
    144115188075855872,
    0,
    144115188075855872
  ],
  "hi_int": [
    288230376151711744,
    288230376151711744,
    288230376151711744,
    288230376151711744,
    288230376151711744,
    288230376151711744,
    288230376151711744,
    288230376151711744,
    288230376151711744,
    288230376151711744,
    288230376151711744,
    144115188075855872,
    288230376151711744,
    288230376151711744,
    144115188075855872,
    144115188075855872,
    144115188075855872,
    144115188075855872,
    144115188075855872,
    288230376151711744,
    144115188075855872,
    288230376151711744
  ],
  "depth": 54,
  "volume": 2.7755575615628914e-17,
  "lp_val": 1.2576236904885387,
  "iters_survived": 6,
  "K": 0,
  "wall_s": 249.71180057525635,
  "verdict": "infeas",
  "lambda_star": 0.9999911802429623,
  "status": "solsta.optimal",
  "peak_rss_kb": 7176104,
  "peak_rss_gb": 6.84,
  "threads": 4,
  "error": null
}