{
  "worker_id": 20,
  "hash": "3c5abb74e903fa39",
  "src": "split(ad4d8f586b6dbd0b)",
  "lo_int": [
    0,
    0,
    0,
    0,
    0,
    0,
    0,
    0,
    0,
    0,
    0,
    0,
    144115188075855872,
    0,
    0,
    0,
    144115188075855872,
    0,
    144115188075855872,
    144115188075855872,
    0,
    0
  ],
  "hi_int": [
    288230376151711744,
    288230376151711744,
    288230376151711744,
    288230376151711744,
    288230376151711744,
    288230376151711744,
    288230376151711744,
    288230376151711744,
    288230376151711744,
    288230376151711744,
    288230376151711744,
    144115188075855872,
    288230376151711744,
    144115188075855872,
    144115188075855872,
    144115188075855872,
    288230376151711744,
    144115188075855872,
    288230376151711744,
    288230376151711744,
    144115188075855872,
    144115188075855872
  ],
  "depth": 54,
  "volume": 2.7755575615628914e-17,
  "lp_val": 1.2699920031987204,
  "iters_survived": 6,
  "K": 0,
  "wall_s": 244.29264616966248,
  "verdict": "infeas",
  "lambda_star": 0.9999999991411709,
  "status": "solsta.optimal",
  "peak_rss_kb": 7161788,
  "peak_rss_gb": 6.83,
  "threads": 4,
  "error": null
}