{
  "worker_id": 22,
  "hash": "3c7bf8db081c587e",
  "src": "split(ad4d8f586b6dbd0b)",
  "lo_int": [
    0,
    0,
    0,
    0,
    0,
    0,
    0,
    0,
    0,
    0,
    0,
    0,
    144115188075855872,
    0,
    144115188075855872,
    0,
    0,
    0,
    0,
    144115188075855872,
    0,
    0
  ],
  "hi_int": [
    288230376151711744,
    288230376151711744,
    288230376151711744,
    288230376151711744,
    288230376151711744,
    288230376151711744,
    288230376151711744,
    288230376151711744,
    288230376151711744,
    288230376151711744,
    288230376151711744,
    144115188075855872,
    288230376151711744,
    144115188075855872,
    288230376151711744,
    144115188075855872,
    144115188075855872,
    144115188075855872,
    144115188075855872,
    288230376151711744,
    144115188075855872,
    144115188075855872
  ],
  "depth": 54,
  "volume": 2.7755575615628914e-17,
  "lp_val": 1.0635081846846566,
  "iters_survived": 6,
  "K": 0,
  "wall_s": 142.64754843711853,
  "verdict": "feas",
  "lambda_star": -7.0247031341070976e-06,
  "status": "solsta.optimal",
  "peak_rss_kb": 7189792,
  "peak_rss_gb": 6.86,
  "threads": 4,
  "error": null
}