{
  "worker_id": 10,
  "hash": "3f1557f0ab5e4182",
  "src": "split(ad4d8f586b6dbd0b)",
  "lo_int": [
    0,
    0,
    0,
    0,
    0,
    0,
    0,
    0,
    0,
    0,
    0,
    0,
    0,
    144115188075855872,
    144115188075855872,
    0,
    0,
    0,
    144115188075855872,
    0,
    0,
    0
  ],
  "hi_int": [
    288230376151711744,
    288230376151711744,
    288230376151711744,
    288230376151711744,
    288230376151711744,
    288230376151711744,
    288230376151711744,
    288230376151711744,
    288230376151711744,
    288230376151711744,
    288230376151711744,
    144115188075855872,
    144115188075855872,
    288230376151711744,
    288230376151711744,
    144115188075855872,
    144115188075855872,
    144115188075855872,
    288230376151711744,
    144115188075855872,
    144115188075855872,
    144115188075855872
  ],
  "depth": 54,
  "volume": 2.7755575615628914e-17,
  "lp_val": 1.1217616077938601,
  "iters_survived": 6,
  "K": 0,
  "wall_s": 143.16012835502625,
  "verdict": "feas",
  "lambda_star": -5.678502195447128e-06,
  "status": "solsta.optimal",
  "peak_rss_kb": 7155232,
  "peak_rss_gb": 6.82,
  "threads": 4,
  "error": null
}