{
  "worker_id": 11,
  "hash": "4815c8b0f97fb45d",
  "src": "split(12fcabc1c81348e3)",
  "lo_int": [
    0,
    0,
    0,
    0,
    0,
    0,
    0,
    0,
    0,
    0,
    0,
    0,
    0,
    0,
    0,
    144115188075855872,
    0,
    0,
    0,
    0,
    144115188075855872,
    0
  ],
  "hi_int": [
    288230376151711744,
    288230376151711744,
    288230376151711744,
    288230376151711744,
    288230376151711744,
    288230376151711744,
    288230376151711744,
    288230376151711744,
    288230376151711744,
    288230376151711744,
    288230376151711744,
    144115188075855872,
    144115188075855872,
    144115188075855872,
    144115188075855872,
    288230376151711744,
    144115188075855872,
    144115188075855872,
    144115188075855872,
    144115188075855872,
    288230376151711744,
    144115188075855872
  ],
  "depth": 54,
  "volume": 2.7755575615628914e-17,
  "lp_val": 1.011594489023894,
  "iters_survived": 6,
  "K": 0,
  "wall_s": 152.4565544128418,
  "verdict": "feas",
  "lambda_star": -6.637996788742888e-06,
  "status": "solsta.optimal",
  "peak_rss_kb": 7172092,
  "peak_rss_gb": 6.84,
  "threads": 4,
  "error": null
}