{
  "worker_id": 5,
  "hash": "48cea5416f4059b9",
  "src": "split(e82d7abfe44e73f9)",
  "lo_int": [
    0,
    0,
    0,
    0,
    0,
    0,
    0,
    0,
    0,
    0,
    0,
    0,
    144115188075855872,
    0,
    144115188075855872,
    0,
    144115188075855872,
    0,
    0,
    0,
    0,
    144115188075855872
  ],
  "hi_int": [
    288230376151711744,
    288230376151711744,
    288230376151711744,
    288230376151711744,
    288230376151711744,
    288230376151711744,
    288230376151711744,
    288230376151711744,
    288230376151711744,
    288230376151711744,
    288230376151711744,
    144115188075855872,
    288230376151711744,
    144115188075855872,
    288230376151711744,
    144115188075855872,
    288230376151711744,
    144115188075855872,
    144115188075855872,
    144115188075855872,
    144115188075855872,
    288230376151711744
  ],
  "depth": 54,
  "volume": 2.7755575615628914e-17,
  "lp_val": 1.1708984375,
  "iters_survived": 6,
  "K": 0,
  "wall_s": 149.75295329093933,
  "verdict": "feas",
  "lambda_star": -1.0788043259628875e-05,
  "status": "solsta.optimal",
  "peak_rss_kb": 7180348,
  "peak_rss_gb": 6.85,
  "threads": 4,
  "error": null
}