{
  "worker_id": 21,
  "hash": "4e246628b8db2657",
  "src": "split(ad4d8f586b6dbd0b)",
  "lo_int": [
    0,
    0,
    0,
    0,
    0,
    0,
    0,
    0,
    0,
    0,
    0,
    0,
    144115188075855872,
    144115188075855872,
    0,
    0,
    0,
    144115188075855872,
    0,
    144115188075855872,
    0,
    0
  ],
  "hi_int": [
    288230376151711744,
    288230376151711744,
    288230376151711744,
    288230376151711744,
    288230376151711744,
    288230376151711744,
    288230376151711744,
    288230376151711744,
    288230376151711744,
    288230376151711744,
    288230376151711744,
    144115188075855872,
    288230376151711744,
    288230376151711744,
    144115188075855872,
    144115188075855872,
    144115188075855872,
    288230376151711744,
    144115188075855872,
    288230376151711744,
    144115188075855872,
    144115188075855872
  ],
  "depth": 54,
  "volume": 2.7755575615628914e-17,
  "lp_val": 1.2598129610115911,
  "iters_survived": 6,
  "K": 0,
  "wall_s": 173.56232380867004,
  "verdict": "feas",
  "lambda_star": -1.0930728912392993e-05,
  "status": "solsta.optimal",
  "peak_rss_kb": 7171240,
  "peak_rss_gb": 6.84,
  "threads": 4,
  "error": null
}