{
  "worker_id": 9,
  "hash": "4e8581fea457c1a2",
  "src": "split(e82d7abfe44e73f9)",
  "lo_int": [
    0,
    0,
    0,
    0,
    0,
    0,
    0,
    0,
    0,
    0,
    0,
    0,
    0,
    0,
    0,
    144115188075855872,
    0,
    0,
    144115188075855872,
    144115188075855872,
    0,
    144115188075855872
  ],
  "hi_int": [
    288230376151711744,
    288230376151711744,
    288230376151711744,
    288230376151711744,
    288230376151711744,
    288230376151711744,
    288230376151711744,
    288230376151711744,
    288230376151711744,
    288230376151711744,
    288230376151711744,
    144115188075855872,
    144115188075855872,
    144115188075855872,
    144115188075855872,
    288230376151711744,
    144115188075855872,
    144115188075855872,
    288230376151711744,
    288230376151711744,
    144115188075855872,
    288230376151711744
  ],
  "depth": 54,
  "volume": 2.7755575615628914e-17,
  "lp_val": 1.24676513671875,
  "iters_survived": 6,
  "K": 0,
  "wall_s": 218.4131019115448,
  "verdict": "infeas",
  "lambda_star": 0.9999978090335351,
  "status": "solsta.optimal",
  "peak_rss_kb": 7219268,
  "peak_rss_gb": 6.88,
  "threads": 4,
  "error": null
}