{
  "worker_id": 20,
  "hash": "4ea1f413155deca2",
  "src": "split(12fcabc1c81348e3)",
  "lo_int": [
    0,
    0,
    0,
    0,
    0,
    0,
    0,
    0,
    0,
    0,
    0,
    0,
    0,
    0,
    0,
    0,
    144115188075855872,
    0,
    144115188075855872,
    0,
    144115188075855872,
    0
  ],
  "hi_int": [
    288230376151711744,
    288230376151711744,
    288230376151711744,
    288230376151711744,
    288230376151711744,
    288230376151711744,
    288230376151711744,
    288230376151711744,
    288230376151711744,
    288230376151711744,
    288230376151711744,
    144115188075855872,
    144115188075855872,
    144115188075855872,
    144115188075855872,
    144115188075855872,
    288230376151711744,
    144115188075855872,
    288230376151711744,
    144115188075855872,
    288230376151711744,
    144115188075855872
  ],
  "depth": 54,
  "volume": 2.7755575615628914e-17,
  "lp_val": 1.1268957541714855,
  "iters_survived": 6,
  "K": 0,
  "wall_s": 153.14630961418152,
  "verdict": "feas",
  "lambda_star": -7.029652685218881e-06,
  "status": "solsta.optimal",
  "peak_rss_kb": 7166200,
  "peak_rss_gb": 6.83,
  "threads": 4,
  "error": null
}