{
  "worker_id": 39,
  "hash": "4fbd2034ac35fb80",
  "src": "split(12fcabc1c81348e3)",
  "lo_int": [
    0,
    0,
    0,
    0,
    0,
    0,
    0,
    0,
    0,
    0,
    0,
    144115188075855872,
    0,
    0,
    144115188075855872,
    0,
    0,
    0,
    0,
    0,
    144115188075855872,
    0
  ],
  "hi_int": [
    288230376151711744,
    288230376151711744,
    288230376151711744,
    288230376151711744,
    288230376151711744,
    288230376151711744,
    288230376151711744,
    288230376151711744,
    288230376151711744,
    288230376151711744,
    288230376151711744,
    288230376151711744,
    144115188075855872,
    144115188075855872,
    288230376151711744,
    144115188075855872,
    144115188075855872,
    144115188075855872,
    144115188075855872,
    144115188075855872,
    288230376151711744,
    144115188075855872
  ],
  "depth": 54,
  "volume": 2.7755575615628914e-17,
  "lp_val": 1.0183859841655558,
  "iters_survived": 6,
  "K": 0,
  "wall_s": 136.54250168800354,
  "verdict": "feas",
  "lambda_star": -4.978776858087883e-06,
  "status": "solsta.optimal",
  "peak_rss_kb": 7156708,
  "peak_rss_gb": 6.83,
  "threads": 4,
  "error": null
}