{
  "worker_id": 7,
  "hash": "4fc7ed2293c9b027",
  "src": "split(12fcabc1c81348e3)",
  "lo_int": [
    0,
    0,
    0,
    0,
    0,
    0,
    0,
    0,
    0,
    0,
    0,
    0,
    0,
    144115188075855872,
    0,
    0,
    0,
    144115188075855872,
    144115188075855872,
    0,
    144115188075855872,
    0
  ],
  "hi_int": [
    288230376151711744,
    288230376151711744,
    288230376151711744,
    288230376151711744,
    288230376151711744,
    288230376151711744,
    288230376151711744,
    288230376151711744,
    288230376151711744,
    288230376151711744,
    288230376151711744,
    144115188075855872,
    144115188075855872,
    288230376151711744,
    144115188075855872,
    144115188075855872,
    144115188075855872,
    288230376151711744,
    288230376151711744,
    144115188075855872,
    288230376151711744,
    144115188075855872
  ],
  "depth": 54,
  "volume": 2.7755575615628914e-17,
  "lp_val": 1.2747323677581865,
  "iters_survived": 6,
  "K": 0,
  "wall_s": 240.88873434066772,
  "verdict": "infeas",
  "lambda_star": 0.9999999993541074,
  "status": "solsta.optimal",
  "peak_rss_kb": 7171792,
  "peak_rss_gb": 6.84,
  "threads": 4,
  "error": null
}