{
  "worker_id": 31,
  "hash": "56e47c20f39c78bd",
  "src": "split(12fcabc1c81348e3)",
  "lo_int": [
    0,
    0,
    0,
    0,
    0,
    0,
    0,
    0,
    0,
    0,
    0,
    0,
    0,
    0,
    0,
    0,
    0,
    0,
    0,
    144115188075855872,
    144115188075855872,
    0
  ],
  "hi_int": [
    288230376151711744,
    288230376151711744,
    288230376151711744,
    288230376151711744,
    288230376151711744,
    288230376151711744,
    288230376151711744,
    288230376151711744,
    288230376151711744,
    288230376151711744,
    288230376151711744,
    144115188075855872,
    144115188075855872,
    144115188075855872,
    144115188075855872,
    144115188075855872,
    144115188075855872,
    144115188075855872,
    144115188075855872,
    288230376151711744,
    288230376151711744,
    144115188075855872
  ],
  "depth": 54,
  "volume": 2.7755575615628914e-17,
  "lp_val": 1.0293994931388306,
  "iters_survived": 6,
  "K": 0,
  "wall_s": 152.17275977134705,
  "verdict": "feas",
  "lambda_star": -6.080976633114804e-06,
  "status": "solsta.optimal",
  "peak_rss_kb": 7229868,
  "peak_rss_gb": 6.89,
  "threads": 4,
  "error": null
}