{
  "worker_id": 44,
  "hash": "56e6b00f1b61f753",
  "src": "split(12fcabc1c81348e3)",
  "lo_int": [
    0,
    0,
    0,
    0,
    0,
    0,
    0,
    0,
    0,
    0,
    0,
    0,
    0,
    0,
    0,
    0,
    144115188075855872,
    144115188075855872,
    0,
    0,
    144115188075855872,
    0
  ],
  "hi_int": [
    288230376151711744,
    288230376151711744,
    288230376151711744,
    288230376151711744,
    288230376151711744,
    288230376151711744,
    288230376151711744,
    288230376151711744,
    288230376151711744,
    288230376151711744,
    288230376151711744,
    144115188075855872,
    144115188075855872,
    144115188075855872,
    144115188075855872,
    144115188075855872,
    288230376151711744,
    288230376151711744,
    144115188075855872,
    144115188075855872,
    288230376151711744,
    144115188075855872
  ],
  "depth": 54,
  "volume": 2.7755575615628914e-17,
  "lp_val": 1.160400628080645,
  "iters_survived": 6,
  "K": 0,
  "wall_s": 176.48228454589844,
  "verdict": "feas",
  "lambda_star": -6.599039678406763e-06,
  "status": "solsta.optimal",
  "peak_rss_kb": 7169832,
  "peak_rss_gb": 6.84,
  "threads": 4,
  "error": null
}