{
  "worker_id": 16,
  "hash": "58282fb4357efe98",
  "src": "split(e82d7abfe44e73f9)",
  "lo_int": [
    0,
    0,
    0,
    0,
    0,
    0,
    0,
    0,
    0,
    0,
    0,
    0,
    0,
    0,
    0,
    144115188075855872,
    0,
    0,
    144115188075855872,
    0,
    0,
    144115188075855872
  ],
  "hi_int": [
    288230376151711744,
    288230376151711744,
    288230376151711744,
    288230376151711744,
    288230376151711744,
    288230376151711744,
    288230376151711744,
    288230376151711744,
    288230376151711744,
    288230376151711744,
    288230376151711744,
    144115188075855872,
    144115188075855872,
    144115188075855872,
    144115188075855872,
    288230376151711744,
    144115188075855872,
    144115188075855872,
    288230376151711744,
    144115188075855872,
    144115188075855872,
    288230376151711744
  ],
  "depth": 54,
  "volume": 2.7755575615628914e-17,
  "lp_val": 1.0913184438040342,
  "iters_survived": 6,
  "K": 0,
  "wall_s": 157.68015313148499,
  "verdict": "feas",
  "lambda_star": -6.648747794704065e-06,
  "status": "solsta.optimal",
  "peak_rss_kb": 7185000,
  "peak_rss_gb": 6.85,
  "threads": 4,
  "error": null
}