{
  "worker_id": 20,
  "hash": "6203d881754c9c98",
  "src": "split(ad4d8f586b6dbd0b)",
  "lo_int": [
    0,
    0,
    0,
    0,
    0,
    0,
    0,
    0,
    0,
    0,
    0,
    144115188075855872,
    0,
    0,
    0,
    0,
    144115188075855872,
    144115188075855872,
    0,
    0,
    0,
    0
  ],
  "hi_int": [
    288230376151711744,
    288230376151711744,
    288230376151711744,
    288230376151711744,
    288230376151711744,
    288230376151711744,
    288230376151711744,
    288230376151711744,
    288230376151711744,
    288230376151711744,
    288230376151711744,
    288230376151711744,
    144115188075855872,
    144115188075855872,
    144115188075855872,
    144115188075855872,
    288230376151711744,
    288230376151711744,
    144115188075855872,
    144115188075855872,
    144115188075855872,
    144115188075855872
  ],
  "depth": 54,
  "volume": 2.7755575615628914e-17,
  "lp_val": 1.1135332183733795,
  "iters_survived": 6,
  "K": 0,
  "wall_s": 152.347238779068,
  "verdict": "feas",
  "lambda_star": -6.7072434532537904e-06,
  "status": "solsta.optimal",
  "peak_rss_kb": 7141272,
  "peak_rss_gb": 6.81,
  "threads": 4,
  "error": null
}