{
  "worker_id": 1,
  "hash": "63616f033ea7397c",
  "src": "split(ad4d8f586b6dbd0b)",
  "lo_int": [
    0,
    0,
    0,
    0,
    0,
    0,
    0,
    0,
    0,
    0,
    0,
    0,
    0,
    144115188075855872,
    0,
    0,
    0,
    0,
    0,
    0,
    0,
    0
  ],
  "hi_int": [
    288230376151711744,
    288230376151711744,
    288230376151711744,
    288230376151711744,
    288230376151711744,
    288230376151711744,
    288230376151711744,
    288230376151711744,
    288230376151711744,
    288230376151711744,
    288230376151711744,
    144115188075855872,
    144115188075855872,
    288230376151711744,
    144115188075855872,
    144115188075855872,
    144115188075855872,
    144115188075855872,
    144115188075855872,
    144115188075855872,
    144115188075855872,
    144115188075855872
  ],
  "depth": 54,
  "volume": 2.7755575615628914e-17,
  "lp_val": 1.0072674418604652,
  "iters_survived": 6,
  "K": 0,
  "wall_s": 143.0402319431305,
  "verdict": "feas",
  "lambda_star": -9.575635215684256e-06,
  "status": "solsta.optimal",
  "peak_rss_kb": 4788584,
  "peak_rss_gb": 4.57,
  "threads": 4,
  "error": null
}