{
  "worker_id": 15,
  "hash": "64b5963ea46349b5",
  "src": "split(e82d7abfe44e73f9)",
  "lo_int": [
    0,
    0,
    0,
    0,
    0,
    0,
    0,
    0,
    0,
    0,
    0,
    0,
    0,
    0,
    0,
    144115188075855872,
    144115188075855872,
    0,
    0,
    144115188075855872,
    0,
    144115188075855872
  ],
  "hi_int": [
    288230376151711744,
    288230376151711744,
    288230376151711744,
    288230376151711744,
    288230376151711744,
    288230376151711744,
    288230376151711744,
    288230376151711744,
    288230376151711744,
    288230376151711744,
    288230376151711744,
    144115188075855872,
    144115188075855872,
    144115188075855872,
    144115188075855872,
    288230376151711744,
    288230376151711744,
    144115188075855872,
    144115188075855872,
    288230376151711744,
    144115188075855872,
    288230376151711744
  ],
  "depth": 54,
  "volume": 2.7755575615628914e-17,
  "lp_val": 1.2431506849315068,
  "iters_survived": 6,
  "K": 0,
  "wall_s": 170.50596237182617,
  "verdict": "feas",
  "lambda_star": -1.036209511714312e-05,
  "status": "solsta.optimal",
  "peak_rss_kb": 7182292,
  "peak_rss_gb": 6.85,
  "threads": 4,
  "error": null
}