{
  "worker_id": 27,
  "hash": "6b3171775b95c7b8",
  "src": "split(e82d7abfe44e73f9)",
  "lo_int": [
    0,
    0,
    0,
    0,
    0,
    0,
    0,
    0,
    0,
    0,
    0,
    144115188075855872,
    0,
    144115188075855872,
    144115188075855872,
    0,
    0,
    0,
    0,
    0,
    0,
    144115188075855872
  ],
  "hi_int": [
    288230376151711744,
    288230376151711744,
    288230376151711744,
    288230376151711744,
    288230376151711744,
    288230376151711744,
    288230376151711744,
    288230376151711744,
    288230376151711744,
    288230376151711744,
    288230376151711744,
    288230376151711744,
    144115188075855872,
    288230376151711744,
    288230376151711744,
    144115188075855872,
    144115188075855872,
    144115188075855872,
    144115188075855872,
    144115188075855872,
    144115188075855872,
    288230376151711744
  ],
  "depth": 54,
  "volume": 2.7755575615628914e-17,
  "lp_val": 1.2208135756937126,
  "iters_survived": 6,
  "K": 0,
  "wall_s": 154.68595719337463,
  "verdict": "feas",
  "lambda_star": -5.370542825571025e-06,
  "status": "solsta.optimal",
  "peak_rss_kb": 7224692,
  "peak_rss_gb": 6.89,
  "threads": 4,
  "error": null
}