{
  "worker_id": 13,
  "hash": "6c64134820ffb4f0",
  "src": "split(12fcabc1c81348e3)",
  "lo_int": [
    0,
    0,
    0,
    0,
    0,
    0,
    0,
    0,
    0,
    0,
    0,
    0,
    144115188075855872,
    0,
    0,
    0,
    0,
    0,
    0,
    144115188075855872,
    144115188075855872,
    0
  ],
  "hi_int": [
    288230376151711744,
    288230376151711744,
    288230376151711744,
    288230376151711744,
    288230376151711744,
    288230376151711744,
    288230376151711744,
    288230376151711744,
    288230376151711744,
    288230376151711744,
    288230376151711744,
    144115188075855872,
    288230376151711744,
    144115188075855872,
    144115188075855872,
    144115188075855872,
    144115188075855872,
    144115188075855872,
    144115188075855872,
    288230376151711744,
    288230376151711744,
    144115188075855872
  ],
  "depth": 54,
  "volume": 2.7755575615628914e-17,
  "lp_val": 1.1028721871475466,
  "iters_survived": 6,
  "K": 0,
  "wall_s": 143.94113636016846,
  "verdict": "feas",
  "lambda_star": -7.084981381741974e-06,
  "status": "solsta.optimal",
  "peak_rss_kb": 7245148,
  "peak_rss_gb": 6.91,
  "threads": 4,
  "error": null
}