{
  "worker_id": 6,
  "hash": "6c7980e599a1e86e",
  "src": "split(12fcabc1c81348e3)",
  "lo_int": [
    0,
    0,
    0,
    0,
    0,
    0,
    0,
    0,
    0,
    0,
    0,
    0,
    0,
    0,
    144115188075855872,
    0,
    0,
    144115188075855872,
    0,
    0,
    144115188075855872,
    0
  ],
  "hi_int": [
    288230376151711744,
    288230376151711744,
    288230376151711744,
    288230376151711744,
    288230376151711744,
    288230376151711744,
    288230376151711744,
    288230376151711744,
    288230376151711744,
    288230376151711744,
    288230376151711744,
    144115188075855872,
    144115188075855872,
    144115188075855872,
    288230376151711744,
    144115188075855872,
    144115188075855872,
    288230376151711744,
    144115188075855872,
    144115188075855872,
    288230376151711744,
    144115188075855872
  ],
  "depth": 54,
  "volume": 2.7755575615628914e-17,
  "lp_val": 1.085726160955816,
  "iters_survived": 6,
  "K": 0,
  "wall_s": 158.97545981407166,
  "verdict": "feas",
  "lambda_star": -5.3098596292680035e-06,
  "status": "solsta.optimal",
  "peak_rss_kb": 7166160,
  "peak_rss_gb": 6.83,
  "threads": 4,
  "error": null
}