{
  "worker_id": 22,
  "hash": "6e53ad18db7dbd69",
  "src": "split(12fcabc1c81348e3)",
  "lo_int": [
    0,
    0,
    0,
    0,
    0,
    0,
    0,
    0,
    0,
    0,
    0,
    0,
    0,
    144115188075855872,
    0,
    144115188075855872,
    0,
    0,
    0,
    144115188075855872,
    144115188075855872,
    0
  ],
  "hi_int": [
    288230376151711744,
    288230376151711744,
    288230376151711744,
    288230376151711744,
    288230376151711744,
    288230376151711744,
    288230376151711744,
    288230376151711744,
    288230376151711744,
    288230376151711744,
    288230376151711744,
    144115188075855872,
    144115188075855872,
    288230376151711744,
    144115188075855872,
    288230376151711744,
    144115188075855872,
    144115188075855872,
    144115188075855872,
    288230376151711744,
    288230376151711744,
    144115188075855872
  ],
  "depth": 54,
  "volume": 2.7755575615628914e-17,
  "lp_val": 1.2508812101773712,
  "iters_survived": 6,
  "K": 0,
  "wall_s": 284.72863364219666,
  "verdict": "infeas",
  "lambda_star": 0.9999999999951659,
  "status": "solsta.optimal",
  "peak_rss_kb": 7195336,
  "peak_rss_gb": 6.86,
  "threads": 4,
  "error": null
}