{
  "worker_id": 47,
  "hash": "701fcbdc4661ab10",
  "src": "split(ad4d8f586b6dbd0b)",
  "lo_int": [
    0,
    0,
    0,
    0,
    0,
    0,
    0,
    0,
    0,
    0,
    0,
    0,
    144115188075855872,
    0,
    0,
    0,
    144115188075855872,
    144115188075855872,
    0,
    0,
    0,
    0
  ],
  "hi_int": [
    288230376151711744,
    288230376151711744,
    288230376151711744,
    288230376151711744,
    288230376151711744,
    288230376151711744,
    288230376151711744,
    288230376151711744,
    288230376151711744,
    288230376151711744,
    288230376151711744,
    144115188075855872,
    288230376151711744,
    144115188075855872,
    144115188075855872,
    144115188075855872,
    288230376151711744,
    288230376151711744,
    144115188075855872,
    144115188075855872,
    144115188075855872,
    144115188075855872
  ],
  "depth": 54,
  "volume": 2.7755575615628914e-17,
  "lp_val": 1.1243739421182604,
  "iters_survived": 6,
  "K": 0,
  "wall_s": 142.22116088867188,
  "verdict": "feas",
  "lambda_star": -5.203108266274406e-06,
  "status": "solsta.optimal",
  "peak_rss_kb": 7104948,
  "peak_rss_gb": 6.78,
  "threads": 4,
  "error": null
}