{
  "worker_id": 34,
  "hash": "70f4b2dad5ce21b7",
  "src": "split(12fcabc1c81348e3)",
  "lo_int": [
    0,
    0,
    0,
    0,
    0,
    0,
    0,
    0,
    0,
    0,
    0,
    0,
    144115188075855872,
    0,
    0,
    0,
    0,
    144115188075855872,
    0,
    144115188075855872,
    144115188075855872,
    0
  ],
  "hi_int": [
    288230376151711744,
    288230376151711744,
    288230376151711744,
    288230376151711744,
    288230376151711744,
    288230376151711744,
    288230376151711744,
    288230376151711744,
    288230376151711744,
    288230376151711744,
    288230376151711744,
    144115188075855872,
    288230376151711744,
    144115188075855872,
    144115188075855872,
    144115188075855872,
    144115188075855872,
    288230376151711744,
    144115188075855872,
    288230376151711744,
    288230376151711744,
    144115188075855872
  ],
  "depth": 54,
  "volume": 2.7755575615628914e-17,
  "lp_val": 1.23655303030303,
  "iters_survived": 6,
  "K": 0,
  "wall_s": 181.42886543273926,
  "verdict": "feas",
  "lambda_star": -2.9541269073029457e-06,
  "status": "solsta.optimal",
  "peak_rss_kb": 7175044,
  "peak_rss_gb": 6.84,
  "threads": 4,
  "error": null
}