{
  "worker_id": 40,
  "hash": "745975b77f98005a",
  "src": "split(12fcabc1c81348e3)",
  "lo_int": [
    0,
    0,
    0,
    0,
    0,
    0,
    0,
    0,
    0,
    0,
    0,
    0,
    0,
    0,
    144115188075855872,
    0,
    0,
    0,
    0,
    144115188075855872,
    144115188075855872,
    0
  ],
  "hi_int": [
    288230376151711744,
    288230376151711744,
    288230376151711744,
    288230376151711744,
    288230376151711744,
    288230376151711744,
    288230376151711744,
    288230376151711744,
    288230376151711744,
    288230376151711744,
    288230376151711744,
    144115188075855872,
    144115188075855872,
    144115188075855872,
    288230376151711744,
    144115188075855872,
    144115188075855872,
    144115188075855872,
    144115188075855872,
    288230376151711744,
    288230376151711744,
    144115188075855872
  ],
  "depth": 54,
  "volume": 2.7755575615628914e-17,
  "lp_val": 1.1330620520940218,
  "iters_survived": 6,
  "K": 0,
  "wall_s": 139.17098951339722,
  "verdict": "feas",
  "lambda_star": -1.2938822128194795e-05,
  "status": "solsta.optimal",
  "peak_rss_kb": 7184604,
  "peak_rss_gb": 6.85,
  "threads": 4,
  "error": null
}