{
  "worker_id": 16,
  "hash": "74d51a8ac3104320",
  "src": "split(ad4d8f586b6dbd0b)",
  "lo_int": [
    0,
    0,
    0,
    0,
    0,
    0,
    0,
    0,
    0,
    0,
    0,
    0,
    0,
    0,
    0,
    0,
    144115188075855872,
    144115188075855872,
    0,
    144115188075855872,
    0,
    0
  ],
  "hi_int": [
    288230376151711744,
    288230376151711744,
    288230376151711744,
    288230376151711744,
    288230376151711744,
    288230376151711744,
    288230376151711744,
    288230376151711744,
    288230376151711744,
    288230376151711744,
    288230376151711744,
    144115188075855872,
    144115188075855872,
    144115188075855872,
    144115188075855872,
    144115188075855872,
    288230376151711744,
    288230376151711744,
    144115188075855872,
    288230376151711744,
    144115188075855872,
    144115188075855872
  ],
  "depth": 54,
  "volume": 2.7755575615628914e-17,
  "lp_val": 1.1765333357764098,
  "iters_survived": 6,
  "K": 0,
  "wall_s": 152.9937605857849,
  "verdict": "feas",
  "lambda_star": -3.760845759282653e-06,
  "status": "solsta.optimal",
  "peak_rss_kb": 7184440,
  "peak_rss_gb": 6.85,
  "threads": 4,
  "error": null
}