{
  "worker_id": 8,
  "hash": "754efd6189969050",
  "src": "split(ad4d8f586b6dbd0b)",
  "lo_int": [
    0,
    0,
    0,
    0,
    0,
    0,
    0,
    0,
    0,
    0,
    0,
    144115188075855872,
    0,
    0,
    0,
    144115188075855872,
    144115188075855872,
    0,
    0,
    144115188075855872,
    0,
    0
  ],
  "hi_int": [
    288230376151711744,
    288230376151711744,
    288230376151711744,
    288230376151711744,
    288230376151711744,
    288230376151711744,
    288230376151711744,
    288230376151711744,
    288230376151711744,
    288230376151711744,
    288230376151711744,
    288230376151711744,
    144115188075855872,
    144115188075855872,
    144115188075855872,
    288230376151711744,
    288230376151711744,
    144115188075855872,
    144115188075855872,
    288230376151711744,
    144115188075855872,
    144115188075855872
  ],
  "depth": 54,
  "volume": 2.7755575615628914e-17,
  "lp_val": 1.262731481481481,
  "iters_survived": 6,
  "K": 0,
  "wall_s": 269.8741989135742,
  "verdict": "infeas",
  "lambda_star": 0.9999999999990768,
  "status": "solsta.optimal",
  "peak_rss_kb": 7164672,
  "peak_rss_gb": 6.83,
  "threads": 4,
  "error": null
}