{
  "worker_id": 37,
  "hash": "75e9930f6579214c",
  "src": "split(ad4d8f586b6dbd0b)",
  "lo_int": [
    0,
    0,
    0,
    0,
    0,
    0,
    0,
    0,
    0,
    0,
    0,
    0,
    0,
    0,
    0,
    0,
    144115188075855872,
    0,
    144115188075855872,
    144115188075855872,
    0,
    0
  ],
  "hi_int": [
    288230376151711744,
    288230376151711744,
    288230376151711744,
    288230376151711744,
    288230376151711744,
    288230376151711744,
    288230376151711744,
    288230376151711744,
    288230376151711744,
    288230376151711744,
    288230376151711744,
    144115188075855872,
    144115188075855872,
    144115188075855872,
    144115188075855872,
    144115188075855872,
    288230376151711744,
    144115188075855872,
    288230376151711744,
    288230376151711744,
    144115188075855872,
    144115188075855872
  ],
  "depth": 54,
  "volume": 2.7755575615628914e-17,
  "lp_val": 1.1627116427817228,
  "iters_survived": 6,
  "K": 0,
  "wall_s": 178.69457483291626,
  "verdict": "feas",
  "lambda_star": -6.699740246544193e-06,
  "status": "solsta.optimal",
  "peak_rss_kb": 7170128,
  "peak_rss_gb": 6.84,
  "threads": 4,
  "error": null
}