{
  "worker_id": 8,
  "hash": "763c49bb12b69131",
  "src": "split(12fcabc1c81348e3)",
  "lo_int": [
    0,
    0,
    0,
    0,
    0,
    0,
    0,
    0,
    0,
    0,
    0,
    0,
    144115188075855872,
    0,
    144115188075855872,
    0,
    144115188075855872,
    0,
    0,
    0,
    144115188075855872,
    0
  ],
  "hi_int": [
    288230376151711744,
    288230376151711744,
    288230376151711744,
    288230376151711744,
    288230376151711744,
    288230376151711744,
    288230376151711744,
    288230376151711744,
    288230376151711744,
    288230376151711744,
    288230376151711744,
    144115188075855872,
    288230376151711744,
    144115188075855872,
    288230376151711744,
    144115188075855872,
    288230376151711744,
    144115188075855872,
    144115188075855872,
    144115188075855872,
    288230376151711744,
    144115188075855872
  ],
  "depth": 54,
  "volume": 2.7755575615628914e-17,
  "lp_val": 1.2073170731707317,
  "iters_survived": 6,
  "K": 0,
  "wall_s": 165.41948318481445,
  "verdict": "feas",
  "lambda_star": -4.547549635928892e-06,
  "status": "solsta.optimal",
  "peak_rss_kb": 7164672,
  "peak_rss_gb": 6.83,
  "threads": 4,
  "error": null
}