{
  "worker_id": 22,
  "hash": "7d326f316b252b40",
  "src": "split(12fcabc1c81348e3)",
  "lo_int": [
    0,
    0,
    0,
    0,
    0,
    0,
    0,
    0,
    0,
    0,
    0,
    0,
    0,
    0,
    0,
    144115188075855872,
    144115188075855872,
    0,
    0,
    0,
    144115188075855872,
    0
  ],
  "hi_int": [
    288230376151711744,
    288230376151711744,
    288230376151711744,
    288230376151711744,
    288230376151711744,
    288230376151711744,
    288230376151711744,
    288230376151711744,
    288230376151711744,
    288230376151711744,
    288230376151711744,
    144115188075855872,
    144115188075855872,
    144115188075855872,
    144115188075855872,
    288230376151711744,
    288230376151711744,
    144115188075855872,
    144115188075855872,
    144115188075855872,
    288230376151711744,
    144115188075855872
  ],
  "depth": 54,
  "volume": 2.7755575615628914e-17,
  "lp_val": 1.1506278452747365,
  "iters_survived": 6,
  "K": 0,
  "wall_s": 166.8159990310669,
  "verdict": "feas",
  "lambda_star": -6.683977646261915e-06,
  "status": "solsta.optimal",
  "peak_rss_kb": 7194140,
  "peak_rss_gb": 6.86,
  "threads": 4,
  "error": null
}