{
  "worker_id": 26,
  "hash": "7dee114ace370761",
  "src": "split(e82d7abfe44e73f9)",
  "lo_int": [
    0,
    0,
    0,
    0,
    0,
    0,
    0,
    0,
    0,
    0,
    0,
    144115188075855872,
    0,
    0,
    0,
    0,
    144115188075855872,
    0,
    144115188075855872,
    0,
    0,
    144115188075855872
  ],
  "hi_int": [
    288230376151711744,
    288230376151711744,
    288230376151711744,
    288230376151711744,
    288230376151711744,
    288230376151711744,
    288230376151711744,
    288230376151711744,
    288230376151711744,
    288230376151711744,
    288230376151711744,
    288230376151711744,
    144115188075855872,
    144115188075855872,
    144115188075855872,
    144115188075855872,
    288230376151711744,
    144115188075855872,
    288230376151711744,
    144115188075855872,
    144115188075855872,
    288230376151711744
  ],
  "depth": 54,
  "volume": 2.7755575615628914e-17,
  "lp_val": 1.198451092540585,
  "iters_survived": 6,
  "K": 0,
  "wall_s": 154.06100964546204,
  "verdict": "feas",
  "lambda_star": -6.0074120093633374e-06,
  "status": "solsta.optimal",
  "peak_rss_kb": 7222912,
  "peak_rss_gb": 6.89,
  "threads": 4,
  "error": null
}