{
  "worker_id": 36,
  "hash": "7e77c5a217bdc90b",
  "src": "split(12fcabc1c81348e3)",
  "lo_int": [
    0,
    0,
    0,
    0,
    0,
    0,
    0,
    0,
    0,
    0,
    0,
    0,
    0,
    0,
    0,
    0,
    0,
    0,
    0,
    0,
    144115188075855872,
    0
  ],
  "hi_int": [
    288230376151711744,
    288230376151711744,
    288230376151711744,
    288230376151711744,
    288230376151711744,
    288230376151711744,
    288230376151711744,
    288230376151711744,
    288230376151711744,
    288230376151711744,
    288230376151711744,
    144115188075855872,
    144115188075855872,
    144115188075855872,
    144115188075855872,
    144115188075855872,
    144115188075855872,
    144115188075855872,
    144115188075855872,
    144115188075855872,
    288230376151711744,
    144115188075855872
  ],
  "depth": 54,
  "volume": 2.7755575615628914e-17,
  "lp_val": 1.0074394496798806,
  "iters_survived": 6,
  "K": 0,
  "wall_s": 154.4662721157074,
  "verdict": "feas",
  "lambda_star": -6.662010091634811e-06,
  "status": "solsta.optimal",
  "peak_rss_kb": 7176364,
  "peak_rss_gb": 6.84,
  "threads": 4,
  "error": null
}