{
  "worker_id": 46,
  "hash": "8011c3813df3f341",
  "src": "split(ad4d8f586b6dbd0b)",
  "lo_int": [
    0,
    0,
    0,
    0,
    0,
    0,
    0,
    0,
    0,
    0,
    0,
    0,
    0,
    144115188075855872,
    0,
    144115188075855872,
    0,
    144115188075855872,
    0,
    0,
    0,
    0
  ],
  "hi_int": [
    288230376151711744,
    288230376151711744,
    288230376151711744,
    288230376151711744,
    288230376151711744,
    288230376151711744,
    288230376151711744,
    288230376151711744,
    288230376151711744,
    288230376151711744,
    288230376151711744,
    144115188075855872,
    144115188075855872,
    288230376151711744,
    144115188075855872,
    288230376151711744,
    144115188075855872,
    288230376151711744,
    144115188075855872,
    144115188075855872,
    144115188075855872,
    144115188075855872
  ],
  "depth": 54,
  "volume": 2.7755575615628914e-17,
  "lp_val": 1.1245583290590986,
  "iters_survived": 6,
  "K": 0,
  "wall_s": 139.95982456207275,
  "verdict": "feas",
  "lambda_star": -3.979432409353575e-06,
  "status": "solsta.optimal",
  "peak_rss_kb": 7152344,
  "peak_rss_gb": 6.82,
  "threads": 4,
  "error": null
}