{
  "worker_id": 46,
  "hash": "856ef164abd23d3a",
  "src": "split(12fcabc1c81348e3)",
  "lo_int": [
    0,
    0,
    0,
    0,
    0,
    0,
    0,
    0,
    0,
    0,
    0,
    144115188075855872,
    0,
    0,
    0,
    0,
    0,
    0,
    144115188075855872,
    144115188075855872,
    144115188075855872,
    0
  ],
  "hi_int": [
    288230376151711744,
    288230376151711744,
    288230376151711744,
    288230376151711744,
    288230376151711744,
    288230376151711744,
    288230376151711744,
    288230376151711744,
    288230376151711744,
    288230376151711744,
    288230376151711744,
    288230376151711744,
    144115188075855872,
    144115188075855872,
    144115188075855872,
    144115188075855872,
    144115188075855872,
    144115188075855872,
    288230376151711744,
    288230376151711744,
    288230376151711744,
    144115188075855872
  ],
  "depth": 54,
  "volume": 2.7755575615628914e-17,
  "lp_val": 1.2682972367438392,
  "iters_survived": 6,
  "K": 0,
  "wall_s": 241.79505443572998,
  "verdict": "infeas",
  "lambda_star": 0.9999997651086643,
  "status": "solsta.optimal",
  "peak_rss_kb": 7164060,
  "peak_rss_gb": 6.83,
  "threads": 4,
  "error": null
}