{
  "worker_id": 45,
  "hash": "89d350470dca6e02",
  "src": "split(12fcabc1c81348e3)",
  "lo_int": [
    0,
    0,
    0,
    0,
    0,
    0,
    0,
    0,
    0,
    0,
    0,
    144115188075855872,
    144115188075855872,
    0,
    0,
    144115188075855872,
    0,
    0,
    0,
    0,
    144115188075855872,
    0
  ],
  "hi_int": [
    288230376151711744,
    288230376151711744,
    288230376151711744,
    288230376151711744,
    288230376151711744,
    288230376151711744,
    288230376151711744,
    288230376151711744,
    288230376151711744,
    288230376151711744,
    288230376151711744,
    288230376151711744,
    288230376151711744,
    144115188075855872,
    144115188075855872,
    288230376151711744,
    144115188075855872,
    144115188075855872,
    144115188075855872,
    144115188075855872,
    288230376151711744,
    144115188075855872
  ],
  "depth": 54,
  "volume": 2.7755575615628914e-17,
  "lp_val": 1.23446976520747,
  "iters_survived": 6,
  "K": 0,
  "wall_s": 166.548077583313,
  "verdict": "feas",
  "lambda_star": -2.8709505906554818e-06,
  "status": "solsta.optimal",
  "peak_rss_kb": 7179140,
  "peak_rss_gb": 6.85,
  "threads": 4,
  "error": null
}