{
  "worker_id": 1,
  "hash": "8fdbfae77edbf006",
  "src": "split(ad4d8f586b6dbd0b)",
  "lo_int": [
    0,
    0,
    0,
    0,
    0,
    0,
    0,
    0,
    0,
    0,
    0,
    0,
    144115188075855872,
    0,
    144115188075855872,
    0,
    0,
    144115188075855872,
    0,
    0,
    0,
    0
  ],
  "hi_int": [
    288230376151711744,
    288230376151711744,
    288230376151711744,
    288230376151711744,
    288230376151711744,
    288230376151711744,
    288230376151711744,
    288230376151711744,
    288230376151711744,
    288230376151711744,
    288230376151711744,
    144115188075855872,
    288230376151711744,
    144115188075855872,
    288230376151711744,
    144115188075855872,
    144115188075855872,
    288230376151711744,
    144115188075855872,
    144115188075855872,
    144115188075855872,
    144115188075855872
  ],
  "depth": 54,
  "volume": 2.7755575615628914e-17,
  "lp_val": 1.082426920462271,
  "iters_survived": 6,
  "K": 0,
  "wall_s": 138.9646282196045,
  "verdict": "feas",
  "lambda_star": -6.069762269640854e-06,
  "status": "solsta.optimal",
  "peak_rss_kb": 7143820,
  "peak_rss_gb": 6.81,
  "threads": 4,
  "error": null
}