{
  "worker_id": 27,
  "hash": "9005518ec84813ea",
  "src": "split(ad4d8f586b6dbd0b)",
  "lo_int": [
    0,
    0,
    0,
    0,
    0,
    0,
    0,
    0,
    0,
    0,
    0,
    0,
    0,
    144115188075855872,
    144115188075855872,
    0,
    0,
    144115188075855872,
    0,
    0,
    0,
    0
  ],
  "hi_int": [
    288230376151711744,
    288230376151711744,
    288230376151711744,
    288230376151711744,
    288230376151711744,
    288230376151711744,
    288230376151711744,
    288230376151711744,
    288230376151711744,
    288230376151711744,
    288230376151711744,
    144115188075855872,
    144115188075855872,
    288230376151711744,
    288230376151711744,
    144115188075855872,
    144115188075855872,
    288230376151711744,
    144115188075855872,
    144115188075855872,
    144115188075855872,
    144115188075855872
  ],
  "depth": 54,
  "volume": 2.7755575615628914e-17,
  "lp_val": 1.1320279601082226,
  "iters_survived": 6,
  "K": 0,
  "wall_s": 154.39036011695862,
  "verdict": "feas",
  "lambda_star": -5.231233306730449e-06,
  "status": "solsta.optimal",
  "peak_rss_kb": 7209636,
  "peak_rss_gb": 6.88,
  "threads": 4,
  "error": null
}