{
  "worker_id": 1,
  "hash": "9111b3ab238fc156",
  "src": "split(12fcabc1c81348e3)",
  "lo_int": [
    0,
    0,
    0,
    0,
    0,
    0,
    0,
    0,
    0,
    0,
    0,
    0,
    144115188075855872,
    0,
    0,
    144115188075855872,
    144115188075855872,
    0,
    0,
    0,
    144115188075855872,
    0
  ],
  "hi_int": [
    288230376151711744,
    288230376151711744,
    288230376151711744,
    288230376151711744,
    288230376151711744,
    288230376151711744,
    288230376151711744,
    288230376151711744,
    288230376151711744,
    288230376151711744,
    288230376151711744,
    144115188075855872,
    288230376151711744,
    144115188075855872,
    144115188075855872,
    288230376151711744,
    288230376151711744,
    144115188075855872,
    144115188075855872,
    144115188075855872,
    288230376151711744,
    144115188075855872
  ],
  "depth": 54,
  "volume": 2.7755575615628914e-17,
  "lp_val": 1.254455684007707,
  "iters_survived": 6,
  "K": 0,
  "wall_s": 166.481440782547,
  "verdict": "feas",
  "lambda_star": -7.262984142699163e-06,
  "status": "solsta.optimal",
  "peak_rss_kb": 7163492,
  "peak_rss_gb": 6.83,
  "threads": 4,
  "error": null
}