{
  "worker_id": 24,
  "hash": "932daac1a893c9d5",
  "src": "split(12fcabc1c81348e3)",
  "lo_int": [
    0,
    0,
    0,
    0,
    0,
    0,
    0,
    0,
    0,
    0,
    0,
    0,
    144115188075855872,
    0,
    0,
    0,
    0,
    0,
    144115188075855872,
    144115188075855872,
    144115188075855872,
    0
  ],
  "hi_int": [
    288230376151711744,
    288230376151711744,
    288230376151711744,
    288230376151711744,
    288230376151711744,
    288230376151711744,
    288230376151711744,
    288230376151711744,
    288230376151711744,
    288230376151711744,
    288230376151711744,
    144115188075855872,
    288230376151711744,
    144115188075855872,
    144115188075855872,
    144115188075855872,
    144115188075855872,
    144115188075855872,
    288230376151711744,
    288230376151711744,
    288230376151711744,
    144115188075855872
  ],
  "depth": 54,
  "volume": 2.7755575615628914e-17,
  "lp_val": 1.2766393442622952,
  "iters_survived": 6,
  "K": 0,
  "wall_s": 232.43649196624756,
  "verdict": "infeas",
  "lambda_star": 0.999997903515588,
  "status": "solsta.optimal",
  "peak_rss_kb": 7209812,
  "peak_rss_gb": 6.88,
  "threads": 4,
  "error": null
}