{
  "worker_id": 47,
  "hash": "9410687ff560ee49",
  "src": "split(ad4d8f586b6dbd0b)",
  "lo_int": [
    0,
    0,
    0,
    0,
    0,
    0,
    0,
    0,
    0,
    0,
    0,
    0,
    0,
    0,
    0,
    0,
    144115188075855872,
    144115188075855872,
    144115188075855872,
    0,
    0,
    0
  ],
  "hi_int": [
    288230376151711744,
    288230376151711744,
    288230376151711744,
    288230376151711744,
    288230376151711744,
    288230376151711744,
    288230376151711744,
    288230376151711744,
    288230376151711744,
    288230376151711744,
    288230376151711744,
    144115188075855872,
    144115188075855872,
    144115188075855872,
    144115188075855872,
    144115188075855872,
    288230376151711744,
    288230376151711744,
    288230376151711744,
    144115188075855872,
    144115188075855872,
    144115188075855872
  ],
  "depth": 54,
  "volume": 2.7755575615628914e-17,
  "lp_val": 1.2327586206896555,
  "iters_survived": 6,
  "K": 0,
  "wall_s": 180.48921275138855,
  "verdict": "feas",
  "lambda_star": -4.016007295325563e-06,
  "status": "solsta.optimal",
  "peak_rss_kb": 7147908,
  "peak_rss_gb": 6.82,
  "threads": 4,
  "error": null
}