{
  "worker_id": 40,
  "hash": "9cff3c82916ff4b2",
  "src": "split(ad4d8f586b6dbd0b)",
  "lo_int": [
    0,
    0,
    0,
    0,
    0,
    0,
    0,
    0,
    0,
    0,
    0,
    0,
    144115188075855872,
    0,
    0,
    144115188075855872,
    0,
    0,
    0,
    144115188075855872,
    0,
    0
  ],
  "hi_int": [
    288230376151711744,
    288230376151711744,
    288230376151711744,
    288230376151711744,
    288230376151711744,
    288230376151711744,
    288230376151711744,
    288230376151711744,
    288230376151711744,
    288230376151711744,
    288230376151711744,
    144115188075855872,
    288230376151711744,
    144115188075855872,
    144115188075855872,
    288230376151711744,
    144115188075855872,
    144115188075855872,
    144115188075855872,
    288230376151711744,
    144115188075855872,
    144115188075855872
  ],
  "depth": 54,
  "volume": 2.7755575615628914e-17,
  "lp_val": 1.0460914137216122,
  "iters_survived": 6,
  "K": 0,
  "wall_s": 143.06862878799438,
  "verdict": "feas",
  "lambda_star": -5.892183989599668e-06,
  "status": "solsta.optimal",
  "peak_rss_kb": 7181452,
  "peak_rss_gb": 6.85,
  "threads": 4,
  "error": null
}