{
  "worker_id": 27,
  "hash": "9da11dae1677df15",
  "src": "split(ad4d8f586b6dbd0b)",
  "lo_int": [
    0,
    0,
    0,
    0,
    0,
    0,
    0,
    0,
    0,
    0,
    0,
    144115188075855872,
    144115188075855872,
    0,
    144115188075855872,
    0,
    0,
    0,
    0,
    144115188075855872,
    0,
    0
  ],
  "hi_int": [
    288230376151711744,
    288230376151711744,
    288230376151711744,
    288230376151711744,
    288230376151711744,
    288230376151711744,
    288230376151711744,
    288230376151711744,
    288230376151711744,
    288230376151711744,
    288230376151711744,
    288230376151711744,
    288230376151711744,
    144115188075855872,
    288230376151711744,
    144115188075855872,
    144115188075855872,
    144115188075855872,
    144115188075855872,
    288230376151711744,
    144115188075855872,
    144115188075855872
  ],
  "depth": 54,
  "volume": 2.7755575615628914e-17,
  "lp_val": 1.2693943298969073,
  "iters_survived": 6,
  "K": 0,
  "wall_s": 278.27167987823486,
  "verdict": "infeas",
  "lambda_star": 0.9999999846975961,
  "status": "solsta.optimal",
  "peak_rss_kb": 7218988,
  "peak_rss_gb": 6.88,
  "threads": 4,
  "error": null
}