{
  "worker_id": 10,
  "hash": "a41fa4224ef8826a",
  "src": "split(e82d7abfe44e73f9)",
  "lo_int": [
    0,
    0,
    0,
    0,
    0,
    0,
    0,
    0,
    0,
    0,
    0,
    0,
    144115188075855872,
    144115188075855872,
    0,
    0,
    0,
    0,
    0,
    0,
    0,
    144115188075855872
  ],
  "hi_int": [
    288230376151711744,
    288230376151711744,
    288230376151711744,
    288230376151711744,
    288230376151711744,
    288230376151711744,
    288230376151711744,
    288230376151711744,
    288230376151711744,
    288230376151711744,
    288230376151711744,
    144115188075855872,
    288230376151711744,
    288230376151711744,
    144115188075855872,
    144115188075855872,
    144115188075855872,
    144115188075855872,
    144115188075855872,
    144115188075855872,
    144115188075855872,
    288230376151711744
  ],
  "depth": 54,
  "volume": 2.7755575615628914e-17,
  "lp_val": 1.0740009798082648,
  "iters_survived": 6,
  "K": 0,
  "wall_s": 155.56095695495605,
  "verdict": "feas",
  "lambda_star": -1.057484336600288e-05,
  "status": "solsta.optimal",
  "peak_rss_kb": 7211740,
  "peak_rss_gb": 6.88,
  "threads": 4,
  "error": null
}