{
  "worker_id": 40,
  "hash": "a4a0f30652d69c66",
  "src": "split(ad4d8f586b6dbd0b)",
  "lo_int": [
    0,
    0,
    0,
    0,
    0,
    0,
    0,
    0,
    0,
    0,
    0,
    0,
    0,
    0,
    144115188075855872,
    0,
    0,
    0,
    144115188075855872,
    144115188075855872,
    0,
    0
  ],
  "hi_int": [
    288230376151711744,
    288230376151711744,
    288230376151711744,
    288230376151711744,
    288230376151711744,
    288230376151711744,
    288230376151711744,
    288230376151711744,
    288230376151711744,
    288230376151711744,
    288230376151711744,
    144115188075855872,
    144115188075855872,
    144115188075855872,
    288230376151711744,
    144115188075855872,
    144115188075855872,
    144115188075855872,
    288230376151711744,
    288230376151711744,
    144115188075855872,
    144115188075855872
  ],
  "depth": 54,
  "volume": 2.7755575615628914e-17,
  "lp_val": 1.142962835245062,
  "iters_survived": 6,
  "K": 0,
  "wall_s": 157.11564922332764,
  "verdict": "feas",
  "lambda_star": -2.984593051104055e-06,
  "status": "solsta.optimal",
  "peak_rss_kb": 7184604,
  "peak_rss_gb": 6.85,
  "threads": 4,
  "error": null
}