{
  "worker_id": 28,
  "hash": "a83a481726470783",
  "src": "split(e82d7abfe44e73f9)",
  "lo_int": [
    0,
    0,
    0,
    0,
    0,
    0,
    0,
    0,
    0,
    0,
    0,
    0,
    0,
    0,
    0,
    144115188075855872,
    144115188075855872,
    0,
    0,
    0,
    0,
    144115188075855872
  ],
  "hi_int": [
    288230376151711744,
    288230376151711744,
    288230376151711744,
    288230376151711744,
    288230376151711744,
    288230376151711744,
    288230376151711744,
    288230376151711744,
    288230376151711744,
    288230376151711744,
    288230376151711744,
    144115188075855872,
    144115188075855872,
    144115188075855872,
    144115188075855872,
    288230376151711744,
    288230376151711744,
    144115188075855872,
    144115188075855872,
    144115188075855872,
    144115188075855872,
    288230376151711744
  ],
  "depth": 54,
  "volume": 2.7755575615628914e-17,
  "lp_val": 1.119278890173967,
  "iters_survived": 6,
  "K": 0,
  "wall_s": 166.99000000953674,
  "verdict": "feas",
  "lambda_star": -9.823386640599737e-06,
  "status": "solsta.optimal",
  "peak_rss_kb": 7222380,
  "peak_rss_gb": 6.89,
  "threads": 4,
  "error": null
}