{
  "worker_id": 5,
  "hash": "aa07226dd0ebc023",
  "src": "split(12fcabc1c81348e3)",
  "lo_int": [
    0,
    0,
    0,
    0,
    0,
    0,
    0,
    0,
    0,
    0,
    0,
    0,
    0,
    0,
    0,
    0,
    0,
    144115188075855872,
    0,
    144115188075855872,
    144115188075855872,
    0
  ],
  "hi_int": [
    288230376151711744,
    288230376151711744,
    288230376151711744,
    288230376151711744,
    288230376151711744,
    288230376151711744,
    288230376151711744,
    288230376151711744,
    288230376151711744,
    288230376151711744,
    288230376151711744,
    144115188075855872,
    144115188075855872,
    144115188075855872,
    144115188075855872,
    144115188075855872,
    144115188075855872,
    288230376151711744,
    144115188075855872,
    288230376151711744,
    288230376151711744,
    144115188075855872
  ],
  "depth": 54,
  "volume": 2.7755575615628914e-17,
  "lp_val": 1.1454984847254917,
  "iters_survived": 6,
  "K": 0,
  "wall_s": 165.12367129325867,
  "verdict": "feas",
  "lambda_star": -8.19072384671139e-06,
  "status": "solsta.optimal",
  "peak_rss_kb": 7179524,
  "peak_rss_gb": 6.85,
  "threads": 4,
  "error": null
}