{
  "worker_id": 20,
  "hash": "ab9ec8fa787a89bf",
  "src": "split(e82d7abfe44e73f9)",
  "lo_int": [
    0,
    0,
    0,
    0,
    0,
    0,
    0,
    0,
    0,
    0,
    0,
    0,
    0,
    0,
    144115188075855872,
    0,
    144115188075855872,
    0,
    144115188075855872,
    0,
    0,
    144115188075855872
  ],
  "hi_int": [
    288230376151711744,
    288230376151711744,
    288230376151711744,
    288230376151711744,
    288230376151711744,
    288230376151711744,
    288230376151711744,
    288230376151711744,
    288230376151711744,
    288230376151711744,
    288230376151711744,
    144115188075855872,
    144115188075855872,
    144115188075855872,
    288230376151711744,
    144115188075855872,
    288230376151711744,
    144115188075855872,
    288230376151711744,
    144115188075855872,
    144115188075855872,
    288230376151711744
  ],
  "depth": 54,
  "volume": 2.7755575615628914e-17,
  "lp_val": 1.213701923076923,
  "iters_survived": 6,
  "K": 0,
  "wall_s": 154.283833026886,
  "verdict": "feas",
  "lambda_star": -2.6642029946958417e-06,
  "status": "solsta.optimal",
  "peak_rss_kb": 7166288,
  "peak_rss_gb": 6.83,
  "threads": 4,
  "error": null
}