{
  "worker_id": 3,
  "hash": "ad6d2f1b4ad893fb",
  "src": "split(12fcabc1c81348e3)",
  "lo_int": [
    0,
    0,
    0,
    0,
    0,
    0,
    0,
    0,
    0,
    0,
    0,
    0,
    0,
    0,
    144115188075855872,
    144115188075855872,
    0,
    0,
    144115188075855872,
    0,
    144115188075855872,
    0
  ],
  "hi_int": [
    288230376151711744,
    288230376151711744,
    288230376151711744,
    288230376151711744,
    288230376151711744,
    288230376151711744,
    288230376151711744,
    288230376151711744,
    288230376151711744,
    288230376151711744,
    288230376151711744,
    144115188075855872,
    144115188075855872,
    144115188075855872,
    288230376151711744,
    288230376151711744,
    144115188075855872,
    144115188075855872,
    288230376151711744,
    144115188075855872,
    288230376151711744,
    144115188075855872
  ],
  "depth": 54,
  "volume": 2.7755575615628914e-17,
  "lp_val": 1.268203883495146,
  "iters_survived": 6,
  "K": 0,
  "wall_s": 239.16934633255005,
  "verdict": "infeas",
  "lambda_star": 1.0000000000142204,
  "status": "solsta.optimal",
  "peak_rss_kb": 7188356,
  "peak_rss_gb": 6.86,
  "threads": 4,
  "error": null
}