{
  "worker_id": 16,
  "hash": "aee6080b96ea2e3b",
  "src": "split(e82d7abfe44e73f9)",
  "lo_int": [
    0,
    0,
    0,
    0,
    0,
    0,
    0,
    0,
    0,
    0,
    0,
    0,
    0,
    0,
    144115188075855872,
    144115188075855872,
    0,
    0,
    0,
    0,
    0,
    144115188075855872
  ],
  "hi_int": [
    288230376151711744,
    288230376151711744,
    288230376151711744,
    288230376151711744,
    288230376151711744,
    288230376151711744,
    288230376151711744,
    288230376151711744,
    288230376151711744,
    288230376151711744,
    288230376151711744,
    144115188075855872,
    144115188075855872,
    144115188075855872,
    288230376151711744,
    288230376151711744,
    144115188075855872,
    144115188075855872,
    144115188075855872,
    144115188075855872,
    144115188075855872,
    288230376151711744
  ],
  "depth": 54,
  "volume": 2.7755575615628914e-17,
  "lp_val": 1.1051330750654056,
  "iters_survived": 6,
  "K": 0,
  "wall_s": 160.44223809242249,
  "verdict": "feas",
  "lambda_star": -7.708067323858742e-06,
  "status": "solsta.optimal",
  "peak_rss_kb": 7184532,
  "peak_rss_gb": 6.85,
  "threads": 4,
  "error": null
}