{
  "worker_id": 4,
  "hash": "b61495762bc7b83c",
  "src": "split(e82d7abfe44e73f9)",
  "lo_int": [
    0,
    0,
    0,
    0,
    0,
    0,
    0,
    0,
    0,
    0,
    0,
    0,
    0,
    0,
    0,
    0,
    144115188075855872,
    0,
    0,
    144115188075855872,
    0,
    144115188075855872
  ],
  "hi_int": [
    288230376151711744,
    288230376151711744,
    288230376151711744,
    288230376151711744,
    288230376151711744,
    288230376151711744,
    288230376151711744,
    288230376151711744,
    288230376151711744,
    288230376151711744,
    288230376151711744,
    144115188075855872,
    144115188075855872,
    144115188075855872,
    144115188075855872,
    144115188075855872,
    288230376151711744,
    144115188075855872,
    144115188075855872,
    288230376151711744,
    144115188075855872,
    288230376151711744
  ],
  "depth": 54,
  "volume": 2.7755575615628914e-17,
  "lp_val": 1.0911715206735957,
  "iters_survived": 6,
  "K": 0,
  "wall_s": 170.50834488868713,
  "verdict": "feas",
  "lambda_star": -3.7986476958146914e-06,
  "status": "solsta.optimal",
  "peak_rss_kb": 7232700,
  "peak_rss_gb": 6.9,
  "threads": 4,
  "error": null
}