{
  "worker_id": 7,
  "hash": "ba3244e6b8c07276",
  "src": "split(ad4d8f586b6dbd0b)",
  "lo_int": [
    0,
    0,
    0,
    0,
    0,
    0,
    0,
    0,
    0,
    0,
    0,
    0,
    0,
    0,
    144115188075855872,
    0,
    0,
    0,
    0,
    144115188075855872,
    0,
    0
  ],
  "hi_int": [
    288230376151711744,
    288230376151711744,
    288230376151711744,
    288230376151711744,
    288230376151711744,
    288230376151711744,
    288230376151711744,
    288230376151711744,
    288230376151711744,
    288230376151711744,
    288230376151711744,
    144115188075855872,
    144115188075855872,
    144115188075855872,
    288230376151711744,
    144115188075855872,
    144115188075855872,
    144115188075855872,
    144115188075855872,
    288230376151711744,
    144115188075855872,
    144115188075855872
  ],
  "depth": 54,
  "volume": 2.7755575615628914e-17,
  "lp_val": 1.0159640413875883,
  "iters_survived": 6,
  "K": 0,
  "wall_s": 138.2715618610382,
  "verdict": "feas",
  "lambda_star": -9.633483735046468e-06,
  "status": "solsta.optimal",
  "peak_rss_kb": 7159804,
  "peak_rss_gb": 6.83,
  "threads": 4,
  "error": null
}