{
  "worker_id": 47,
  "hash": "bab79f0887dddaca",
  "src": "split(12fcabc1c81348e3)",
  "lo_int": [
    0,
    0,
    0,
    0,
    0,
    0,
    0,
    0,
    0,
    0,
    0,
    144115188075855872,
    0,
    0,
    0,
    0,
    144115188075855872,
    0,
    0,
    144115188075855872,
    144115188075855872,
    0
  ],
  "hi_int": [
    288230376151711744,
    288230376151711744,
    288230376151711744,
    288230376151711744,
    288230376151711744,
    288230376151711744,
    288230376151711744,
    288230376151711744,
    288230376151711744,
    288230376151711744,
    288230376151711744,
    288230376151711744,
    144115188075855872,
    144115188075855872,
    144115188075855872,
    144115188075855872,
    288230376151711744,
    144115188075855872,
    144115188075855872,
    288230376151711744,
    288230376151711744,
    144115188075855872
  ],
  "depth": 54,
  "volume": 2.7755575615628914e-17,
  "lp_val": 1.2122520752925323,
  "iters_survived": 6,
  "K": 0,
  "wall_s": 168.35712099075317,
  "verdict": "feas",
  "lambda_star": -1.1292690860930212e-05,
  "status": "solsta.optimal",
  "peak_rss_kb": 7189572,
  "peak_rss_gb": 6.86,
  "threads": 4,
  "error": null
}