{
  "worker_id": 25,
  "hash": "bbfd95f2df7413f0",
  "src": "split(e82d7abfe44e73f9)",
  "lo_int": [
    0,
    0,
    0,
    0,
    0,
    0,
    0,
    0,
    0,
    0,
    0,
    0,
    0,
    144115188075855872,
    0,
    0,
    144115188075855872,
    144115188075855872,
    0,
    0,
    0,
    144115188075855872
  ],
  "hi_int": [
    288230376151711744,
    288230376151711744,
    288230376151711744,
    288230376151711744,
    288230376151711744,
    288230376151711744,
    288230376151711744,
    288230376151711744,
    288230376151711744,
    288230376151711744,
    288230376151711744,
    144115188075855872,
    144115188075855872,
    288230376151711744,
    144115188075855872,
    144115188075855872,
    288230376151711744,
    288230376151711744,
    144115188075855872,
    144115188075855872,
    144115188075855872,
    288230376151711744
  ],
  "depth": 54,
  "volume": 2.7755575615628914e-17,
  "lp_val": 1.253850286532951,
  "iters_survived": 6,
  "K": 0,
  "wall_s": 184.02423071861267,
  "verdict": "feas",
  "lambda_star": -9.125927660054553e-06,
  "status": "solsta.optimal",
  "peak_rss_kb": 7204848,
  "peak_rss_gb": 6.87,
  "threads": 4,
  "error": null
}