{
  "worker_id": 17,
  "hash": "bc0b833ee6e79ba6",
  "src": "split(ad4d8f586b6dbd0b)",
  "lo_int": [
    0,
    0,
    0,
    0,
    0,
    0,
    0,
    0,
    0,
    0,
    0,
    0,
    0,
    0,
    0,
    144115188075855872,
    0,
    144115188075855872,
    0,
    144115188075855872,
    0,
    0
  ],
  "hi_int": [
    288230376151711744,
    288230376151711744,
    288230376151711744,
    288230376151711744,
    288230376151711744,
    288230376151711744,
    288230376151711744,
    288230376151711744,
    288230376151711744,
    288230376151711744,
    288230376151711744,
    144115188075855872,
    144115188075855872,
    144115188075855872,
    144115188075855872,
    288230376151711744,
    144115188075855872,
    288230376151711744,
    144115188075855872,
    288230376151711744,
    144115188075855872,
    144115188075855872
  ],
  "depth": 54,
  "volume": 2.7755575615628914e-17,
  "lp_val": 1.1437751179451343,
  "iters_survived": 6,
  "K": 0,
  "wall_s": 158.70520496368408,
  "verdict": "feas",
  "lambda_star": -8.853404634960808e-06,
  "status": "solsta.optimal",
  "peak_rss_kb": 7218232,
  "peak_rss_gb": 6.88,
  "threads": 4,
  "error": null
}