{
  "worker_id": 31,
  "hash": "be62df9cb18e18bf",
  "src": "split(12fcabc1c81348e3)",
  "lo_int": [
    0,
    0,
    0,
    0,
    0,
    0,
    0,
    0,
    0,
    0,
    0,
    0,
    144115188075855872,
    0,
    0,
    0,
    0,
    144115188075855872,
    0,
    0,
    144115188075855872,
    0
  ],
  "hi_int": [
    288230376151711744,
    288230376151711744,
    288230376151711744,
    288230376151711744,
    288230376151711744,
    288230376151711744,
    288230376151711744,
    288230376151711744,
    288230376151711744,
    288230376151711744,
    288230376151711744,
    144115188075855872,
    288230376151711744,
    144115188075855872,
    144115188075855872,
    144115188075855872,
    144115188075855872,
    288230376151711744,
    144115188075855872,
    144115188075855872,
    288230376151711744,
    144115188075855872
  ],
  "depth": 54,
  "volume": 2.7755575615628914e-17,
  "lp_val": 1.0668355558075029,
  "iters_survived": 6,
  "K": 0,
  "wall_s": 136.39225363731384,
  "verdict": "feas",
  "lambda_star": -4.00290349126165e-06,
  "status": "solsta.optimal",
  "peak_rss_kb": 7215352,
  "peak_rss_gb": 6.88,
  "threads": 4,
  "error": null
}