{
  "worker_id": 32,
  "hash": "befab5e6d0061717",
  "src": "split(ad4d8f586b6dbd0b)",
  "lo_int": [
    0,
    0,
    0,
    0,
    0,
    0,
    0,
    0,
    0,
    0,
    0,
    0,
    0,
    144115188075855872,
    0,
    0,
    0,
    0,
    144115188075855872,
    0,
    0,
    0
  ],
  "hi_int": [
    288230376151711744,
    288230376151711744,
    288230376151711744,
    288230376151711744,
    288230376151711744,
    288230376151711744,
    288230376151711744,
    288230376151711744,
    288230376151711744,
    288230376151711744,
    288230376151711744,
    144115188075855872,
    144115188075855872,
    288230376151711744,
    144115188075855872,
    144115188075855872,
    144115188075855872,
    144115188075855872,
    288230376151711744,
    144115188075855872,
    144115188075855872,
    144115188075855872
  ],
  "depth": 54,
  "volume": 2.7755575615628914e-17,
  "lp_val": 1.0164009675915135,
  "iters_survived": 6,
  "K": 0,
  "wall_s": 141.32144355773926,
  "verdict": "feas",
  "lambda_star": -1.1157427811098247e-05,
  "status": "solsta.optimal",
  "peak_rss_kb": 7110672,
  "peak_rss_gb": 6.78,
  "threads": 4,
  "error": null
}