{
  "worker_id": 36,
  "hash": "c1a494daf85fc06c",
  "src": "split(ad4d8f586b6dbd0b)",
  "lo_int": [
    0,
    0,
    0,
    0,
    0,
    0,
    0,
    0,
    0,
    0,
    0,
    0,
    0,
    0,
    144115188075855872,
    0,
    144115188075855872,
    144115188075855872,
    0,
    0,
    0,
    0
  ],
  "hi_int": [
    288230376151711744,
    288230376151711744,
    288230376151711744,
    288230376151711744,
    288230376151711744,
    288230376151711744,
    288230376151711744,
    288230376151711744,
    288230376151711744,
    288230376151711744,
    288230376151711744,
    144115188075855872,
    144115188075855872,
    144115188075855872,
    288230376151711744,
    144115188075855872,
    288230376151711744,
    288230376151711744,
    144115188075855872,
    144115188075855872,
    144115188075855872,
    144115188075855872
  ],
  "depth": 54,
  "volume": 2.7755575615628914e-17,
  "lp_val": 1.1571115188790817,
  "iters_survived": 6,
  "K": 0,
  "wall_s": 140.09108972549438,
  "verdict": "feas",
  "lambda_star": -1.224244970022246e-05,
  "status": "solsta.optimal",
  "peak_rss_kb": 7106684,
  "peak_rss_gb": 6.78,
  "threads": 4,
  "error": null
}