{
  "worker_id": 13,
  "hash": "c1b5b30d7de99a5b",
  "src": "split(12fcabc1c81348e3)",
  "lo_int": [
    0,
    0,
    0,
    0,
    0,
    0,
    0,
    0,
    0,
    0,
    0,
    144115188075855872,
    144115188075855872,
    0,
    0,
    0,
    0,
    0,
    0,
    0,
    144115188075855872,
    0
  ],
  "hi_int": [
    288230376151711744,
    288230376151711744,
    288230376151711744,
    288230376151711744,
    288230376151711744,
    288230376151711744,
    288230376151711744,
    288230376151711744,
    288230376151711744,
    288230376151711744,
    288230376151711744,
    288230376151711744,
    288230376151711744,
    144115188075855872,
    144115188075855872,
    144115188075855872,
    144115188075855872,
    144115188075855872,
    144115188075855872,
    144115188075855872,
    288230376151711744,
    144115188075855872
  ],
  "depth": 54,
  "volume": 2.7755575615628914e-17,
  "lp_val": 1.0892041830847343,
  "iters_survived": 6,
  "K": 0,
  "wall_s": 140.08034420013428,
  "verdict": "feas",
  "lambda_star": -1.2011630728999046e-05,
  "status": "solsta.optimal",
  "peak_rss_kb": 7245148,
  "peak_rss_gb": 6.91,
  "threads": 4,
  "error": null
}