{
  "worker_id": 31,
  "hash": "c5d94bd71903d942",
  "src": "split(ad4d8f586b6dbd0b)",
  "lo_int": [
    0,
    0,
    0,
    0,
    0,
    0,
    0,
    0,
    0,
    0,
    0,
    144115188075855872,
    0,
    0,
    144115188075855872,
    0,
    144115188075855872,
    0,
    0,
    0,
    0,
    0
  ],
  "hi_int": [
    288230376151711744,
    288230376151711744,
    288230376151711744,
    288230376151711744,
    288230376151711744,
    288230376151711744,
    288230376151711744,
    288230376151711744,
    288230376151711744,
    288230376151711744,
    288230376151711744,
    288230376151711744,
    144115188075855872,
    144115188075855872,
    288230376151711744,
    144115188075855872,
    288230376151711744,
    144115188075855872,
    144115188075855872,
    144115188075855872,
    144115188075855872,
    144115188075855872
  ],
  "depth": 54,
  "volume": 2.7755575615628914e-17,
  "lp_val": 1.084011642822825,
  "iters_survived": 6,
  "K": 0,
  "wall_s": 152.5228135585785,
  "verdict": "feas",
  "lambda_star": -7.089478589170997e-06,
  "status": "solsta.optimal",
  "peak_rss_kb": 4789536,
  "peak_rss_gb": 4.57,
  "threads": 4,
  "error": null
}