{
  "worker_id": 13,
  "hash": "cb06e50317abfa72",
  "src": "split(12fcabc1c81348e3)",
  "lo_int": [
    0,
    0,
    0,
    0,
    0,
    0,
    0,
    0,
    0,
    0,
    0,
    144115188075855872,
    0,
    0,
    0,
    0,
    0,
    144115188075855872,
    0,
    0,
    144115188075855872,
    0
  ],
  "hi_int": [
    288230376151711744,
    288230376151711744,
    288230376151711744,
    288230376151711744,
    288230376151711744,
    288230376151711744,
    288230376151711744,
    288230376151711744,
    288230376151711744,
    288230376151711744,
    288230376151711744,
    288230376151711744,
    144115188075855872,
    144115188075855872,
    144115188075855872,
    144115188075855872,
    144115188075855872,
    288230376151711744,
    144115188075855872,
    144115188075855872,
    288230376151711744,
    144115188075855872
  ],
  "depth": 54,
  "volume": 2.7755575615628914e-17,
  "lp_val": 1.0662492896920108,
  "iters_survived": 6,
  "K": 0,
  "wall_s": 142.67311453819275,
  "verdict": "feas",
  "lambda_star": -3.5846999099538473e-06,
  "status": "solsta.optimal",
  "peak_rss_kb": 7245148,
  "peak_rss_gb": 6.91,
  "threads": 4,
  "error": null
}