{
  "worker_id": 11,
  "hash": "cd862ad8d3fd4568",
  "src": "split(ad4d8f586b6dbd0b)",
  "lo_int": [
    0,
    0,
    0,
    0,
    0,
    0,
    0,
    0,
    0,
    0,
    0,
    144115188075855872,
    0,
    144115188075855872,
    144115188075855872,
    0,
    0,
    0,
    0,
    0,
    0,
    0
  ],
  "hi_int": [
    288230376151711744,
    288230376151711744,
    288230376151711744,
    288230376151711744,
    288230376151711744,
    288230376151711744,
    288230376151711744,
    288230376151711744,
    288230376151711744,
    288230376151711744,
    288230376151711744,
    288230376151711744,
    144115188075855872,
    288230376151711744,
    288230376151711744,
    144115188075855872,
    144115188075855872,
    144115188075855872,
    144115188075855872,
    144115188075855872,
    144115188075855872,
    144115188075855872
  ],
  "depth": 54,
  "volume": 2.7755575615628914e-17,
  "lp_val": 1.095323299910626,
  "iters_survived": 6,
  "K": 0,
  "wall_s": 152.8282814025879,
  "verdict": "feas",
  "lambda_star": -4.54099173176442e-06,
  "status": "solsta.optimal",
  "peak_rss_kb": 4785980,
  "peak_rss_gb": 4.56,
  "threads": 4,
  "error": null
}