{
  "worker_id": 38,
  "hash": "d3ee2b58097a71e1",
  "src": "split(e82d7abfe44e73f9)",
  "lo_int": [
    0,
    0,
    0,
    0,
    0,
    0,
    0,
    0,
    0,
    0,
    0,
    0,
    0,
    0,
    144115188075855872,
    144115188075855872,
    0,
    0,
    144115188075855872,
    0,
    0,
    144115188075855872
  ],
  "hi_int": [
    288230376151711744,
    288230376151711744,
    288230376151711744,
    288230376151711744,
    288230376151711744,
    288230376151711744,
    288230376151711744,
    288230376151711744,
    288230376151711744,
    288230376151711744,
    288230376151711744,
    144115188075855872,
    144115188075855872,
    144115188075855872,
    288230376151711744,
    288230376151711744,
    144115188075855872,
    144115188075855872,
    288230376151711744,
    144115188075855872,
    144115188075855872,
    288230376151711744
  ],
  "depth": 54,
  "volume": 2.7755575615628914e-17,
  "lp_val": 1.2664473684210524,
  "iters_survived": 6,
  "K": 0,
  "wall_s": 224.57827854156494,
  "verdict": "infeas",
  "lambda_star": 0.9999985627614835,
  "status": "solsta.optimal",
  "peak_rss_kb": 7225896,
  "peak_rss_gb": 6.89,
  "threads": 4,
  "error": null
}