{
  "worker_id": 4,
  "hash": "d4113b02335bf28c",
  "src": "split(e82d7abfe44e73f9)",
  "lo_int": [
    0,
    0,
    0,
    0,
    0,
    0,
    0,
    0,
    0,
    0,
    0,
    144115188075855872,
    0,
    0,
    144115188075855872,
    0,
    0,
    0,
    0,
    0,
    0,
    144115188075855872
  ],
  "hi_int": [
    288230376151711744,
    288230376151711744,
    288230376151711744,
    288230376151711744,
    288230376151711744,
    288230376151711744,
    288230376151711744,
    288230376151711744,
    288230376151711744,
    288230376151711744,
    288230376151711744,
    288230376151711744,
    144115188075855872,
    144115188075855872,
    288230376151711744,
    144115188075855872,
    144115188075855872,
    144115188075855872,
    144115188075855872,
    144115188075855872,
    144115188075855872,
    288230376151711744
  ],
  "depth": 54,
  "volume": 2.7755575615628914e-17,
  "lp_val": 1.0000000000000002,
  "iters_survived": 6,
  "K": 0,
  "wall_s": 137.65329241752625,
  "verdict": "feas",
  "lambda_star": -5.000197476555304e-06,
  "status": "solsta.optimal",
  "peak_rss_kb": 7223560,
  "peak_rss_gb": 6.89,
  "threads": 4,
  "error": null
}