{
  "worker_id": 34,
  "hash": "d893f883514b33a3",
  "src": "split(ad4d8f586b6dbd0b)",
  "lo_int": [
    0,
    0,
    0,
    0,
    0,
    0,
    0,
    0,
    0,
    0,
    0,
    0,
    0,
    0,
    144115188075855872,
    0,
    144115188075855872,
    0,
    0,
    144115188075855872,
    0,
    0
  ],
  "hi_int": [
    288230376151711744,
    288230376151711744,
    288230376151711744,
    288230376151711744,
    288230376151711744,
    288230376151711744,
    288230376151711744,
    288230376151711744,
    288230376151711744,
    288230376151711744,
    288230376151711744,
    144115188075855872,
    144115188075855872,
    144115188075855872,
    288230376151711744,
    144115188075855872,
    288230376151711744,
    144115188075855872,
    144115188075855872,
    288230376151711744,
    144115188075855872,
    144115188075855872
  ],
  "depth": 54,
  "volume": 2.7755575615628914e-17,
  "lp_val": 1.1070497600823521,
  "iters_survived": 6,
  "K": 0,
  "wall_s": 142.69270992279053,
  "verdict": "feas",
  "lambda_star": -1.0048891784917494e-05,
  "status": "solsta.optimal",
  "peak_rss_kb": 7158804,
  "peak_rss_gb": 6.83,
  "threads": 4,
  "error": null
}