{
  "worker_id": 35,
  "hash": "d92fc0a5a60e30fd",
  "src": "split(e82d7abfe44e73f9)",
  "lo_int": [
    0,
    0,
    0,
    0,
    0,
    0,
    0,
    0,
    0,
    0,
    0,
    144115188075855872,
    0,
    144115188075855872,
    0,
    0,
    144115188075855872,
    0,
    0,
    0,
    0,
    144115188075855872
  ],
  "hi_int": [
    288230376151711744,
    288230376151711744,
    288230376151711744,
    288230376151711744,
    288230376151711744,
    288230376151711744,
    288230376151711744,
    288230376151711744,
    288230376151711744,
    288230376151711744,
    288230376151711744,
    288230376151711744,
    144115188075855872,
    288230376151711744,
    144115188075855872,
    144115188075855872,
    288230376151711744,
    144115188075855872,
    144115188075855872,
    144115188075855872,
    144115188075855872,
    288230376151711744
  ],
  "depth": 54,
  "volume": 2.7755575615628914e-17,
  "lp_val": 1.1756914361879367,
  "iters_survived": 6,
  "K": 0,
  "wall_s": 151.63117480278015,
  "verdict": "feas",
  "lambda_star": -3.887670059804532e-06,
  "status": "solsta.optimal",
  "peak_rss_kb": 7168584,
  "peak_rss_gb": 6.84,
  "threads": 4,
  "error": null
}