{
  "worker_id": 31,
  "hash": "dd7c557f85c63672",
  "src": "split(ad4d8f586b6dbd0b)",
  "lo_int": [
    0,
    0,
    0,
    0,
    0,
    0,
    0,
    0,
    0,
    0,
    0,
    0,
    144115188075855872,
    0,
    144115188075855872,
    0,
    0,
    0,
    144115188075855872,
    0,
    0,
    0
  ],
  "hi_int": [
    288230376151711744,
    288230376151711744,
    288230376151711744,
    288230376151711744,
    288230376151711744,
    288230376151711744,
    288230376151711744,
    288230376151711744,
    288230376151711744,
    288230376151711744,
    288230376151711744,
    144115188075855872,
    288230376151711744,
    144115188075855872,
    288230376151711744,
    144115188075855872,
    144115188075855872,
    144115188075855872,
    288230376151711744,
    144115188075855872,
    144115188075855872,
    144115188075855872
  ],
  "depth": 54,
  "volume": 2.7755575615628914e-17,
  "lp_val": 1.0711229147031667,
  "iters_survived": 6,
  "K": 0,
  "wall_s": 142.26811909675598,
  "verdict": "feas",
  "lambda_star": -3.611862665118014e-06,
  "status": "solsta.optimal",
  "peak_rss_kb": 7158008,
  "peak_rss_gb": 6.83,
  "threads": 4,
  "error": null
}