{
  "worker_id": 29,
  "hash": "e39fda9d1bbf559e",
  "src": "split(15d4e341ea7c9e0f)",
  "lo_int": [
    0,
    0,
    0,
    0,
    0,
    0,
    0,
    0,
    0,
    0,
    0,
    0,
    0,
    0,
    144115188075855872,
    0,
    0,
    0,
    0,
    0,
    144115188075855872,
    144115188075855872
  ],
  "hi_int": [
    288230376151711744,
    288230376151711744,
    288230376151711744,
    288230376151711744,
    288230376151711744,
    288230376151711744,
    288230376151711744,
    288230376151711744,
    288230376151711744,
    288230376151711744,
    288230376151711744,
    144115188075855872,
    144115188075855872,
    144115188075855872,
    288230376151711744,
    144115188075855872,
    144115188075855872,
    144115188075855872,
    144115188075855872,
    144115188075855872,
    288230376151711744,
    288230376151711744
  ],
  "depth": 54,
  "volume": 2.7755575615628914e-17,
  "lp_val": 1.0974226074780262,
  "iters_survived": 6,
  "K": 0,
  "wall_s": 150.84261798858643,
  "verdict": "feas",
  "lambda_star": -7.17635762970187e-06,
  "status": "solsta.optimal",
  "peak_rss_kb": 7177360,
  "peak_rss_gb": 6.84,
  "threads": 4,
  "error": null
}