{
  "worker_id": 32,
  "hash": "e3ca3fd52d30b523",
  "src": "split(12fcabc1c81348e3)",
  "lo_int": [
    0,
    0,
    0,
    0,
    0,
    0,
    0,
    0,
    0,
    0,
    0,
    0,
    144115188075855872,
    0,
    0,
    0,
    0,
    144115188075855872,
    144115188075855872,
    0,
    144115188075855872,
    0
  ],
  "hi_int": [
    288230376151711744,
    288230376151711744,
    288230376151711744,
    288230376151711744,
    288230376151711744,
    288230376151711744,
    288230376151711744,
    288230376151711744,
    288230376151711744,
    288230376151711744,
    288230376151711744,
    144115188075855872,
    288230376151711744,
    144115188075855872,
    144115188075855872,
    144115188075855872,
    144115188075855872,
    288230376151711744,
    288230376151711744,
    144115188075855872,
    288230376151711744,
    144115188075855872
  ],
  "depth": 54,
  "volume": 2.7755575615628914e-17,
  "lp_val": 1.2642728365384617,
  "iters_survived": 6,
  "K": 0,
  "wall_s": 195.16455173492432,
  "verdict": "feas",
  "lambda_star": -4.40277616698855e-06,
  "status": "solsta.optimal",
  "peak_rss_kb": 7184156,
  "peak_rss_gb": 6.85,
  "threads": 4,
  "error": null
}