{
  "worker_id": 0,
  "hash": "e4bd378ccce88cba",
  "src": "split(12fcabc1c81348e3)",
  "lo_int": [
    0,
    0,
    0,
    0,
    0,
    0,
    0,
    0,
    0,
    0,
    0,
    0,
    144115188075855872,
    0,
    0,
    0,
    144115188075855872,
    0,
    0,
    144115188075855872,
    144115188075855872,
    0
  ],
  "hi_int": [
    288230376151711744,
    288230376151711744,
    288230376151711744,
    288230376151711744,
    288230376151711744,
    288230376151711744,
    288230376151711744,
    288230376151711744,
    288230376151711744,
    288230376151711744,
    288230376151711744,
    144115188075855872,
    288230376151711744,
    144115188075855872,
    144115188075855872,
    144115188075855872,
    288230376151711744,
    144115188075855872,
    144115188075855872,
    288230376151711744,
    288230376151711744,
    144115188075855872
  ],
  "depth": 54,
  "volume": 2.7755575615628914e-17,
  "lp_val": 1.238096801393343,
  "iters_survived": 6,
  "K": 0,
  "wall_s": 163.7981436252594,
  "verdict": "feas",
  "lambda_star": -2.9644231201880256e-06,
  "status": "solsta.optimal",
  "peak_rss_kb": 7191152,
  "peak_rss_gb": 6.86,
  "threads": 4,
  "error": null
}