{
  "worker_id": 45,
  "hash": "e9655b06f65a3b46",
  "src": "split(15d4e341ea7c9e0f)",
  "lo_int": [
    0,
    0,
    0,
    0,
    0,
    0,
    0,
    0,
    0,
    0,
    0,
    0,
    0,
    0,
    0,
    144115188075855872,
    0,
    0,
    144115188075855872,
    0,
    144115188075855872,
    144115188075855872
  ],
  "hi_int": [
    288230376151711744,
    288230376151711744,
    288230376151711744,
    288230376151711744,
    288230376151711744,
    288230376151711744,
    288230376151711744,
    288230376151711744,
    288230376151711744,
    288230376151711744,
    288230376151711744,
    144115188075855872,
    144115188075855872,
    144115188075855872,
    144115188075855872,
    288230376151711744,
    144115188075855872,
    144115188075855872,
    288230376151711744,
    144115188075855872,
    288230376151711744,
    288230376151711744
  ],
  "depth": 54,
  "volume": 2.7755575615628914e-17,
  "lp_val": 1.2224159797083072,
  "iters_survived": 6,
  "K": 0,
  "wall_s": 115.2181749343872,
  "verdict": "feas",
  "lambda_star": -7.3209257420699955e-06,
  "status": "solsta.optimal",
  "peak_rss_kb": 7233512,
  "peak_rss_gb": 6.9,
  "threads": 4,
  "error": null
}