{
  "worker_id": 18,
  "hash": "eea37350dd5c1dcb",
  "src": "split(ad4d8f586b6dbd0b)",
  "lo_int": [
    0,
    0,
    0,
    0,
    0,
    0,
    0,
    0,
    0,
    0,
    0,
    144115188075855872,
    144115188075855872,
    0,
    0,
    144115188075855872,
    0,
    0,
    0,
    144115188075855872,
    0,
    0
  ],
  "hi_int": [
    288230376151711744,
    288230376151711744,
    288230376151711744,
    288230376151711744,
    288230376151711744,
    288230376151711744,
    288230376151711744,
    288230376151711744,
    288230376151711744,
    288230376151711744,
    288230376151711744,
    288230376151711744,
    288230376151711744,
    144115188075855872,
    144115188075855872,
    288230376151711744,
    144115188075855872,
    144115188075855872,
    144115188075855872,
    288230376151711744,
    144115188075855872,
    144115188075855872
  ],
  "depth": 54,
  "volume": 2.7755575615628914e-17,
  "lp_val": 1.2731244175209693,
  "iters_survived": 6,
  "K": 0,
  "wall_s": 153.4474503993988,
  "verdict": "feas",
  "lambda_star": -1.1070920175770862e-05,
  "status": "solsta.optimal",
  "peak_rss_kb": 7142004,
  "peak_rss_gb": 6.81,
  "threads": 4,
  "error": null
}