{
  "worker_id": 22,
  "hash": "f7397bde654292d4",
  "src": "split(ad4d8f586b6dbd0b)",
  "lo_int": [
    0,
    0,
    0,
    0,
    0,
    0,
    0,
    0,
    0,
    0,
    0,
    0,
    0,
    0,
    0,
    144115188075855872,
    0,
    144115188075855872,
    0,
    0,
    0,
    0
  ],
  "hi_int": [
    288230376151711744,
    288230376151711744,
    288230376151711744,
    288230376151711744,
    288230376151711744,
    288230376151711744,
    288230376151711744,
    288230376151711744,
    288230376151711744,
    288230376151711744,
    288230376151711744,
    144115188075855872,
    144115188075855872,
    144115188075855872,
    144115188075855872,
    288230376151711744,
    144115188075855872,
    288230376151711744,
    144115188075855872,
    144115188075855872,
    144115188075855872,
    144115188075855872
  ],
  "depth": 54,
  "volume": 2.7755575615628914e-17,
  "lp_val": 1.0282308657465495,
  "iters_survived": 6,
  "K": 0,
  "wall_s": 150.42030096054077,
  "verdict": "feas",
  "lambda_star": -7.187333951986475e-06,
  "status": "solsta.optimal",
  "peak_rss_kb": 7181880,
  "peak_rss_gb": 6.85,
  "threads": 4,
  "error": null
}