{
  "worker_id": 24,
  "hash": "f86a48ce31d0f80b",
  "src": "split(15d4e341ea7c9e0f)",
  "lo_int": [
    0,
    0,
    0,
    0,
    0,
    0,
    0,
    0,
    0,
    0,
    0,
    0,
    0,
    0,
    0,
    0,
    144115188075855872,
    0,
    0,
    144115188075855872,
    144115188075855872,
    144115188075855872
  ],
  "hi_int": [
    288230376151711744,
    288230376151711744,
    288230376151711744,
    288230376151711744,
    288230376151711744,
    288230376151711744,
    288230376151711744,
    288230376151711744,
    288230376151711744,
    288230376151711744,
    288230376151711744,
    144115188075855872,
    144115188075855872,
    144115188075855872,
    144115188075855872,
    144115188075855872,
    288230376151711744,
    144115188075855872,
    144115188075855872,
    288230376151711744,
    288230376151711744,
    288230376151711744
  ],
  "depth": 54,
  "volume": 2.7755575615628914e-17,
  "lp_val": 1.250090163427653,
  "iters_survived": 6,
  "K": 0,
  "wall_s": 150.9446439743042,
  "verdict": "infeas",
  "lambda_star": 0.9999999999999999,
  "status": "solsta.optimal",
  "peak_rss_kb": 7211296,
  "peak_rss_gb": 6.88,
  "threads": 4,
  "error": null
}