{
  "worker_id": 36,
  "hash": "f9d8d090a48bcb5b",
  "src": "split(e82d7abfe44e73f9)",
  "lo_int": [
    0,
    0,
    0,
    0,
    0,
    0,
    0,
    0,
    0,
    0,
    0,
    0,
    0,
    144115188075855872,
    0,
    0,
    144115188075855872,
    0,
    0,
    0,
    0,
    144115188075855872
  ],
  "hi_int": [
    288230376151711744,
    288230376151711744,
    288230376151711744,
    288230376151711744,
    288230376151711744,
    288230376151711744,
    288230376151711744,
    288230376151711744,
    288230376151711744,
    288230376151711744,
    288230376151711744,
    144115188075855872,
    144115188075855872,
    288230376151711744,
    144115188075855872,
    144115188075855872,
    288230376151711744,
    144115188075855872,
    144115188075855872,
    144115188075855872,
    144115188075855872,
    288230376151711744
  ],
  "depth": 54,
  "volume": 2.7755575615628914e-17,
  "lp_val": 1.0247060022122605,
  "iters_survived": 6,
  "K": 0,
  "wall_s": 138.01060962677002,
  "verdict": "feas",
  "lambda_star": -3.861422700583548e-06,
  "status": "solsta.optimal",
  "peak_rss_kb": 7183324,
  "peak_rss_gb": 6.85,
  "threads": 4,
  "error": null
}