{
  "worker_id": 18,
  "hash": "fabce61e3ea75289",
  "src": "split(12fcabc1c81348e3)",
  "lo_int": [
    0,
    0,
    0,
    0,
    0,
    0,
    0,
    0,
    0,
    0,
    0,
    144115188075855872,
    0,
    0,
    0,
    144115188075855872,
    0,
    144115188075855872,
    0,
    0,
    144115188075855872,
    0
  ],
  "hi_int": [
    288230376151711744,
    288230376151711744,
    288230376151711744,
    288230376151711744,
    288230376151711744,
    288230376151711744,
    288230376151711744,
    288230376151711744,
    288230376151711744,
    288230376151711744,
    288230376151711744,
    288230376151711744,
    144115188075855872,
    144115188075855872,
    144115188075855872,
    288230376151711744,
    144115188075855872,
    288230376151711744,
    144115188075855872,
    144115188075855872,
    288230376151711744,
    144115188075855872
  ],
  "depth": 54,
  "volume": 2.7755575615628914e-17,
  "lp_val": 1.1806282722513088,
  "iters_survived": 6,
  "K": 0,
  "wall_s": 157.80717253684998,
  "verdict": "feas",
  "lambda_star": -3.7797917646001593e-06,
  "status": "solsta.optimal",
  "peak_rss_kb": 7178540,
  "peak_rss_gb": 6.85,
  "threads": 4,
  "error": null
}