{
  "config": {
    "n_half": 4,
    "m": 10,
    "c_target": 1.28,
    "d": 8,
    "max_l_cells": 60,
    "solver": "MOSEK",
    "eps_margin": 1e-09,
    "tol": 1e-09
  },
  "pipeline": {
    "n_processed_palindromic": 91881,
    "F_survivors": 1014,
    "Q_survivors": 964,
    "t_F_s": 0.24504804611206055,
    "t_Q_s": 8.518564939498901,
    "t_F_plus_Q_s": 8.770182609558105
  },
  "tested_cells": 60,
  "L1": {
    "pruned": 25,
    "pruned_idx": [
      0,
      1,
      2,
      4,
      8,
      9,
      13,
      14,
      15,
      16,
      17,
      18,
      19,
      22,
      23,
      28,
      29,
      35,
      43,
      50,
      51,
      52,
      56,
      58,
      59
    ],
    "status_counts": {
      "infeasible": 25,
      "optimal": 35
    },
    "time_avg_ms": 382.63187408447266,
    "time_med_ms": 380.3131580352783,
    "time_max_ms": 570.1904296875,
    "time_total_s": 22.95841360092163
  },
  "L2": {
    "pruned": 25,
    "pruned_idx": [
      0,
      1,
      2,
      4,
      8,
      9,
      13,
      14,
      15,
      16,
      17,
      18,
      19,
      22,
      23,
      28,
      29,
      35,
      43,
      50,
      51,
      52,
      56,
      58,
      59
    ],
    "status_counts": {
      "infeasible": 25,
      "optimal": 35
    },
    "time_avg_ms": 4631.132364273071,
    "time_med_ms": 3861.5373373031616,
    "time_max_ms": 10007.680416107178,
    "time_total_s": 277.86893916130066
  },
  "comparison": {
    "L2_extra_over_L1": 0,
    "L1_only_soundness_violations": 0,
    "soundness_violation_idx": [],
    "L2_solver_failures_on_L1_pruned": 0,
    "L2_solver_failure_idx": [],
    "L2_retry_results": {
      "17": {
        "pruned": true,
        "status": "infeasible",
        "time_ms": 6790.131568908691
      }
    }
  },
  "verdict": "ORDER2_NO_GAIN: 0 extra prunes over L1 (L1 pruned 25, L2 pruned 25, plus 0 L2 solver-fails); avg time order1=383 ms, order2=4631 ms (~12.1x slower)",
  "tested_cell_compositions": [
    [
      30,
      13,
      15,
      22,
      22,
      15,
      13,
      30
    ],
    [
      30,
      13,
      16,
      21,
      21,
      16,
      13,
      30
    ],
    [
      30,
      14,
      14,
      22,
      22,
      14,
      14,
      30
    ],
    [
      30,
      14,
      15,
      21,
      21,
      15,
      14,
      30
    ],
    [
      30,
      14,
      16,
      20,
      20,
      16,
      14,
      30
    ],
    [
      30,
      15,
      13,
      22,
      22,
      13,
      15,
      30
    ],
    [
      30,
      15,
      14,
      21,
      21,
      14,
      15,
      30
    ],
    [
      30,
      15,
      15,
      20,
      20,
      15,
      15,
      30
    ],
    [
      30,
      15,
      16,
      19,
      19,
      16,
      15,
      30
    ],
    [
      30,
      16,
      12,
      22,
      22,
      12,
      16,
      30
    ],
    [
      30,
      16,
      13,
      21,
      21,
      13,
      16,
      30
    ],
    [
      30,
      16,
      14,
      20,
      20,
      14,
      16,
      30
    ],
    [
      30,
      16,
      15,
      19,
      19,
      15,
      16,
      30
    ],
    [
      30,
      16,
      16,
      18,
      18,
      16,
      16,
      30
    ],
    [
      30,
      17,
      14,
      19,
      19,
      14,
      17,
      30
    ],
    [
      30,
      17,
      15,
      18,
      18,
      15,
      17,
      30
    ],
    [
      30,
      17,
      16,
      17,
      17,
      16,
      17,
      30
    ],
    [
      31,
      11,
      16,
      22,
      22,
      16,
      11,
      31
    ],
    [
      31,
      11,
      17,
      21,
      21,
      17,
      11,
      31
    ],
    [
      31,
      12,
      14,
      23,
      23,
      14,
      12,
      31
    ],
    [
      31,
      12,
      15,
      22,
      22,
      15,
      12,
      31
    ],
    [
      31,
      12,
      16,
      21,
      21,
      16,
      12,
      31
    ],
    [
      31,
      12,
      17,
      20,
      20,
      17,
      12,
      31
    ],
    [
      31,
      13,
      12,
      24,
      24,
      12,
      13,
      31
    ],
    [
      31,
      13,
      13,
      23,
      23,
      13,
      13,
      31
    ],
    [
      31,
      13,
      14,
      22,
      22,
      14,
      13,
      31
    ],
    [
      31,
      13,
      15,
      21,
      21,
      15,
      13,
      31
    ],
    [
      31,
      13,
      16,
      20,
      20,
      16,
      13,
      31
    ],
    [
      31,
      13,
      17,
      19,
      19,
      17,
      13,
      31
    ],
    [
      31,
      14,
      11,
      24,
      24,
      11,
      14,
      31
    ],
    [
      31,
      14,
      12,
      23,
      23,
      12,
      14,
      31
    ],
    [
      31,
      14,
      13,
      22,
      22,
      13,
      14,
      31
    ],
    [
      31,
      14,
      14,
      21,
      21,
      14,
      14,
      31
    ],
    [
      31,
      14,
      15,
      20,
      20,
      15,
      14,
      31
    ],
    [
      31,
      14,
      16,
      19,
      19,
      16,
      14,
      31
    ],
    [
      31,
      14,
      17,
      18,
      18,
      17,
      14,
      31
    ],
    [
      31,
      15,
      11,
      23,
      23,
      11,
      15,
      31
    ],
    [
      31,
      15,
      12,
      22,
      22,
      12,
      15,
      31
    ],
    [
      31,
      15,
      13,
      21,
      21,
      13,
      15,
      31
    ],
    [
      31,
      15,
      14,
      20,
      20,
      14,
      15,
      31
    ],
    [
      31,
      15,
      15,
      19,
      19,
      15,
      15,
      31
    ],
    [
      31,
      15,
      16,
      18,
      18,
      16,
      15,
      31
    ],
    [
      31,
      15,
      17,
      17,
      17,
      17,
      15,
      31
    ],
    [
      31,
      16,
      11,
      22,
      22,
      11,
      16,
      31
    ],
    [
      31,
      16,
      12,
      21,
      21,
      12,
      16,
      31
    ],
    [
      31,
      16,
      13,
      20,
      20,
      13,
      16,
      31
    ],
    [
      31,
      16,
      14,
      19,
      19,
      14,
      16,
      31
    ],
    [
      31,
      16,
      15,
      18,
      18,
      15,
      16,
      31
    ],
    [
      31,
      16,
      16,
      17,
      17,
      16,
      16,
      31
    ],
    [
      31,
      16,
      17,
      16,
      16,
      17,
      16,
      31
    ],
    [
      31,
      17,
      12,
      20,
      20,
      12,
      17,
      31
    ],
    [
      31,
      17,
      13,
      19,
      19,
      13,
      17,
      31
    ],
    [
      31,
      17,
      14,
      18,
      18,
      14,
      17,
      31
    ],
    [
      31,
      17,
      15,
      17,
      17,
      15,
      17,
      31
    ],
    [
      31,
      17,
      16,
      16,
      16,
      16,
      17,
      31
    ],
    [
      31,
      17,
      17,
      15,
      15,
      17,
      17,
      31
    ],
    [
      32,
      9,
      16,
      23,
      23,
      16,
      9,
      32
    ],
    [
      32,
      9,
      17,
      22,
      22,
      17,
      9,
      32
    ],
    [
      32,
      9,
      18,
      21,
      21,
      18,
      9,
      32
    ],
    [
      32,
      10,
      14,
      24,
      24,
      14,
      10,
      32
    ]
  ]
}