{
  "autoconv_P30": {
    "time_s": 0.002264199996716343,
    "calls": 1666,
    "us_per_call": 1.3590636234791973
  },
  "autoconv_P50": {
    "time_s": 0.0022315000096568838,
    "calls": 1000,
    "us_per_call": 2.2315000096568838
  },
  "autoconv_P100": {
    "time_s": 0.006054700003005564,
    "calls": 1000,
    "us_per_call": 6.054700003005564
  },
  "autoconv_P200": {
    "time_s": 0.020465199995669536,
    "calls": 1000,
    "us_per_call": 20.465199995669536
  },
  "lse_grad_P30": {
    "time_s": 0.001549900000100024,
    "calls": 666,
    "us_per_call": 2.3271771773273633
  },
  "lse_grad_P50": {
    "time_s": 0.0021536999993259087,
    "calls": 500,
    "us_per_call": 4.307399998651817
  },
  "lse_grad_P100": {
    "time_s": 0.0071241000114241615,
    "calls": 500,
    "us_per_call": 14.248200022848323
  },
  "lse_grad_P200": {
    "time_s": 0.03300850000232458,
    "calls": 500,
    "us_per_call": 66.01700000464916
  },
  "polyak_P30_50k": {
    "time_s": 0.07622460000857245,
    "iters": 50000,
    "iters_per_sec": 655956.2135370582,
    "final_val": 1.5343993028197722
  },
  "polyak_P50_50k": {
    "time_s": 0.13251960001070984,
    "iters": 50000,
    "iters_per_sec": 377302.6782148388,
    "final_val": 1.535388097867998
  },
  "polyak_P100_20k": {
    "time_s": 0.18949289999727625,
    "iters": 20000,
    "iters_per_sec": 105544.85155004477,
    "final_val": 1.5627298763383355
  },
  "full_restart_P30": {
    "time_s": 0.2801736000110395,
    "n_iters_lse": 1000,
    "n_iters_polyak": 50000,
    "lse_val": 1.5354718593187,
    "pol_val": 1.5354718593187
  },
  "full_restart_P50": {
    "time_s": 0.3042057999991812,
    "n_iters_lse": 500,
    "n_iters_polyak": 30000,
    "lse_val": 1.5258295321858928,
    "pol_val": 1.5258295321858928
  },
  "full_restart_P100": {
    "time_s": 0.2707195999973919,
    "n_iters_lse": 200,
    "n_iters_polyak": 10000,
    "lse_val": 1.5210625704957288,
    "pol_val": 1.5210625704957288
  },
  "production_P50": {
    "time_s": 0.9327860000048531,
    "n_iters_lse": 10000,
    "n_iters_polyak": 200000,
    "lse_val": 1.5274405186566495,
    "pol_val": 1.5272980670743124
  }
}