{
  "autoconv_P30": {
    "time_s": 0.002150100001017563,
    "calls": 1666,
    "us_per_call": 1.290576231102979
  },
  "autoconv_P50": {
    "time_s": 0.0018752000032691285,
    "calls": 1000,
    "us_per_call": 1.8752000032691285
  },
  "autoconv_P100": {
    "time_s": 0.005219999991822988,
    "calls": 1000,
    "us_per_call": 5.219999991822988
  },
  "autoconv_P200": {
    "time_s": 0.02194380000582896,
    "calls": 1000,
    "us_per_call": 21.94380000582896
  },
  "lse_grad_P30": {
    "time_s": 0.0017832000012276694,
    "calls": 666,
    "us_per_call": 2.677477479320825
  },
  "lse_grad_P50": {
    "time_s": 0.0023599999985890463,
    "calls": 500,
    "us_per_call": 4.719999997178093
  },
  "lse_grad_P100": {
    "time_s": 0.006892200006404892,
    "calls": 500,
    "us_per_call": 13.784400012809783
  },
  "lse_grad_P200": {
    "time_s": 0.02769869999610819,
    "calls": 500,
    "us_per_call": 55.39739999221638
  },
  "polyak_P30_50k": {
    "time_s": 0.15538260000175796,
    "iters": 50000,
    "iters_per_sec": 321786.3518787452,
    "final_val": 1.5343993028197722
  },
  "polyak_P50_50k": {
    "time_s": 0.13787049999518786,
    "iters": 50000,
    "iters_per_sec": 362659.1620523982,
    "final_val": 1.535388097867998
  },
  "polyak_P100_20k": {
    "time_s": 0.1567026000120677,
    "iters": 20000,
    "iters_per_sec": 127630.30095518386,
    "final_val": 1.5627298763383355
  },
  "full_restart_P30": {
    "time_s": 0.38389399999869056,
    "n_iters_lse": 1000,
    "n_iters_polyak": 50000,
    "lse_val": 1.5354718593187,
    "pol_val": 1.5354718593187
  },
  "full_restart_P50": {
    "time_s": 0.30417069999384694,
    "n_iters_lse": 500,
    "n_iters_polyak": 30000,
    "lse_val": 1.5258295321858928,
    "pol_val": 1.5258295321858928
  },
  "full_restart_P100": {
    "time_s": 0.2877831999940099,
    "n_iters_lse": 200,
    "n_iters_polyak": 10000,
    "lse_val": 1.5210625704957288,
    "pol_val": 1.5210625704957288
  },
  "production_P50": {
    "time_s": 0.8752176999987569,
    "n_iters_lse": 10000,
    "n_iters_polyak": 200000,
    "lse_val": 1.5274405186566495,
    "pol_val": 1.5272980670743124
  }
}