{
  "autoconv_P30": {
    "time_s": 0.0036681000055978075,
    "calls": 1666,
    "us_per_call": 2.20174069963854
  },
  "autoconv_P50": {
    "time_s": 0.0026560999976936728,
    "calls": 1000,
    "us_per_call": 2.6560999976936728
  },
  "autoconv_P100": {
    "time_s": 0.004949599999235943,
    "calls": 1000,
    "us_per_call": 4.949599999235943
  },
  "autoconv_P200": {
    "time_s": 0.015021699990029447,
    "calls": 1000,
    "us_per_call": 15.021699990029447
  },
  "lse_grad_P30": {
    "time_s": 0.0028119000053266063,
    "calls": 666,
    "us_per_call": 4.22207208006998
  },
  "lse_grad_P50": {
    "time_s": 0.002948699999251403,
    "calls": 500,
    "us_per_call": 5.897399998502806
  },
  "lse_grad_P100": {
    "time_s": 0.0074807000055443496,
    "calls": 500,
    "us_per_call": 14.961400011088699
  },
  "lse_grad_P200": {
    "time_s": 0.03468309999152552,
    "calls": 500,
    "us_per_call": 69.36619998305105
  },
  "polyak_P30_50k": {
    "time_s": 0.12679779999598395,
    "iters": 50000,
    "iters_per_sec": 394328.60823755333,
    "final_val": 1.5343993028197715
  },
  "polyak_P50_50k": {
    "time_s": 0.17889590001141187,
    "iters": 50000,
    "iters_per_sec": 279492.1515630625,
    "final_val": 1.535388097867996
  },
  "polyak_P100_20k": {
    "time_s": 0.15366460000223015,
    "iters": 20000,
    "iters_per_sec": 130153.59425469326,
    "final_val": 1.5627298763383375
  },
  "full_restart_P30": {
    "time_s": 0.3693980000098236,
    "n_iters_lse": 1000,
    "n_iters_polyak": 50000,
    "lse_val": 1.5354772485365318,
    "pol_val": 1.5354590663221679
  },
  "full_restart_P50": {
    "time_s": 0.3615919999865582,
    "n_iters_lse": 500,
    "n_iters_polyak": 30000,
    "lse_val": 1.525844126815412,
    "pol_val": 1.525828875824954
  },
  "full_restart_P100": {
    "time_s": 0.289450800002669,
    "n_iters_lse": 200,
    "n_iters_polyak": 10000,
    "lse_val": 1.5210653120269428,
    "pol_val": 1.5210653120269428
  },
  "production_P50": {
    "time_s": 1.1016126000031363,
    "n_iters_lse": 10000,
    "n_iters_polyak": 200000,
    "lse_val": 1.5274391795971711,
    "pol_val": 1.5273125524404678
  }
}