{
  "n_stuck": 300,
  "mean_centroid": [
    0.039785826647824755,
    0.03950759615964316,
    0.05121328508444591,
    0.0777358779943462,
    0.0712544129799369,
    0.07013095738792856,
    0.07164064240379756,
    0.0831958995310227,
    0.0848221010720048,
    0.08533224289272386,
    0.08384339446996733,
    0.08061077984046298,
    0.08077596516088091,
    0.0801510183750146
  ],
  "std_centroid": [
    0.005382126773608093,
    0.005489943031208947,
    0.02816149297209696,
    0.03580874564983294,
    0.036077295529937506,
    0.035231988707982775,
    0.03519665464433956,
    0.033259071106313966,
    0.03026834999826213,
    0.025118651715280042,
    0.017738039215262097,
    0.013380204023035663,
    0.011161205752042113,
    0.01075363017591985
  ],
  "mean_widths": [
    0.06291666666666666,
    0.06385416666666667,
    0.06479166666666666,
    0.06614583333333333,
    0.06729166666666667,
    0.06875,
    0.07104166666666667,
    0.075,
    0.08229166666666667,
    0.094375,
    0.10958333333333334,
    0.11916666666666667,
    0.12208333333333334,
    0.12395833333333334
  ],
  "pca_var_frac": [
    0.2782997368367407,
    0.1407633378602038,
    0.13521915536676973,
    0.11864150625137261,
    0.11283699295212063,
    0.08653431051031683,
    0.051590777338998785,
    0.03532737057899482,
    0.024105141713483626,
    0.011327710397892328,
    0.0033305048413356515,
    0.0015701516749832198,
    0.00045330367678720024,
    4.226419399083324e-31
  ],
  "pca_cumulative": [
    0.2782997368367407,
    0.4190630746969445,
    0.5542822300637142,
    0.6729237363150868,
    0.7857607292672075,
    0.8722950397775243,
    0.9238858171165231,
    0.9592131876955179,
    0.9833183294090015,
    0.9946460398068939,
    0.9979765446482296,
    0.9995466963232128,
    1.0,
    1.0
  ],
  "eff_rank_95": 8,
  "eff_rank_99": 10,
  "pc_directions": [
    [
      -0.046854982018945696,
      -0.03496599081196517,
      -0.44212740712608634,
      0.38347453466824566,
      0.4040369617085174,
      0.38529772151167796,
      0.41216759265645725,
      -0.18920764248148825,
      -0.18004473716241282,
      -0.21699530964782726,
      -0.10375303529332561,
      -0.11129981963842782,
      -0.14182364188840943,
      -0.11790424447600997
    ],
    [
      0.000783582856682149,
      0.005124368213099537,
      0.08887404716189312,
      -0.6130013068310564,
      0.5671399164331479,
      -0.12533253513167109,
      0.2079150521406112,
      0.34674255616847466,
      -0.32036766915257686,
      0.013380172471448551,
      -0.10111834405792387,
      -0.045977890855048914,
      -0.01675386287657849,
      -0.007408086540500635
    ],
    [
      0.016886795250527845,
      0.016243773176234468,
      0.10215589225967005,
      -0.4632207670925029,
      0.1371761142949895,
      0.21634544763250185,
      0.12802964040644965,
      -0.728713448520482,
      0.3746809300917812,
      0.13290054470881682,
      -0.022675248578960566,
      0.020747226123615684,
      0.03464365864453626,
      0.034799441602822404
    ],
    [
      0.0009013182210753382,
      0.0005699987435268606,
      0.037247199001274815,
      -0.24977816025313027,
      -0.23443771638877262,
      0.8369901874725734,
      -0.30208979800428065,
      0.20963778492984256,
      -0.20159249001381296,
      -0.02055820542253607,
      -0.06386064579776397,
      -0.018611485875305755,
      0.003103312165906086,
      0.002478701221402724
    ],
    [
      -0.009681472670315546,
      -0.010503153161689711,
      -0.08683796522756596,
      0.14865461555977952,
      0.5908480754629254,
      -0.0013026381799764498,
      -0.7574292382775125,
      -0.02864525610986812,
      0.21152873974303907,
      -0.03257217248345903,
      0.013418410400441862,
      -0.005341982263320521,
      -0.01467615404765783,
      -0.017459808744821288
    ]
  ],
  "dist_from_mean_stats": {
    "min": 0.02127400772792231,
    "median": 0.09748528497148103,
    "max": 0.12538144385676578,
    "std": 0.017344716339211627,
    "rel_spread": 0.1828045973689874
  },
  "gap_fast": {
    "min": 0.2817325301637479,
    "median": 0.4709596893491128,
    "max": 0.6263354700854675
  },
  "gap_epi": {
    "min": 0.2204250583817049,
    "median": 0.4474068256628957,
    "max": 1.6527777777777752
  },
  "top_windows": [
    {
      "w_idx": 137,
      "ell": 7,
      "s_lo": 12,
      "count": 49
    },
    {
      "w_idx": 158,
      "ell": 8,
      "s_lo": 11,
      "count": 32
    },
    {
      "w_idx": 159,
      "ell": 8,
      "s_lo": 12,
      "count": 30
    },
    {
      "w_idx": 136,
      "ell": 7,
      "s_lo": 11,
      "count": 22
    },
    {
      "w_idx": 114,
      "ell": 6,
      "s_lo": 12,
      "count": 22
    }
  ]
}