{
  "d": 4,
  "S": 200,
  "c_target": 1.281,
  "n_cells_target": 30,
  "n_cells_actual": 30,
  "max_depth": 8,
  "by_depth": {
    "1": {
      "n_cert": 0,
      "cert_rate": 0.0,
      "avg_time_s": 0.2955553372701009,
      "med_time_s": 0.2978520393371582,
      "max_time_s": 0.4092671871185303,
      "avg_shor_calls": 2.0,
      "elapsed_s": 8.867661237716675
    },
    "2": {
      "n_cert": 0,
      "cert_rate": 0.0,
      "avg_time_s": 0.5091090122858684,
      "med_time_s": 0.5141341686248779,
      "max_time_s": 0.7275130748748779,
      "avg_shor_calls": 3.033333333333333,
      "elapsed_s": 15.27327036857605
    },
    "3": {
      "n_cert": 0,
      "cert_rate": 0.0,
      "avg_time_s": 0.7218978881835938,
      "med_time_s": 0.724328875541687,
      "max_time_s": 0.9629724025726318,
      "avg_shor_calls": 4.066666666666666,
      "elapsed_s": 21.656936645507812
    },
    "4": {
      "n_cert": 0,
      "cert_rate": 0.0,
      "avg_time_s": 0.9226984739303589,
      "med_time_s": 0.9331498146057129,
      "max_time_s": 1.1678924560546875,
      "avg_shor_calls": 5.066666666666666,
      "elapsed_s": 27.680954217910767
    },
    "5": {
      "n_cert": 0,
      "cert_rate": 0.0,
      "avg_time_s": 1.0381892283757528,
      "med_time_s": 1.0150837898254395,
      "max_time_s": 1.535478115081787,
      "avg_shor_calls": 7.033333333333333,
      "elapsed_s": 31.145676851272583
    },
    "6": {
      "n_cert": 0,
      "cert_rate": 0.0,
      "avg_time_s": 1.2171342372894287,
      "med_time_s": 1.1977802515029907,
      "max_time_s": 1.6114282608032227,
      "avg_shor_calls": 9.0,
      "elapsed_s": 36.51402711868286
    },
    "7": {
      "n_cert": 0,
      "cert_rate": 0.0,
      "avg_time_s": 1.728871742884318,
      "med_time_s": 1.7294179201126099,
      "max_time_s": 2.285749912261963,
      "avg_shor_calls": 11.0,
      "elapsed_s": 51.86615228652954
    },
    "8": {
      "n_cert": 0,
      "cert_rate": 0.0,
      "avg_time_s": 2.1073733886082966,
      "med_time_s": 2.0850969552993774,
      "max_time_s": 2.688927412033081,
      "avg_shor_calls": 12.966666666666667,
      "elapsed_s": 63.22138953208923
    }
  }
}