{
  "n_total": 720,
  "n_violations": 0,
  "cases": [
    {
      "case_idx": 0,
      "n_half": 2,
      "m": 8,
      "d": 4,
      "ell": 4,
      "s_lo": 1,
      "a": [
        16.0,
        16.0,
        16.0,
        16.0
      ],
      "cascade_TV_W": 1.125,
      "min_window_avg_observed": 1.2955072785998956,
      "min_diff": 0.17050727859989556,
      "per_shape": {
        "random_pwl": {
          "min": 1.329091718422371,
          "max": 1.4268484540486002,
          "mean": 1.3794674355861327,
          "min_minus_cascade": 0.20409171842237095
        },
        "random_skew": {
          "min": 1.2955072785998956,
          "max": 1.3743082093440826,
          "mean": 1.3345966984278588,
          "min_minus_cascade": 0.17050727859989556
        },
        "random_polypeak": {
          "min": 1.2955935190689956,
          "max": 1.4883078859874526,
          "mean": 1.3739940464441525,
          "min_minus_cascade": 0.17059351906899556
        },
        "oscillatory": {
          "min": 1.3389528850109624,
          "max": 1.395420865027901,
          "mean": 1.3716110016199141,
          "min_minus_cascade": 0.21395288501096243
        }
      }
    },
    {
      "case_idx": 1,
      "n_half": 2,
      "m": 10,
      "d": 4,
      "ell": 4,
      "s_lo": 1,
      "a": [
        12.0,
        20.0,
        28.0,
        20.0
      ],
      "cascade_TV_W": 0.985,
      "min_window_avg_observed": 1.128809820880945,
      "min_diff": 0.14380982088094496,
      "per_shape": {
        "random_pwl": {
          "min": 1.2037104938895349,
          "max": 1.3448517726419007,
          "mean": 1.252985854008737,
          "min_minus_cascade": 0.2187104938895349
        },
        "random_skew": {
          "min": 1.128809820880945,
          "max": 1.2647733270954449,
          "mean": 1.1739187083384583,
          "min_minus_cascade": 0.14380982088094496
        },
        "random_polypeak": {
          "min": 1.147808270613323,
          "max": 1.3339707019283038,
          "mean": 1.261426805948402,
          "min_minus_cascade": 0.16280827061332304
        },
        "oscillatory": {
          "min": 1.2061904217304886,
          "max": 1.2875029650971292,
          "mean": 1.2574095271073644,
          "min_minus_cascade": 0.22119042173048864
        }
      }
    },
    {
      "case_idx": 2,
      "n_half": 2,
      "m": 10,
      "d": 4,
      "ell": 3,
      "s_lo": 2,
      "a": [
        12.0,
        20.0,
        28.0,
        20.0
      ],
      "cascade_TV_W": 1.1133333333333333,
      "min_window_avg_observed": 1.4021213094560185,
      "min_diff": 0.28878797612268525,
      "per_shape": {
        "random_pwl": {
          "min": 1.4642835950564062,
          "max": 1.6275566159120312,
          "mean": 1.5375758605355208,
          "min_minus_cascade": 0.35095026172307286
        },
        "random_skew": {
          "min": 1.4021213094560185,
          "max": 1.5410875197790876,
          "mean": 1.4570924015040374,
          "min_minus_cascade": 0.28878797612268525
        },
        "random_polypeak": {
          "min": 1.4094214351649308,
          "max": 1.6624125155629095,
          "mean": 1.5342548155934854,
          "min_minus_cascade": 0.2960881018315975
        },
        "oscillatory": {
          "min": 1.5155519208486632,
          "max": 1.5788448926034946,
          "mean": 1.545229125402598,
          "min_minus_cascade": 0.4022185875153299
        }
      }
    },
    {
      "case_idx": 3,
      "n_half": 2,
      "m": 10,
      "d": 4,
      "ell": 2,
      "s_lo": 3,
      "a": [
        12.0,
        20.0,
        28.0,
        20.0
      ],
      "cascade_TV_W": 1.0,
      "min_window_avg_observed": 1.682827131556481,
      "min_diff": 0.6828271315564809,
      "per_shape": {
        "random_pwl": {
          "min": 1.772313506497833,
          "max": 1.898743031996806,
          "mean": 1.8249595040056343,
          "min_minus_cascade": 0.772313506497833
        },
        "random_skew": {
          "min": 1.7241157131888294,
          "max": 1.8519095865135955,
          "mean": 1.7684330978012748,
          "min_minus_cascade": 0.7241157131888294
        },
        "random_polypeak": {
          "min": 1.682827131556481,
          "max": 2.0000147793113587,
          "mean": 1.8321255382837904,
          "min_minus_cascade": 0.6828271315564809
        },
        "oscillatory": {
          "min": 1.7791774712626376,
          "max": 1.8837947207078445,
          "mean": 1.8310248426545919,
          "min_minus_cascade": 0.7791774712626376
        }
      }
    },
    {
      "case_idx": 4,
      "n_half": 3,
      "m": 8,
      "d": 6,
      "ell": 4,
      "s_lo": 4,
      "a": [
        8.0,
        16.0,
        24.0,
        16.0,
        24.0,
        8.0
      ],
      "cascade_TV_W": 1.5625,
      "min_window_avg_observed": 1.8178728948340779,
      "min_diff": 0.2553728948340779,
      "per_shape": {
        "random_pwl": {
          "min": 1.8723397454351467,
          "max": 1.9650907676880423,
          "mean": 1.9254127225502768,
          "min_minus_cascade": 0.3098397454351467
        },
        "random_skew": {
          "min": 1.8722681114058823,
          "max": 1.953886627613412,
          "mean": 1.9166485837587606,
          "min_minus_cascade": 0.30976811140588234
        },
        "random_polypeak": {
          "min": 1.8178728948340779,
          "max": 1.987554906015663,
          "mean": 1.906018772393254,
          "min_minus_cascade": 0.2553728948340779
        },
        "oscillatory": {
          "min": 1.898167230681959,
          "max": 1.96110088478709,
          "mean": 1.9216836129518078,
          "min_minus_cascade": 0.33566723068195903
        }
      }
    },
    {
      "case_idx": 5,
      "n_half": 3,
      "m": 8,
      "d": 6,
      "ell": 6,
      "s_lo": 2,
      "a": [
        8.0,
        16.0,
        24.0,
        16.0,
        24.0,
        8.0
      ],
      "cascade_TV_W": 1.4027777777777777,
      "min_window_avg_observed": 1.5008089018169937,
      "min_diff": 0.09803112403921599,
      "per_shape": {
        "random_pwl": {
          "min": 1.5306439227927395,
          "max": 1.5828039193061079,
          "mean": 1.554133477477824,
          "min_minus_cascade": 0.12786614501496185
        },
        "random_skew": {
          "min": 1.5008089018169937,
          "max": 1.5491245417563237,
          "mean": 1.5201803093874562,
          "min_minus_cascade": 0.09803112403921599
        },
        "random_polypeak": {
          "min": 1.5069938213570637,
          "max": 1.5978301146971672,
          "mean": 1.551964154336995,
          "min_minus_cascade": 0.10421604357928604
        },
        "oscillatory": {
          "min": 1.5410282202796506,
          "max": 1.577107069050638,
          "mean": 1.5544494164933167,
          "min_minus_cascade": 0.1382504425018729
        }
      }
    }
  ]
}