{
  "configs": [
    [
      2,
      20
    ],
    [
      4,
      20
    ],
    [
      8,
      20
    ],
    [
      16,
      20
    ]
  ],
  "results": [
    {
      "family": "uniform",
      "d": 2,
      "m": 20,
      "M_input": 2.0,
      "M_actual": 2.0499871875800775,
      "TV_input": 0.0,
      "L_input": 0.0,
      "err_l1": 0.02499984218848629,
      "err_linf": 0.050012187423828625,
      "conv_diff_linf": 0.05063717324426986,
      "bound_inf": 2.1012500000000003,
      "bound_TV": 0.10125,
      "bound_lip": 0.10125,
      "bound_quant": 0.10125,
      "bound_actual_l1": 0.10249871235584156,
      "sat_inf": true,
      "sat_TV": true,
      "sat_lip": true,
      "sat_quant": true,
      "sat_actual_l1": true
    },
    {
      "family": "triangle",
      "d": 2,
      "m": 20,
      "M_input": 8.0,
      "M_actual": 8.0,
      "TV_input": 16.0,
      "L_input": 32.0,
      "err_l1": 1.2501533730664183,
      "err_linf": 6.046012187423829,
      "conv_diff_linf": 8.684875372792302,
      "bound_inf": 32.10125,
      "bound_TV": 64.10125,
      "bound_lip": 64.60125000000001,
      "bound_quant": 0.10125,
      "bound_actual_l1": 20.002453969062692,
      "sat_inf": true,
      "sat_TV": true,
      "sat_lip": true,
      "sat_quant": false,
      "sat_actual_l1": true
    },
    {
      "family": "cos2_bump",
      "d": 2,
      "m": 20,
      "M_input": 4.0,
      "M_actual": 4.0,
      "TV_input": 8.0,
      "L_input": 25.132730893296866,
      "err_l1": 0.6368124028275688,
      "err_linf": 2.050009720023236,
      "conv_diff_linf": 1.0569256871958232,
      "bound_inf": 8.10125,
      "bound_TV": 16.10125,
      "bound_lip": 25.491060461379973,
      "bound_quant": 0.10125,
      "bound_actual_l1": 5.09449922262055,
      "sat_inf": true,
      "sat_TV": true,
      "sat_lip": true,
      "sat_quant": false,
      "sat_actual_l1": true
    },
    {
      "family": "gauss_sig0.07",
      "d": 2,
      "m": 20,
      "M_input": 5.70119959201478,
      "M_actual": 5.70119959201478,
      "TV_input": 11.40239918402956,
      "L_input": 49.39926677364565,
      "err_l1": 0.8946049300215795,
      "err_linf": 3.7512026895230366,
      "conv_diff_linf": 2.0549499614903377,
      "bound_inf": 16.35308839399475,
      "bound_TV": 32.6049267879895,
      "bound_lip": 71.0038252908705,
      "bound_quant": 0.10125,
      "bound_actual_l1": 10.200642524106879,
      "sat_inf": true,
      "sat_TV": true,
      "sat_lip": true,
      "sat_quant": false,
      "sat_actual_l1": true
    },
    {
      "family": "double_bump",
      "d": 2,
      "m": 20,
      "M_input": 5.264144858458989,
      "M_actual": 5.264144858458989,
      "TV_input": 21.056579433835957,
      "L_input": 63.85713654788742,
      "err_l1": 0.6056344352219932,
      "err_linf": 2.8640248524586895,
      "conv_diff_linf": 1.5350193682762259,
      "bound_inf": 13.956860545420106,
      "bound_TV": 55.523692181680424,
      "bound_lip": 84.70186860496605,
      "bound_quant": 0.10125,
      "bound_actual_l1": 6.376294796559138,
      "sat_inf": true,
      "sat_TV": true,
      "sat_lip": true,
      "sat_quant": false,
      "sat_actual_l1": true
    },
    {
      "family": "random_step",
      "d": 2,
      "m": 20,
      "M_input": 2.8496972196704102,
      "M_actual": 2.8996737866989957,
      "TV_input": 11.398788878681641,
      "L_input": 1000000000.0,
      "err_l1": 0.024994530585171572,
      "err_linf": 0.050001561560733876,
      "conv_diff_linf": 0.0718693730961859,
      "bound_inf": 4.161637121898632,
      "bound_TV": 16.342798487594532,
      "bound_lip": Infinity,
      "bound_quant": 0.10125,
      "bound_actual_l1": 0.14495197029733664,
      "sat_inf": true,
      "sat_TV": true,
      "sat_lip": true,
      "sat_quant": true,
      "sat_actual_l1": true
    },
    {
      "family": "uniform",
      "d": 4,
      "m": 20,
      "M_input": 2.0,
      "M_actual": 2.0499871875800775,
      "TV_input": 0.0,
      "L_input": 0.0,
      "err_l1": 0.012503045293466866,
      "err_linf": 0.050012187423828625,
      "conv_diff_linf": 0.025331239588961996,
      "bound_inf": 2.1012500000000003,
      "bound_TV": 0.10125,
      "bound_lip": 0.10125,
      "bound_quant": 0.10125,
      "bound_actual_l1": 0.05126216531468093,
      "sat_inf": true,
      "sat_TV": true,
      "sat_lip": true,
      "sat_quant": true,
      "sat_actual_l1": true
    },
    {
      "family": "triangle",
      "d": 4,
      "m": 20,
      "M_input": 8.0,
      "M_actual": 8.0,
      "TV_input": 16.0,
      "L_input": 32.0,
      "err_l1": 1.0626557168017698,
      "err_linf": 5.000018749882813,
      "conv_diff_linf": 8.194635086931465,
      "bound_inf": 32.10125,
      "bound_TV": 32.10125,
      "bound_lip": 32.50125,
      "bound_quant": 0.10125,
      "bound_actual_l1": 17.002491468828318,
      "sat_inf": true,
      "sat_TV": true,
      "sat_lip": true,
      "sat_quant": false,
      "sat_actual_l1": true
    },
    {
      "family": "cos2_bump",
      "d": 4,
      "m": 20,
      "M_input": 4.0,
      "M_actual": 4.0,
      "TV_input": 8.0,
      "L_input": 25.132730893296866,
      "err_l1": 0.2680483184075515,
      "err_linf": 1.2968605961315027,
      "conv_diff_linf": 0.361271752529146,
      "bound_inf": 8.10125,
      "bound_TV": 8.10125,
      "bound_lip": 12.846155230689986,
      "bound_quant": 0.10125,
      "bound_actual_l1": 2.144386547260412,
      "sat_inf": true,
      "sat_TV": true,
      "sat_lip": true,
      "sat_quant": false,
      "sat_actual_l1": true
    },
    {
      "family": "gauss_sig0.07",
      "d": 4,
      "m": 20,
      "M_input": 5.70119959201478,
      "M_actual": 5.70119959201478,
      "TV_input": 11.40239918402956,
      "L_input": 49.39926677364565,
      "err_l1": 0.39452681154281344,
      "err_linf": 2.588762641371366,
      "conv_diff_linf": 0.7332320092428972,
      "bound_inf": 16.35308839399475,
      "bound_TV": 16.35308839399475,
      "bound_lip": 35.64506763523561,
      "bound_quant": 0.10125,
      "bound_actual_l1": 4.49855219401356,
      "sat_inf": true,
      "sat_TV": true,
      "sat_lip": true,
      "sat_quant": false,
      "sat_actual_l1": true
    },
    {
      "family": "double_bump",
      "d": 4,
      "m": 20,
      "M_input": 5.264144858458989,
      "M_actual": 5.264144858458989,
      "TV_input": 21.056579433835957,
      "L_input": 63.85713654788742,
      "err_l1": 0.3319616386884562,
      "err_linf": 2.1248474090668545,
      "conv_diff_linf": 0.6447198380871402,
      "bound_inf": 13.956860545420106,
      "bound_TV": 27.812471090840212,
      "bound_lip": 42.4831629239445,
      "bound_quant": 0.10125,
      "bound_actual_l1": 3.4949883070149146,
      "sat_inf": true,
      "sat_TV": true,
      "sat_lip": true,
      "sat_quant": false,
      "sat_actual_l1": true
    },
    {
      "family": "random_step",
      "d": 4,
      "m": 20,
      "M_input": 2.599861882337501,
      "M_actual": 2.599861882337501,
      "TV_input": 10.399447529350004,
      "L_input": 1000000000.0,
      "err_l1": 0.012502459429971434,
      "err_linf": 0.050003905652886926,
      "conv_diff_linf": 0.03250507696066196,
      "bound_inf": 3.480890903615747,
      "bound_TV": 6.860531807231493,
      "bound_lip": Infinity,
      "bound_quant": 0.10125,
      "bound_actual_l1": 0.06500933541490754,
      "sat_inf": true,
      "sat_TV": true,
      "sat_lip": true,
      "sat_quant": true,
      "sat_actual_l1": true
    },
    {
      "family": "uniform",
      "d": 8,
      "m": 20,
      "M_input": 2.0,
      "M_actual": 2.0499871875800775,
      "TV_input": 0.0,
      "L_input": 0.0,
      "err_l1": 0.006254646845957154,
      "err_linf": 0.050012187423828625,
      "conv_diff_linf": 0.012678272761308784,
      "bound_inf": 2.1012500000000003,
      "bound_TV": 0.10125,
      "bound_lip": 0.10125,
      "bound_quant": 0.10125,
      "bound_actual_l1": 0.025643891794100617,
      "sat_inf": true,