{
  "config": "eps(d,m) for various (d,m) and step functions",
  "M_caps_tested": [
    1.5,
    4.0,
    10.0,
    100.0
  ],
  "d2_m20": [
    {
      "a": [
        40.0,
        40.0
      ],
      "n_half": 1,
      "m": 20,
      "d": 2,
      "step_ff_inf": 2.0,
      "step_max_height": 2.0,
      "per_M": {
        "1.5": {
          "M_cap": 1.5,
          "feasible": false,
          "reason": "step_max_height=2.0 > M_cap=1.5"
        },
        "4.0": {
          "M_cap": 4.0,
          "min_continuous_ff_inf": 1.631896772993856,
          "eps": 0.36810322700614395,
          "slsqp_val": 1.631896772993856,
          "fourier_de_val": 1.845588712264556,
          "wall_s": 21.4205002784729
        },
        "10.0": {
          "M_cap": 10.0,
          "min_continuous_ff_inf": 1.6209730918464857,
          "eps": 0.37902690815351425,
          "slsqp_val": 1.6209730918464857,
          "fourier_de_val": 1.7969827030243213,
          "wall_s": 21.73604679107666
        },
        "100.0": {
          "M_cap": 100.0,
          "min_continuous_ff_inf": 1.617399616802528,
          "eps": 0.382600383197472,
          "slsqp_val": 1.617399616802528,
          "fourier_de_val": 1.9393340801720331,
          "wall_s": 22.011932611465454
        }
      }
    },
    {
      "a": [
        35.0,
        45.0
      ],
      "n_half": 1,
      "m": 20,
      "d": 2,
      "step_ff_inf": 1.96875,
      "step_max_height": 2.25,
      "per_M": {
        "1.5": {
          "M_cap": 1.5,
          "feasible": false,
          "reason": "step_max_height=2.25 > M_cap=1.5"
        },
        "4.0": {
          "M_cap": 4.0,
          "min_continuous_ff_inf": 1.5766121914329077,
          "eps": 0.39213780856709235,
          "slsqp_val": 1.5766121914329077,
          "fourier_de_val": 1.6520387409470632,
          "wall_s": 22.963552236557007
        },
        "10.0": {
          "M_cap": 10.0,
          "min_continuous_ff_inf": 1.5599873983979475,
          "eps": 0.40876260160205247,
          "slsqp_val": 1.5599873983979475,
          "fourier_de_val": 1.8549546800246972,
          "wall_s": 27.267831563949585
        },
        "100.0": {
          "M_cap": 100.0,
          "min_continuous_ff_inf": 1.5599873983979475,
          "eps": 0.40876260160205247,
          "slsqp_val": 1.5599873983979475,
          "fourier_de_val": 1.7203695494376516,
          "wall_s": 24.236701250076294
        }
      }
    },
    {
      "a": [
        30.0,
        50.0
      ],
      "n_half": 1,
      "m": 20,
      "d": 2,
      "step_ff_inf": 1.875,
      "step_max_height": 2.5,
      "per_M": {
        "1.5": {
          "M_cap": 1.5,
          "feasible": false,
          "reason": "step_max_height=2.5 > M_cap=1.5"
        },
        "4.0": {
          "M_cap": 4.0,
          "min_continuous_ff_inf": 1.5534432706022376,
          "eps": 0.32155672939776236,
          "slsqp_val": 1.5534432706022376,
          "fourier_de_val": 1.7434739982774865,
          "wall_s": 16.72910189628601
        },
        "10.0": {
          "M_cap": 10.0,
          "min_continuous_ff_inf": 1.5459269820457273,
          "eps": 0.3290730179542727,
          "slsqp_val": 1.5459269820457273,
          "fourier_de_val": 1.691022144247853,
          "wall_s": 20.82635998725891
        },
        "100.0": {
          "M_cap": 100.0,
          "min_continuous_ff_inf": 1.5459269820457273,
          "eps": 0.3290730179542727,
          "slsqp_val": 1.5459269820457273,
          "fourier_de_val": 1.7272823042661245,
          "wall_s": 27.237589359283447
        }
      }
    },
    {
      "a": [
        20.0,
        60.0
      ],
      "n_half": 1,
      "m": 20,
      "d": 2,
      "step_ff_inf": 2.25,
      "step_max_height": 3.0,
      "per_M": {
        "1.5": {
          "M_cap": 1.5,
          "feasible": false,
          "reason": "step_max_height=3.0 > M_cap=1.5"
        },
        "4.0": {
          "M_cap": 4.0,
          "min_continuous_ff_inf": 1.9998916555428825,
          "eps": 0.2501083444571175,
          "slsqp_val": 1.9998916555428825,
          "fourier_de_val": 2.1155842230683444,
          "wall_s": 11.658983707427979
        },
        "10.0": {
          "M_cap": 10.0,
          "min_continuous_ff_inf": 1.7605069170911052,
          "eps": 0.4894930829088948,
          "slsqp_val": 1.7605069170911052,
          "fourier_de_val": 1.9137638742325382,
          "wall_s": 25.49623131752014
        },
        "100.0": {
          "M_cap": 100.0,
          "min_continuous_ff_inf": 1.7605069170911052,
          "eps": 0.4894930829088948,
          "slsqp_val": 1.7605069170911052,
          "fourier_de_val": 2.634838263682411,
          "wall_s": 23.11969804763794
        }
      }
    }
  ],
  "d4_m20": [
    {
      "a": [
        40.0,
        40.0,
        40.0,
        40.0
      ],
      "n_half": 2,
      "m": 20,
      "d": 4,
      "step_ff_inf": 2.0,
      "step_max_height": 2.0,
      "per_M": {
        "1.5": {
          "M_cap": 1.5,
          "feasible": false,
          "reason": "step_max_height=2.0 > M_cap=1.5"
        },
        "4.0": {
          "M_cap": 4.0,
          "min_continuous_ff_inf": 1.694297537326474,
          "eps": 0.3057024626735261,
          "slsqp_val": 1.694297537326474,
          "fourier_de_val": 1.8267369733217895,
          "wall_s": 11.34593653678894
        },
        "10.0": {
          "M_cap": 10.0,
          "min_continuous_ff_inf": 1.6581349476761627,
          "eps": 0.34186505232383735,
          "slsqp_val": 1.6581349476761627,
          "fourier_de_val": 1.907991708575753,
          "wall_s": 10.382152557373047
        },
        "100.0": {
          "M_cap": 100.0,
          "min_continuous_ff_inf": 1.6657689503186195,
          "eps": 0.3342310496813805,
          "slsqp_val": 1.6657689503186195,
          "fourier_de_val": 1.8408489303932178,
          "wall_s": 12.932506561279297
        }
      }
    },
    {
      "a": [
        20.0,
        60.0,
        60.0,
        20.0
      ],
      "n_half": 2,
      "m": 20,
      "d": 4,
      "step_ff_inf": 2.5,
      "step_max_height": 3.0,
      "per_M": {
        "1.5": {
          "M_cap": 1.5,
          "feasible": false,
          "reason": "step_max_height=3.0 > M_cap=1.5"
        },
        "4.0": {
          "M_cap": 4.0,
          "min_continuous_ff_inf": 2.2468392363732788,
          "eps": 0.25316076362672124,
          "slsqp_val": 2.2468392363732788,
          "fourier_de_val": 2.5594209962239813,
          "wall_s": 6.467111587524414
        },
        "10.0": {
          "M_cap": 10.0,
          "min_continuous_ff_inf": 2.1664952674833127,
          "eps": 0.33350473251668733,
          "slsqp_val": 2.1664952674833127,
          "fourier_de_val": 2.719348120605092,
          "wall_s": 13.379530191421509
        },
        "100.0": {
          "M_cap": 100.0,
          "min_continuous_ff_inf": 2.1664952674833127,
          "eps": 0.33350473251668733,
          "slsqp_val": 2.1664952674833127,
          "fourier_de_val": 3.7102715077576067,
          "wall_s": 11.356603145599365
        }
      }
    },
    {
      "a": [
        20.0,
        50.0,
        50.0,
        40.0
      ],
      "n_half": 2,
      "m": 20,
      "d": 4,
      "step_ff_inf": 2.0625,
      "step_max_height": 2.5,
      "per_M": {
        "1.5": {
          "M_cap": 1.5,
          "feasible": false,
          "reason": "step_max_height=2.5 > M_cap=1.5"
        },
        "4.0": {
          "M_cap": 4.0,
          "min_continuous_ff_inf": 1.8734511129251057,
          "eps": 0.1890488870748943,
          "slsqp_val": 1.8734511129251057,
          "fourier_de_val": 2.457237077123086,
          "wall_s": 18.742310047149658
        },
        "10.0": {
          "M_cap": 10.0,
          "min_continuous_ff_inf": 1.8749652668727288,
          "eps": 0.1875347331272712,
          "slsqp_val": 1.8749652668727288,
          "fourier_de_val": 2.041724562688698,