{
  "config": {
    "n_cells": 8,
    "n_quad": 4096
  },
  "summary": [
    {
      "label": "d=4 palindromic step (eps=0)",
      "d": 4,
      "K": 0,
      "scale": 0.0,
      "mu": [
        0.2,
        0.3,
        0.3,
        0.2
      ],
      "true_inf": 2.0799218749999913,
      "max_S": 2.08,
      "Theta": 0.8888888888888888,
      "bounds": {
        "B1": 1.0,
        "B2": 1.4527999858871086,
        "B4": 2.0799218750000006,
        "B5": 2.08,
        "B6": 0.8888888888888888
      },
      "sound": {
        "B1": true,
        "B2": true,
        "B4": 1.0,
        "B5": 1.0,
        "B6": 1.0
      },
      "catches": {
        "B1": false,
        "B2": false,
        "B4": 1.0,
        "B5": 1.0,
        "B6": 0.0
      },
      "has_negative": false
    },
    {
      "label": "d=4 palindromic + small eps",
      "d": 4,
      "K": 2,
      "scale": 0.3,
      "mu": [
        0.2,
        0.3,
        0.3,
        0.2
      ],
      "true_inf": 2.103272340609251,
      "max_S": 2.08,
      "Theta": 0.8888888888888888,
      "bounds": {
        "B1": 1.0,
        "B2": 1.4704809056412167,
        "B4": 2.1032723406092515,
        "B5": 2.0549447478459246,
        "B6": 0.8888888888888888
      },
      "sound": {
        "B1": true,
        "B2": true,
        "B4": 1.0,
        "B5": 1.0,
        "B6": 1.0
      },
      "catches": {
        "B1": false,
        "B2": false,
        "B4": 1.0,
        "B5": 1.0,
        "B6": 0.0
      },
      "has_negative": false
    },
    {
      "label": "d=4 palindromic + larger eps",
      "d": 4,
      "K": 3,
      "scale": 0.6,
      "mu": [
        0.2,
        0.3,
        0.3,
        0.2
      ],
      "true_inf": 2.064489960370725,
      "max_S": 2.08,
      "Theta": 0.8888888888888888,
      "bounds": {
        "B1": 1.0,
        "B2": 1.4730246361733146,
        "B4": 2.064489960370725,
        "B5": 2.026311198595774,
        "B6": 0.8888888888888888
      },
      "sound": {
        "B1": true,
        "B2": true,
        "B4": 1.0,
        "B5": 1.0,
        "B6": 1.0
      },
      "catches": {
        "B1": false,
        "B2": false,
        "B4": 1.0,
        "B5": 1.0,
        "B6": 0.0
      },
      "has_negative": false
    },
    {
      "label": "d=8 narrow spike step",
      "d": 8,
      "K": 0,
      "scale": 0.0,
      "mu": [
        0.0,
        0.0,
        0.1,
        0.4,
        0.4,
        0.1,
        0.0,
        0.0
      ],
      "true_inf": 5.4399999999999995,
      "max_S": 5.440000000000001,
      "Theta": 0.9411764705882355,
      "bounds": {
        "B1": 1.0,
        "B2": 3.6842668731689434,
        "B4": 5.436875000000002,
        "B5": 5.440000000000001,
        "B6": 0.9411764705882355
      },
      "sound": {
        "B1": true,
        "B2": true,
        "B4": 1.0,
        "B5": 1.0,
        "B6": 1.0
      },
      "catches": {
        "B1": false,
        "B2": false,
        "B4": 1.0,
        "B5": 1.0,
        "B6": 0.0
      },
      "has_negative": false
    },
    {
      "label": "d=8 narrow spike + eps",
      "d": 8,
      "K": 3,
      "scale": 0.4,
      "mu": [
        0.0,
        0.0,
        0.1,
        0.4,
        0.4,
        0.1,
        0.0,
        0.0
      ],
      "true_inf": 5.4305734683945595,
      "max_S": 5.440000000000001,
      "Theta": 0.9411764705882355,
      "bounds": {
        "B1": 1.0,
        "B2": 3.7243186860539548,
        "B4": 5.427440210777193,
        "B5": 5.383623762868883,
        "B6": 0.9411764705882355
      },
      "sound": {
        "B1": true,
        "B2": true,
        "B4": 1.0,
        "B5": 1.0,
        "B6": 1.0
      },
      "catches": {
        "B1": false,
        "B2": false,
        "B4": 1.0,
        "B5": 1.0,
        "B6": 0.0
      },
      "has_negative": false
    },
    {
      "label": "d=8 uniform step",
      "d": 8,
      "K": 0,
      "scale": 0.0,
      "mu": [
        0.125,
        0.125,
        0.125,
        0.125,
        0.125,
        0.125,
        0.125,
        0.125
      ],
      "true_inf": 2.0,
      "max_S": 2.0,
      "Theta": 0.9411764705882353,
      "bounds": {
        "B1": 1.0,
        "B2": 1.3333333432674408,
        "B4": 2.0,
        "B5": 2.0,
        "B6": 0.9411764705882353
      },
      "sound": {
        "B1": true,
        "B2": true,
        "B4": 1.0,
        "B5": 1.0,
        "B6": 1.0
      },
      "catches": {
        "B1": false,
        "B2": false,
        "B4": 1.0,
        "B5": 1.0,
        "B6": 0.0
      },
      "has_negative": false
    },
    {
      "label": "d=10 random step",
      "d": 10,
      "K": 0,
      "scale": 0.0,
      "mu": [
        0.06294327711934748,
        0.012339460473171707,
        0.02654859926859695,
        0.03247110132475858,
        0.00967944140215004,
        0.24794898324341702,
        0.45216530749080935,
        0.016304104533356574,
        0.052478247120327455,
        0.08712147802406506
      ],
      "true_inf": 4.65196670700786,
      "max_S": 4.651548902483079,
      "Theta": 0.9523809523809529,
      "bounds": {
        "B1": 1.0,
        "B2": 2.476580490741611,
        "B4": 0.9481013487944432,
        "B5": 4.651548902483079,
        "B6": 0.9523809523809529
      },
      "sound": {
        "B1": true,
        "B2": true,
        "B4": 1.0,
        "B5": 1.0,
        "B6": 1.0
      },
      "catches": {
        "B1": false,
        "B2": false,
        "B4": 0.0,
        "B5": 1.0,
        "B6": 0.0
      },
      "has_negative": false
    },
    {
      "label": "d=10 random + eps",
      "d": 10,
      "K": 4,
      "scale": 0.5,
      "mu": [
        0.06294327711934748,
        0.012339460473171707,
        0.02654859926859695,
        0.03247110132475858,
        0.00967944140215004,
        0.24794898324341702,
        0.45216530749080935,
        0.016304104533356574,
        0.052478247120327455,
        0.08712147802406506
      ],
      "true_inf": 4.786637456111054,
      "max_S": 4.651548902483079,
      "Theta": 0.9523809523809529,
      "bounds": {
        "B1": 1.0,
        "B2": 2.519333239803887,
        "B4": 0.9492810768810813,
        "B5": 4.567067081096964,
        "B6": 0.9523809523809529
      },
      "sound": {
        "B1": true,
        "B2": true,
        "B4": 1.0,
        "B5": 1.0,
        "B6": 1.0
      },
      "catches": {
        "B1": false,
        "B2": false,
        "B4": 0.0,
        "B5": 1.0,
        "B6": 0.0
      },
      "has_negative": false
    }
  ],
  "aggregate": {
    "total_violations": 0,
    "soundness": "PROVEN",
    "catches_count": {
      "B1": 0,
      "B2": 0,
      "B4": 6,
      "B5": 8,
      "B6": 0
    },
    "catches_max_S": 8
  },
  "elapsed_s": 0.5714919567108154
}