{
  "deltas": [
    0.138,
    0.055
  ],
  "lambdas": [
    0.9312,
    0.06879999999999997
  ],
  "j0sq_verify": {
    "z_max": 200.0,
    "n": 2000,
    "min_diff_lower": 2.128682884477139e-08,
    "worst_z": 183.0,
    "n_violations": 0,
    "bound_holds_rigorously": true
  },
  "XI_sweep": {
    "XI=100.0": {
      "deltas": [
        0.138,
        0.055
      ],
      "lambdas": [
        0.9312,
        0.06879999999999997
      ],
      "XI": 100.0,
      "prec": 80,
      "bulk_lo": 2.1703828820207924,
      "bulk_hi": 2.1703828820207924,
      "bulk_midpoint": 2.1703828820207924,
      "tail_ub": 0.2593002185115466,
      "tail_method": "minkowski",
      "tail_ub_jensen": 0.290350410114421,
      "tail_ub_minkowski": 0.2593002185115466,
      "K2_lo": 4.340765764041585,
      "K2_hi": 4.859366201064678,
      "K2_width": 0.5186004370230934,
      "K2_midpoint": 4.600065982553131,
      "bulk_time_sec": 0.012358903884887695
    },
    "XI=1000.0": {
      "deltas": [
        0.138,
        0.055
      ],
      "lambdas": [
        0.9312,
        0.06879999999999997
      ],
      "XI": 1000.0,
      "prec": 80,
      "bulk_lo": 2.178427589192778,
      "bulk_hi": 2.178427589192778,
      "bulk_midpoint": 2.178427589192778,
      "tail_ub": 0.02593002185115466,
      "tail_method": "minkowski",
      "tail_ub_jensen": 0.029035041011442095,
      "tail_ub_minkowski": 0.02593002185115466,
      "K2_lo": 4.356855178385556,
      "K2_hi": 4.4087152220878645,
      "K2_width": 0.0518600437023089,
      "K2_midpoint": 4.38278520023671,
      "bulk_time_sec": 0.07629179954528809
    },
    "XI=10000.0": {
      "deltas": [
        0.138,
        0.055
      ],
      "lambdas": [
        0.9312,
        0.06879999999999997
      ],
      "XI": 10000.0,
      "prec": 100,
      "bulk_lo": 2.17923815370536,
      "bulk_hi": 2.17923815370536,
      "bulk_midpoint": 2.17923815370536,
      "tail_ub": 0.002593002185115466,
      "tail_method": "minkowski",
      "tail_ub_jensen": 0.0029035041011442097,
      "tail_ub_minkowski": 0.002593002185115466,
      "K2_lo": 4.35847630741072,
      "K2_hi": 4.363662311780951,
      "K2_width": 0.005186004370231423,
      "K2_midpoint": 4.361069309595836,
      "bulk_time_sec": 0.46719789505004883
    },
    "XI=100000.0": {
      "deltas": [
        0.138,
        0.055
      ],
      "lambdas": [
        0.9312,
        0.06879999999999997
      ],
      "XI": 100000.0,
      "prec": 128,
      "bulk_lo": 2.1793190433975282,
      "bulk_hi": 2.1793190433975282,
      "bulk_midpoint": 2.1793190433975282,
      "tail_ub": 0.0002593002185115466,
      "tail_method": "minkowski",
      "tail_ub_jensen": 0.000290350410114421,
      "tail_ub_minkowski": 0.0002593002185115466,
      "K2_lo": 4.3586380867950565,
      "K2_hi": 4.35915668723208,
      "K2_width": 0.0005186004370232311,
      "K2_midpoint": 4.3588973870135685,
      "bulk_time_sec": 4.148295640945435
    }
  },
  "best_XI": "XI=100000.0",
  "K2_best": {
    "deltas": [
      0.138,
      0.055
    ],
    "lambdas": [
      0.9312,
      0.06879999999999997
    ],
    "XI": 100000.0,
    "prec": 128,
    "bulk_lo": 2.1793190433975282,
    "bulk_hi": 2.1793190433975282,
    "bulk_midpoint": 2.1793190433975282,
    "tail_ub": 0.0002593002185115466,
    "tail_method": "minkowski",
    "tail_ub_jensen": 0.000290350410114421,
    "tail_ub_minkowski": 0.0002593002185115466,
    "K2_lo": 4.3586380867950565,
    "K2_hi": 4.35915668723208,
    "K2_width": 0.0005186004370232311,
    "K2_midpoint": 4.3588973870135685,
    "bulk_time_sec": 4.148295640945435
  },
  "k_1_lo": 0.9144970268207001,
  "k_1_hi": 0.9144970268207001,
  "S_1_lo": 54.67397111960172,
  "S_1_hi": 54.67397111960172,
  "M_cert_lower_bound": 1.2799456351574383,
  "beats_minkowski_1_272": true,
  "beats_1_275": true
}