{
  "K": 0,
  "n_calibration": 1,
  "calibration_results": [
    {
      "K": 0,
      "wall_s": 40.490807056427,
      "cache_build_s": 0.12006974220275879,
      "verdict": "feas",
      "lambda_star": -4.239233579593435e-06,
      "status": "solsta.optimal",
      "peak_rss_kb": 4788432,
      "peak_rss_gb": 4.57,
      "threads": 16,
      "error": null,
      "hash": "69700699b76079a3",
      "lp_val": 0.9999999999999998,
      "src": "split(57e58f27bf036d88)",
      "lo_int": [
        0,
        0,
        0,
        0,
        0,
        0,
        0,
        0,
        0,
        0,
        0,
        0,
        0,
        0,
        0,
        0,
        0,
        0,
        0,
        0,
        0,
        0
      ],
      "hi_int": [
        576460752303423488,
        576460752303423488,
        576460752303423488,
        576460752303423488,
        576460752303423488,
        576460752303423488,
        576460752303423488,
        576460752303423488,
        576460752303423488,
        576460752303423488,
        576460752303423488,
        576460752303423488,
        576460752303423488,
        576460752303423488,
        576460752303423488,
        576460752303423488,
        288230376151711744,
        288230376151711744,
        288230376151711744,
        288230376151711744,
        288230376151711744,
        288230376151711744
      ],
      "depth": 27,
      "volume": 3.725290298461914e-09,
      "iters_survived": 3
    }
  ],
  "max_rss_gb_calib": 4.57,
  "avg_calib_wall_s": 40.490807056427,
  "available_ram_gb": 749.7605171203613,
  "usable_ram_gb": 562.320387840271,
  "rss_with_safety_gb": 5.941000000000001,
  "n_parallel_by_ram": 94,
  "n_parallel_by_cores": 48,
  "n_parallel_chosen": 48,
  "threads_per_proc": 4,
  "headroom_frac": 0.25,
  "rss_safety_factor": 1.3,
  "min_threads_per_proc": 4,
  "max_threads_per_proc": 48
}