{
  "K": 32,
  "n_calibration": 1,
  "calibration_results": [
    {
      "K": 32,
      "wall_s": 106.07705426216125,
      "cache_build_s": 0.11518383026123047,
      "verdict": "feas",
      "lambda_star": -1.1768826559694883e-06,
      "status": "solsta.optimal",
      "peak_rss_kb": 45533656,
      "peak_rss_gb": 43.42,
      "threads": 16,
      "error": null,
      "hash": "8d60cce87ab6b1c1",
      "lp_val": 1.0,
      "src": "split(69700699b76079a3)",
      "lo_int": [
        0,
        0,
        0,
        0,
        0,
        0,
        0,
        0,
        0,
        0,
        0,
        0,
        0,
        0,
        0,
        0,
        0,
        0,
        0,
        0,
        0,
        0
      ],
      "hi_int": [
        576460752303423488,
        576460752303423488,
        576460752303423488,
        576460752303423488,
        576460752303423488,
        576460752303423488,
        576460752303423488,
        288230376151711744,
        288230376151711744,
        288230376151711744,
        288230376151711744,
        288230376151711744,
        288230376151711744,
        288230376151711744,
        288230376151711744,
        288230376151711744,
        288230376151711744,
        288230376151711744,
        288230376151711744,
        288230376151711744,
        288230376151711744,
        288230376151711744
      ],
      "depth": 36,
      "volume": 7.275957614183426e-12,
      "iters_survived": 4
    }
  ],
  "max_rss_gb_calib": 43.42,
  "avg_calib_wall_s": 106.07705426216125,
  "available_ram_gb": 749.7898139953613,
  "usable_ram_gb": 562.342360496521,
  "rss_with_safety_gb": 56.446000000000005,
  "n_parallel_by_ram": 9,
  "n_parallel_by_cores": 48,
  "n_parallel_chosen": 9,
  "threads_per_proc": 21,
  "headroom_frac": 0.25,
  "rss_safety_factor": 1.3,
  "min_threads_per_proc": 4,
  "max_threads_per_proc": 48
}