{
  "K": 16,
  "n_input": 377,
  "n_calibration": 2,
  "calibration": [
    {
      "K": 16,
      "wall_s": 62.81740951538086,
      "cache_build_s": 0.1343369483947754,
      "verdict": "feas",
      "lambda_star": -1.860775209670847e-07,
      "status": "solsta.optimal",
      "peak_rss_kb": 30498436,
      "peak_rss_gb": 29.09,
      "threads": 16,
      "error": null,
      "hash": "331804c3667c20d1",
      "lp_val": 1.007267441860465,
      "src": "split(ad4d8f586b6dbd0b)",
      "lo_int": [
        0,
        0,
        0,
        0,
        0,
        0,
        0,
        0,
        0,
        0,
        0,
        0,
        0,
        0,
        0,
        0,
        0,
        0,
        0,
        0,
        0,
        0
      ],
      "hi_int": [
        288230376151711744,
        288230376151711744,
        288230376151711744,
        288230376151711744,
        288230376151711744,
        288230376151711744,
        288230376151711744,
        288230376151711744,
        288230376151711744,
        288230376151711744,
        288230376151711744,
        144115188075855872,
        144115188075855872,
        144115188075855872,
        144115188075855872,
        144115188075855872,
        144115188075855872,
        144115188075855872,
        144115188075855872,
        144115188075855872,
        144115188075855872,
        144115188075855872
      ],
      "depth": 54,
      "volume": 2.7755575615628914e-17,
      "iters_survived": 6
    },
    {
      "K": 16,
      "wall_s": 80.71521663665771,
      "cache_build_s": 0.1179969310760498,
      "verdict": "feas",
      "lambda_star": -1.4452805061553704e-06,
      "status": "solsta.optimal",
      "peak_rss_kb": 33096220,
      "peak_rss_gb": 31.56,
      "threads": 16,
      "error": null,
      "hash": "f9149b78b276d93b",
      "lp_val": 1.007267441860465,
      "src": "split(ad4d8f586b6dbd0b)",
      "lo_int": [
        0,
        0,
        0,
        0,
        0,
        0,
        0,
        0,
        0,
        0,
        0,
        144115188075855872,
        0,
        0,
        0,
        0,
        0,
        0,
        0,
        0,
        0,
        0
      ],
      "hi_int": [
        288230376151711744,
        288230376151711744,
        288230376151711744,
        288230376151711744,
        288230376151711744,
        288230376151711744,
        288230376151711744,
        288230376151711744,
        288230376151711744,
        288230376151711744,
        288230376151711744,
        288230376151711744,
        144115188075855872,
        144115188075855872,
        144115188075855872,
        144115188075855872,
        144115188075855872,
        144115188075855872,
        144115188075855872,
        144115188075855872,
        144115188075855872,
        144115188075855872
      ],
      "depth": 54,
      "volume": 2.7755575615628914e-17,
      "iters_survived": 6
    }
  ],
  "max_rss_gb_observed": 67.26,
  "n_parallel": 13,
  "threads_per_proc": 14,
  "available_ram_gb_at_start": 749.7091102600098,
  "n_cert": 123,
  "n_fail": 254,
  "n_exception": 0,
  "sweep_wall_s": 3334.243414402008,
  "avg_solve_s": 113.21712817310971,
  "n_survivors_for_next_stage": 254
}