{
  "n_half": 5,
  "m": 5,
  "c_target": 1.28,
  "d": 10,
  "n_processed": 316251,
  "n_win": 190,
  "n_sigma": 252,
  "max_iter": 4,
  "margin": 1e-09,
  "surv_F": 558,
  "surv_Q": 240,
  "surv_QN_fast": 178,
  "surv_QN_iter": 178,
  "extra_Q_over_F": 318,
  "extra_QN_fast_over_Q": 62,
  "extra_QN_iter_over_Q": 62,
  "t_F": 0.697319746017456,
  "t_Q": 11.617126941680908,
  "t_QN_iter": 32.80802011489868,
  "t_pre": 0.009035587310791016,
  "wall_total": 45.13150238990784,
  "soundness_q_violators": 0,
  "soundness_iter_lt_fast": 0,
  "soundness_fast_lt_q": 0,
  "q_excess_min": -0.361916135881104,
  "q_excess_max": -0.0,
  "qn_fast_excess_min": -0.3048595743212269,
  "qn_fast_excess_max": 0.12086260859318965,
  "qn_iter_excess_min": -0.3044402600454428,
  "qn_iter_excess_max": 0.12086260859318965
}