{
  "worker_id": 2,
  "hash": "0169acc8db58598c",
  "src": "split(ad4d8f586b6dbd0b)",
  "lo_int": [
    0,
    0,
    0,
    0,
    0,
    0,
    0,
    0,
    0,
    0,
    0,
    0,
    0,
    0,
    144115188075855872,
    0,
    144115188075855872,
    0,
    0,
    0,
    0,
    0
  ],
  "hi_int": [
    288230376151711744,
    288230376151711744,
    288230376151711744,
    288230376151711744,
    288230376151711744,
    288230376151711744,
    288230376151711744,
    288230376151711744,
    288230376151711744,
    288230376151711744,
    288230376151711744,
    144115188075855872,
    144115188075855872,
    144115188075855872,
    288230376151711744,
    144115188075855872,
    288230376151711744,
    144115188075855872,
    144115188075855872,
    144115188075855872,
    144115188075855872,
    144115188075855872
  ],
  "depth": 54,
  "volume": 2.7755575615628914e-17,
  "lp_val": 1.0237050043898153,
  "iters_survived": 6,
  "K": 32,
  "wall_s": 136.85717821121216,
  "verdict": "feas",
  "lambda_star": -1.1874944025210698e-06,
  "status": "solsta.optimal",
  "peak_rss_kb": 64471180,
  "peak_rss_gb": 61.48,
  "threads": 21,
  "error": null
}