{
  "worker_id": 3,
  "hash": "07a3db80467fe8c1",
  "src": "split(12fcabc1c81348e3)",
  "lo_int": [
    0,
    0,
    0,
    0,
    0,
    0,
    0,
    0,
    0,
    0,
    0,
    0,
    0,
    0,
    0,
    0,
    144115188075855872,
    0,
    0,
    144115188075855872,
    144115188075855872,
    0
  ],
  "hi_int": [
    288230376151711744,
    288230376151711744,
    288230376151711744,
    288230376151711744,
    288230376151711744,
    288230376151711744,
    288230376151711744,
    288230376151711744,
    288230376151711744,
    288230376151711744,
    288230376151711744,
    144115188075855872,
    144115188075855872,
    144115188075855872,
    144115188075855872,
    144115188075855872,
    288230376151711744,
    144115188075855872,
    144115188075855872,
    288230376151711744,
    288230376151711744,
    144115188075855872
  ],
  "depth": 54,
  "volume": 2.7755575615628914e-17,
  "lp_val": 1.1375725341437501,
  "iters_survived": 6,
  "K": 32,
  "wall_s": 161.1946427822113,
  "verdict": "feas",
  "lambda_star": -9.569297405223788e-07,
  "status": "solsta.optimal",
  "peak_rss_kb": 92285716,
  "peak_rss_gb": 88.01,
  "threads": 21,
  "error": null
}