{
  "worker_id": 2,
  "hash": "0ced45f0deeb47f3",
  "src": "split(ad4d8f586b6dbd0b)",
  "lo_int": [
    0,
    0,
    0,
    0,
    0,
    0,
    0,
    0,
    0,
    0,
    0,
    0,
    0,
    0,
    0,
    144115188075855872,
    144115188075855872,
    0,
    144115188075855872,
    0,
    0,
    0
  ],
  "hi_int": [
    288230376151711744,
    288230376151711744,
    288230376151711744,
    288230376151711744,
    288230376151711744,
    288230376151711744,
    288230376151711744,
    288230376151711744,
    288230376151711744,
    288230376151711744,
    288230376151711744,
    144115188075855872,
    144115188075855872,
    144115188075855872,
    144115188075855872,
    288230376151711744,
    288230376151711744,
    144115188075855872,
    288230376151711744,
    144115188075855872,
    144115188075855872,
    144115188075855872
  ],
  "depth": 54,
  "volume": 2.7755575615628914e-17,
  "lp_val": 1.1782132905948348,
  "iters_survived": 6,
  "K": 32,
  "wall_s": 197.21523809432983,
  "verdict": "infeas",
  "lambda_star": 0.9999999951337928,
  "status": "solsta.optimal",
  "peak_rss_kb": 98645652,
  "peak_rss_gb": 94.08,
  "threads": 21,
  "error": null
}