{
  "worker_id": 8,
  "hash": "0ddab062af0dbaea",
  "src": "split(ad4d8f586b6dbd0b)",
  "lo_int": [
    0,
    0,
    0,
    0,
    0,
    0,
    0,
    0,
    0,
    0,
    0,
    0,
    0,
    144115188075855872,
    0,
    0,
    0,
    0,
    0,
    144115188075855872,
    0,
    0
  ],
  "hi_int": [
    288230376151711744,
    288230376151711744,
    288230376151711744,
    288230376151711744,
    288230376151711744,
    288230376151711744,
    288230376151711744,
    288230376151711744,
    288230376151711744,
    288230376151711744,
    288230376151711744,
    144115188075855872,
    144115188075855872,
    288230376151711744,
    144115188075855872,
    144115188075855872,
    144115188075855872,
    144115188075855872,
    144115188075855872,
    288230376151711744,
    144115188075855872,
    144115188075855872
  ],
  "depth": 54,
  "volume": 2.7755575615628914e-17,
  "lp_val": 1.0158026747020559,
  "iters_survived": 6,
  "K": 32,
  "wall_s": 111.24391269683838,
  "verdict": "feas",
  "lambda_star": -2.1571082137677807e-07,
  "status": "solsta.optimal",
  "peak_rss_kb": 101041756,
  "peak_rss_gb": 96.36,
  "threads": 21,
  "error": null
}