{
  "worker_id": 5,
  "hash": "0efe66ad18be1d44",
  "src": "split(15d4e341ea7c9e0f)",
  "lo_int": [
    0,
    0,
    0,
    0,
    0,
    0,
    0,
    0,
    0,
    0,
    0,
    144115188075855872,
    0,
    0,
    0,
    0,
    0,
    0,
    0,
    144115188075855872,
    144115188075855872,
    144115188075855872
  ],
  "hi_int": [
    288230376151711744,
    288230376151711744,
    288230376151711744,
    288230376151711744,
    288230376151711744,
    288230376151711744,
    288230376151711744,
    288230376151711744,
    288230376151711744,
    288230376151711744,
    288230376151711744,
    288230376151711744,
    144115188075855872,
    144115188075855872,
    144115188075855872,
    144115188075855872,
    144115188075855872,
    144115188075855872,
    144115188075855872,
    288230376151711744,
    288230376151711744,
    288230376151711744
  ],
  "depth": 54,
  "volume": 2.7755575615628914e-17,
  "lp_val": 1.2286976781464258,
  "iters_survived": 6,
  "K": 32,
  "wall_s": 163.0267367362976,
  "verdict": "feas",
  "lambda_star": -9.91025637124053e-07,
  "status": "solsta.optimal",
  "peak_rss_kb": 100646292,
  "peak_rss_gb": 95.98,
  "threads": 21,
  "error": null
}