{
  "worker_id": 7,
  "hash": "0f5f09aff06e1675",
  "src": "split(12fcabc1c81348e3)",
  "lo_int": [
    0,
    0,
    0,
    0,
    0,
    0,
    0,
    0,
    0,
    0,
    0,
    144115188075855872,
    0,
    0,
    0,
    0,
    0,
    0,
    0,
    144115188075855872,
    144115188075855872,
    0
  ],
  "hi_int": [
    288230376151711744,
    288230376151711744,
    288230376151711744,
    288230376151711744,
    288230376151711744,
    288230376151711744,
    288230376151711744,
    288230376151711744,
    288230376151711744,
    288230376151711744,
    288230376151711744,
    288230376151711744,
    144115188075855872,
    144115188075855872,
    144115188075855872,
    144115188075855872,
    144115188075855872,
    144115188075855872,
    144115188075855872,
    288230376151711744,
    288230376151711744,
    144115188075855872
  ],
  "depth": 54,
  "volume": 2.7755575615628914e-17,
  "lp_val": 1.090643009666071,
  "iters_survived": 6,
  "K": 32,
  "wall_s": 155.06879878044128,
  "verdict": "feas",
  "lambda_star": -6.728916626123116e-07,
  "status": "solsta.optimal",
  "peak_rss_kb": 101984692,
  "peak_rss_gb": 97.26,
  "threads": 21,
  "error": null
}