{
  "worker_id": 5,
  "hash": "12da0dfaa8fb3458",
  "src": "split(ad4d8f586b6dbd0b)",
  "lo_int": [
    0,
    0,
    0,
    0,
    0,
    0,
    0,
    0,
    0,
    0,
    0,
    0,
    144115188075855872,
    0,
    0,
    144115188075855872,
    0,
    0,
    0,
    0,
    0,
    0
  ],
  "hi_int": [
    288230376151711744,
    288230376151711744,
    288230376151711744,
    288230376151711744,
    288230376151711744,
    288230376151711744,
    288230376151711744,
    288230376151711744,
    288230376151711744,
    288230376151711744,
    288230376151711744,
    144115188075855872,
    288230376151711744,
    144115188075855872,
    144115188075855872,
    288230376151711744,
    144115188075855872,
    144115188075855872,
    144115188075855872,
    144115188075855872,
    144115188075855872,
    144115188075855872
  ],
  "depth": 54,
  "volume": 2.7755575615628914e-17,
  "lp_val": 1.016241227252966,
  "iters_survived": 6,
  "K": 32,
  "wall_s": 127.73528146743774,
  "verdict": "feas",
  "lambda_star": -4.872779259675875e-07,
  "status": "solsta.optimal",
  "peak_rss_kb": 71481516,
  "peak_rss_gb": 68.17,
  "threads": 21,
  "error": null
}