{
  "worker_id": 5,
  "hash": "17ae4b7f2a6274fd",
  "src": "split(ad4d8f586b6dbd0b)",
  "lo_int": [
    0,
    0,
    0,
    0,
    0,
    0,
    0,
    0,
    0,
    0,
    0,
    0,
    0,
    0,
    144115188075855872,
    0,
    144115188075855872,
    0,
    144115188075855872,
    0,
    0,
    0
  ],
  "hi_int": [
    288230376151711744,
    288230376151711744,
    288230376151711744,
    288230376151711744,
    288230376151711744,
    288230376151711744,
    288230376151711744,
    288230376151711744,
    288230376151711744,
    288230376151711744,
    288230376151711744,
    144115188075855872,
    144115188075855872,
    144115188075855872,
    288230376151711744,
    144115188075855872,
    288230376151711744,
    144115188075855872,
    288230376151711744,
    144115188075855872,
    144115188075855872,
    144115188075855872
  ],
  "depth": 54,
  "volume": 2.7755575615628914e-17,
  "lp_val": 1.1360723576821063,
  "iters_survived": 6,
  "K": 32,
  "wall_s": 179.2662796974182,
  "verdict": "infeas",
  "lambda_star": 1.0000000000003824,
  "status": "solsta.optimal",
  "peak_rss_kb": 98689336,
  "peak_rss_gb": 94.12,
  "threads": 21,
  "error": null
}