{
  "worker_id": 2,
  "hash": "1a05becf8b413522",
  "src": "split(12fcabc1c81348e3)",
  "lo_int": [
    0,
    0,
    0,
    0,
    0,
    0,
    0,
    0,
    0,
    0,
    0,
    0,
    0,
    0,
    144115188075855872,
    144115188075855872,
    0,
    0,
    0,
    0,
    144115188075855872,
    0
  ],
  "hi_int": [
    288230376151711744,
    288230376151711744,
    288230376151711744,
    288230376151711744,
    288230376151711744,
    288230376151711744,
    288230376151711744,
    288230376151711744,
    288230376151711744,
    288230376151711744,
    288230376151711744,
    144115188075855872,
    144115188075855872,
    144115188075855872,
    288230376151711744,
    288230376151711744,
    144115188075855872,
    144115188075855872,
    144115188075855872,
    144115188075855872,
    288230376151711744,
    144115188075855872
  ],
  "depth": 54,
  "volume": 2.7755575615628914e-17,
  "lp_val": 1.1372119169882797,
  "iters_survived": 6,
  "K": 32,
  "wall_s": 152.83218359947205,
  "verdict": "infeas",
  "lambda_star": 0.9999999999755663,
  "status": "solsta.optimal",
  "peak_rss_kb": 103842784,
  "peak_rss_gb": 99.03,
  "threads": 21,
  "error": null
}