{
  "worker_id": 6,
  "hash": "1a2960eab15570e3",
  "src": "split(ad4d8f586b6dbd0b)",
  "lo_int": [
    0,
    0,
    0,
    0,
    0,
    0,
    0,
    0,
    0,
    0,
    0,
    0,
    144115188075855872,
    144115188075855872,
    0,
    0,
    0,
    144115188075855872,
    0,
    0,
    0,
    0
  ],
  "hi_int": [
    288230376151711744,
    288230376151711744,
    288230376151711744,
    288230376151711744,
    288230376151711744,
    288230376151711744,
    288230376151711744,
    288230376151711744,
    288230376151711744,
    288230376151711744,
    288230376151711744,
    144115188075855872,
    288230376151711744,
    288230376151711744,
    144115188075855872,
    144115188075855872,
    144115188075855872,
    288230376151711744,
    144115188075855872,
    144115188075855872,
    144115188075855872,
    144115188075855872
  ],
  "depth": 54,
  "volume": 2.7755575615628914e-17,
  "lp_val": 1.1057822184868906,
  "iters_survived": 6,
  "K": 32,
  "wall_s": 147.7016100883484,
  "verdict": "feas",
  "lambda_star": -9.516989125296986e-07,
  "status": "solsta.optimal",
  "peak_rss_kb": 60222340,
  "peak_rss_gb": 57.43,
  "threads": 21,
  "error": null
}