{
  "worker_id": 1,
  "hash": "1c35351996010ffa",
  "src": "split(ad4d8f586b6dbd0b)",
  "lo_int": [
    0,
    0,
    0,
    0,
    0,
    0,
    0,
    0,
    0,
    0,
    0,
    0,
    0,
    0,
    0,
    0,
    0,
    144115188075855872,
    144115188075855872,
    0,
    0,
    0
  ],
  "hi_int": [
    288230376151711744,
    288230376151711744,
    288230376151711744,
    288230376151711744,
    288230376151711744,
    288230376151711744,
    288230376151711744,
    288230376151711744,
    288230376151711744,
    288230376151711744,
    288230376151711744,
    144115188075855872,
    144115188075855872,
    144115188075855872,
    144115188075855872,
    144115188075855872,
    144115188075855872,
    288230376151711744,
    288230376151711744,
    144115188075855872,
    144115188075855872,
    144115188075855872
  ],
  "depth": 54,
  "volume": 2.7755575615628914e-17,
  "lp_val": 1.0361310865988174,
  "iters_survived": 6,
  "K": 32,
  "wall_s": 130.8646523952484,
  "verdict": "feas",
  "lambda_star": -1.989678846494725e-07,
  "status": "solsta.optimal",
  "peak_rss_kb": 91124868,
  "peak_rss_gb": 86.9,
  "threads": 21,
  "error": null
}