{
  "worker_id": 6,
  "hash": "2045484003afa049",
  "src": "split(ad4d8f586b6dbd0b)",
  "lo_int": [
    0,
    0,
    0,
    0,
    0,
    0,
    0,
    0,
    0,
    0,
    0,
    0,
    144115188075855872,
    0,
    0,
    0,
    0,
    0,
    144115188075855872,
    144115188075855872,
    0,
    0
  ],
  "hi_int": [
    288230376151711744,
    288230376151711744,
    288230376151711744,
    288230376151711744,
    288230376151711744,
    288230376151711744,
    288230376151711744,
    288230376151711744,
    288230376151711744,
    288230376151711744,
    288230376151711744,
    144115188075855872,
    288230376151711744,
    144115188075855872,
    144115188075855872,
    144115188075855872,
    144115188075855872,
    144115188075855872,
    288230376151711744,
    288230376151711744,
    144115188075855872,
    144115188075855872
  ],
  "depth": 54,
  "volume": 2.7755575615628914e-17,
  "lp_val": 1.1272711348166793,
  "iters_survived": 6,
  "K": 32,
  "wall_s": 117.35242700576782,
  "verdict": "feas",
  "lambda_star": -7.064570381520867e-07,
  "status": "solsta.optimal",
  "peak_rss_kb": 103328584,
  "peak_rss_gb": 98.54,
  "threads": 21,
  "error": null
}