{
  "worker_id": 4,
  "hash": "22014f75d73cd5c3",
  "src": "split(e82d7abfe44e73f9)",
  "lo_int": [
    0,
    0,
    0,
    0,
    0,
    0,
    0,
    0,
    0,
    0,
    0,
    0,
    144115188075855872,
    0,
    0,
    144115188075855872,
    0,
    0,
    0,
    144115188075855872,
    0,
    144115188075855872
  ],
  "hi_int": [
    288230376151711744,
    288230376151711744,
    288230376151711744,
    288230376151711744,
    288230376151711744,
    288230376151711744,
    288230376151711744,
    288230376151711744,
    288230376151711744,
    288230376151711744,
    288230376151711744,
    144115188075855872,
    288230376151711744,
    144115188075855872,
    144115188075855872,
    288230376151711744,
    144115188075855872,
    144115188075855872,
    144115188075855872,
    288230376151711744,
    144115188075855872,
    288230376151711744
  ],
  "depth": 54,
  "volume": 2.7755575615628914e-17,
  "lp_val": 1.1676059001512855,
  "iters_survived": 6,
  "K": 32,
  "wall_s": 161.35621738433838,
  "verdict": "feas",
  "lambda_star": -1.0394100567575727e-06,
  "status": "solsta.optimal",
  "peak_rss_kb": 93113152,
  "peak_rss_gb": 88.8,
  "threads": 21,
  "error": null
}