{
  "worker_id": 0,
  "hash": "322b1b71fa9834dd",
  "src": "split(12fcabc1c81348e3)",
  "lo_int": [
    0,
    0,
    0,
    0,
    0,
    0,
    0,
    0,
    0,
    0,
    0,
    0,
    0,
    0,
    0,
    0,
    0,
    144115188075855872,
    144115188075855872,
    0,
    144115188075855872,
    0
  ],
  "hi_int": [
    288230376151711744,
    288230376151711744,
    288230376151711744,
    288230376151711744,
    288230376151711744,
    288230376151711744,
    288230376151711744,
    288230376151711744,
    288230376151711744,
    288230376151711744,
    288230376151711744,
    144115188075855872,
    144115188075855872,
    144115188075855872,
    144115188075855872,
    144115188075855872,
    144115188075855872,
    288230376151711744,
    288230376151711744,
    144115188075855872,
    288230376151711744,
    144115188075855872
  ],
  "depth": 54,
  "volume": 2.7755575615628914e-17,
  "lp_val": 1.1702092929388863,
  "iters_survived": 6,
  "K": 32,
  "wall_s": 161.0434296131134,
  "verdict": "feas",
  "lambda_star": -1.173685099569978e-06,
  "status": "solsta.optimal",
  "peak_rss_kb": 106432924,
  "peak_rss_gb": 101.5,
  "threads": 21,
  "error": null
}