{
  "worker_id": 1,
  "hash": "3635916c03f80ac6",
  "src": "split(ad4d8f586b6dbd0b)",
  "lo_int": [
    0,
    0,
    0,
    0,
    0,
    0,
    0,
    0,
    0,
    0,
    0,
    0,
    144115188075855872,
    0,
    0,
    0,
    0,
    144115188075855872,
    0,
    0,
    0,
    0
  ],
  "hi_int": [
    288230376151711744,
    288230376151711744,
    288230376151711744,
    288230376151711744,
    288230376151711744,
    288230376151711744,
    288230376151711744,
    288230376151711744,
    288230376151711744,
    288230376151711744,
    288230376151711744,
    144115188075855872,
    288230376151711744,
    144115188075855872,
    144115188075855872,
    144115188075855872,
    144115188075855872,
    288230376151711744,
    144115188075855872,
    144115188075855872,
    144115188075855872,
    144115188075855872
  ],
  "depth": 54,
  "volume": 2.7755575615628914e-17,
  "lp_val": 1.0152647676839133,
  "iters_survived": 6,
  "K": 32,
  "wall_s": 106.75648736953735,
  "verdict": "feas",
  "lambda_star": -1.450211115959867e-06,
  "status": "solsta.optimal",
  "peak_rss_kb": 72346352,
  "peak_rss_gb": 68.99,
  "threads": 21,
  "error": null
}