{
  "worker_id": 4,
  "hash": "3aff99ffd9f8b65e",
  "src": "split(ad4d8f586b6dbd0b)",
  "lo_int": [
    0,
    0,
    0,
    0,
    0,
    0,
    0,
    0,
    0,
    0,
    0,
    144115188075855872,
    0,
    0,
    0,
    144115188075855872,
    0,
    0,
    0,
    0,
    0,
    0
  ],
  "hi_int": [
    288230376151711744,
    288230376151711744,
    288230376151711744,
    288230376151711744,
    288230376151711744,
    288230376151711744,
    288230376151711744,
    288230376151711744,
    288230376151711744,
    288230376151711744,
    288230376151711744,
    288230376151711744,
    144115188075855872,
    144115188075855872,
    144115188075855872,
    288230376151711744,
    144115188075855872,
    144115188075855872,
    144115188075855872,
    144115188075855872,
    144115188075855872,
    144115188075855872
  ],
  "depth": 54,
  "volume": 2.7755575615628914e-17,
  "lp_val": 1.0118932038834951,
  "iters_survived": 6,
  "K": 32,
  "wall_s": 130.08482480049133,
  "verdict": "feas",
  "lambda_star": -1.3030070932542976e-06,
  "status": "solsta.optimal",
  "peak_rss_kb": 80956888,
  "peak_rss_gb": 77.21,
  "threads": 21,
  "error": null
}