{
  "worker_id": 7,
  "hash": "3c7bf8db081c587e",
  "src": "split(ad4d8f586b6dbd0b)",
  "lo_int": [
    0,
    0,
    0,
    0,
    0,
    0,
    0,
    0,
    0,
    0,
    0,
    0,
    144115188075855872,
    0,
    144115188075855872,
    0,
    0,
    0,
    0,
    144115188075855872,
    0,
    0
  ],
  "hi_int": [
    288230376151711744,
    288230376151711744,
    288230376151711744,
    288230376151711744,
    288230376151711744,
    288230376151711744,
    288230376151711744,
    288230376151711744,
    288230376151711744,
    288230376151711744,
    288230376151711744,
    144115188075855872,
    288230376151711744,
    144115188075855872,
    288230376151711744,
    144115188075855872,
    144115188075855872,
    144115188075855872,
    144115188075855872,
    288230376151711744,
    144115188075855872,
    144115188075855872
  ],
  "depth": 54,
  "volume": 2.7755575615628914e-17,
  "lp_val": 1.0635081846846566,
  "iters_survived": 6,
  "K": 32,
  "wall_s": 151.25798344612122,
  "verdict": "feas",
  "lambda_star": -1.0690603399701954e-06,
  "status": "solsta.optimal",
  "peak_rss_kb": 101984692,
  "peak_rss_gb": 97.26,
  "threads": 21,
  "error": null
}