{
  "worker_id": 2,
  "hash": "3d579e83796d07dd",
  "src": "split(ad4d8f586b6dbd0b)",
  "lo_int": [
    0,
    0,
    0,
    0,
    0,
    0,
    0,
    0,
    0,
    0,
    0,
    0,
    0,
    0,
    144115188075855872,
    144115188075855872,
    0,
    0,
    0,
    144115188075855872,
    0,
    0
  ],
  "hi_int": [
    288230376151711744,
    288230376151711744,
    288230376151711744,
    288230376151711744,
    288230376151711744,
    288230376151711744,
    288230376151711744,
    288230376151711744,
    288230376151711744,
    288230376151711744,
    288230376151711744,
    144115188075855872,
    144115188075855872,
    144115188075855872,
    288230376151711744,
    288230376151711744,
    144115188075855872,
    144115188075855872,
    144115188075855872,
    288230376151711744,
    144115188075855872,
    144115188075855872
  ],
  "depth": 54,
  "volume": 2.7755575615628914e-17,
  "lp_val": 1.1407565870281369,
  "iters_survived": 6,
  "K": 32,
  "wall_s": 133.25128293037415,
  "verdict": "feas",
  "lambda_star": -1.1455500772278603e-06,
  "status": "solsta.optimal",
  "peak_rss_kb": 98645652,
  "peak_rss_gb": 94.08,
  "threads": 21,
  "error": null
}