{
  "worker_id": 8,
  "hash": "3e9f77c0202cb2fc",
  "src": "split(ad4d8f586b6dbd0b)",
  "lo_int": [
    0,
    0,
    0,
    0,
    0,
    0,
    0,
    0,
    0,
    0,
    0,
    144115188075855872,
    0,
    0,
    144115188075855872,
    144115188075855872,
    0,
    0,
    0,
    0,
    0,
    0
  ],
  "hi_int": [
    288230376151711744,
    288230376151711744,
    288230376151711744,
    288230376151711744,
    288230376151711744,
    288230376151711744,
    288230376151711744,
    288230376151711744,
    288230376151711744,
    288230376151711744,
    288230376151711744,
    288230376151711744,
    144115188075855872,
    144115188075855872,
    288230376151711744,
    288230376151711744,
    144115188075855872,
    144115188075855872,
    144115188075855872,
    144115188075855872,
    144115188075855872,
    144115188075855872
  ],
  "depth": 54,
  "volume": 2.7755575615628914e-17,
  "lp_val": 1.1034882639778503,
  "iters_survived": 6,
  "K": 32,
  "wall_s": 143.95487761497498,
  "verdict": "infeas",
  "lambda_star": 0.9999998739972638,
  "status": "solsta.optimal",
  "peak_rss_kb": 65606164,
  "peak_rss_gb": 62.57,
  "threads": 21,
  "error": null
}