{
  "worker_id": 5,
  "hash": "3f1557f0ab5e4182",
  "src": "split(ad4d8f586b6dbd0b)",
  "lo_int": [
    0,
    0,
    0,
    0,
    0,
    0,
    0,
    0,
    0,
    0,
    0,
    0,
    0,
    144115188075855872,
    144115188075855872,
    0,
    0,
    0,
    144115188075855872,
    0,
    0,
    0
  ],
  "hi_int": [
    288230376151711744,
    288230376151711744,
    288230376151711744,
    288230376151711744,
    288230376151711744,
    288230376151711744,
    288230376151711744,
    288230376151711744,
    288230376151711744,
    288230376151711744,
    288230376151711744,
    144115188075855872,
    144115188075855872,
    288230376151711744,
    288230376151711744,
    144115188075855872,
    144115188075855872,
    144115188075855872,
    288230376151711744,
    144115188075855872,
    144115188075855872,
    144115188075855872
  ],
  "depth": 54,
  "volume": 2.7755575615628914e-17,
  "lp_val": 1.1217616077938601,
  "iters_survived": 6,
  "K": 32,
  "wall_s": 170.3255753517151,
  "verdict": "feas",
  "lambda_star": -1.932091844083351e-07,
  "status": "solsta.optimal",
  "peak_rss_kb": 98689336,
  "peak_rss_gb": 94.12,
  "threads": 21,
  "error": null
}