{
  "worker_id": 6,
  "hash": "3ff735ca6dd0e9d7",
  "src": "split(ad4d8f586b6dbd0b)",
  "lo_int": [
    0,
    0,
    0,
    0,
    0,
    0,
    0,
    0,
    0,
    0,
    0,
    144115188075855872,
    0,
    0,
    0,
    0,
    0,
    144115188075855872,
    144115188075855872,
    0,
    0,
    0
  ],
  "hi_int": [
    288230376151711744,
    288230376151711744,
    288230376151711744,
    288230376151711744,
    288230376151711744,
    288230376151711744,
    288230376151711744,
    288230376151711744,
    288230376151711744,
    288230376151711744,
    288230376151711744,
    288230376151711744,
    144115188075855872,
    144115188075855872,
    144115188075855872,
    144115188075855872,
    144115188075855872,
    288230376151711744,
    288230376151711744,
    144115188075855872,
    144115188075855872,
    144115188075855872
  ],
  "depth": 54,
  "volume": 2.7755575615628914e-17,
  "lp_val": 1.1186209772080997,
  "iters_survived": 6,
  "K": 32,
  "wall_s": 145.40097093582153,
  "verdict": "feas",
  "lambda_star": -8.529446903311156e-07,
  "status": "solsta.optimal",
  "peak_rss_kb": 103328584,
  "peak_rss_gb": 98.54,
  "threads": 21,
  "error": null
}