{
  "worker_id": 2,
  "hash": "449a30eb3e3913ee",
  "src": "split(ad4d8f586b6dbd0b)",
  "lo_int": [
    0,
    0,
    0,
    0,
    0,
    0,
    0,
    0,
    0,
    0,
    0,
    144115188075855872,
    0,
    144115188075855872,
    0,
    144115188075855872,
    0,
    0,
    0,
    0,
    0,
    0
  ],
  "hi_int": [
    288230376151711744,
    288230376151711744,
    288230376151711744,
    288230376151711744,
    288230376151711744,
    288230376151711744,
    288230376151711744,
    288230376151711744,
    288230376151711744,
    288230376151711744,
    288230376151711744,
    288230376151711744,
    144115188075855872,
    288230376151711744,
    144115188075855872,
    288230376151711744,
    144115188075855872,
    144115188075855872,
    144115188075855872,
    144115188075855872,
    144115188075855872,
    144115188075855872
  ],
  "depth": 54,
  "volume": 2.7755575615628914e-17,
  "lp_val": 1.077715513453488,
  "iters_survived": 6,
  "K": 32,
  "wall_s": 150.5191833972931,
  "verdict": "infeas",
  "lambda_star": 0.9999993048664693,
  "status": "solsta.optimal",
  "peak_rss_kb": 87036000,
  "peak_rss_gb": 83.0,
  "threads": 21,
  "error": null
}