{
  "worker_id": 3,
  "hash": "47c2b36c5cc048c5",
  "src": "split(e82d7abfe44e73f9)",
  "lo_int": [
    0,
    0,
    0,
    0,
    0,
    0,
    0,
    0,
    0,
    0,
    0,
    0,
    144115188075855872,
    0,
    0,
    0,
    0,
    144115188075855872,
    0,
    144115188075855872,
    0,
    144115188075855872
  ],
  "hi_int": [
    288230376151711744,
    288230376151711744,
    288230376151711744,
    288230376151711744,
    288230376151711744,
    288230376151711744,
    288230376151711744,
    288230376151711744,
    288230376151711744,
    288230376151711744,
    288230376151711744,
    144115188075855872,
    288230376151711744,
    144115188075855872,
    144115188075855872,
    144115188075855872,
    144115188075855872,
    288230376151711744,
    144115188075855872,
    288230376151711744,
    144115188075855872,
    288230376151711744
  ],
  "depth": 54,
  "volume": 2.7755575615628914e-17,
  "lp_val": 1.2015659908400358,
  "iters_survived": 6,
  "K": 32,
  "wall_s": 158.5296654701233,
  "verdict": "infeas",
  "lambda_star": 0.9999993692830575,
  "status": "solsta.optimal",
  "peak_rss_kb": 96837440,
  "peak_rss_gb": 92.35,
  "threads": 21,
  "error": null
}