{
  "worker_id": 1,
  "hash": "499809fa9ca468e2",
  "src": "split(e82d7abfe44e73f9)",
  "lo_int": [
    0,
    0,
    0,
    0,
    0,
    0,
    0,
    0,
    0,
    0,
    0,
    144115188075855872,
    0,
    0,
    0,
    144115188075855872,
    0,
    0,
    0,
    144115188075855872,
    0,
    144115188075855872
  ],
  "hi_int": [
    288230376151711744,
    288230376151711744,
    288230376151711744,
    288230376151711744,
    288230376151711744,
    288230376151711744,
    288230376151711744,
    288230376151711744,
    288230376151711744,
    288230376151711744,
    288230376151711744,
    288230376151711744,
    144115188075855872,
    144115188075855872,
    144115188075855872,
    288230376151711744,
    144115188075855872,
    144115188075855872,
    144115188075855872,
    288230376151711744,
    144115188075855872,
    288230376151711744
  ],
  "depth": 54,
  "volume": 2.7755575615628914e-17,
  "lp_val": 1.1818017499142197,
  "iters_survived": 6,
  "K": 32,
  "wall_s": 194.6157295703888,
  "verdict": "infeas",
  "lambda_star": 1.0000000000000264,
  "status": "solsta.optimal",
  "peak_rss_kb": 92462540,
  "peak_rss_gb": 88.18,
  "threads": 21,
  "error": null
}