{
  "worker_id": 2,
  "hash": "4a516b79e0098931",
  "src": "split(ad4d8f586b6dbd0b)",
  "lo_int": [
    0,
    0,
    0,
    0,
    0,
    0,
    0,
    0,
    0,
    0,
    0,
    0,
    0,
    0,
    144115188075855872,
    0,
    0,
    144115188075855872,
    0,
    144115188075855872,
    0,
    0
  ],
  "hi_int": [
    288230376151711744,
    288230376151711744,
    288230376151711744,
    288230376151711744,
    288230376151711744,
    288230376151711744,
    288230376151711744,
    288230376151711744,
    288230376151711744,
    288230376151711744,
    288230376151711744,
    144115188075855872,
    144115188075855872,
    144115188075855872,
    288230376151711744,
    144115188075855872,
    144115188075855872,
    288230376151711744,
    144115188075855872,
    288230376151711744,
    144115188075855872,
    144115188075855872
  ],
  "depth": 54,
  "volume": 2.7755575615628914e-17,
  "lp_val": 1.1207624683980695,
  "iters_survived": 6,
  "K": 32,
  "wall_s": 137.63225674629211,
  "verdict": "feas",
  "lambda_star": -9.855467436326281e-07,
  "status": "solsta.optimal",
  "peak_rss_kb": 98645652,
  "peak_rss_gb": 94.08,
  "threads": 21,
  "error": null
}