{
  "worker_id": 4,
  "hash": "4a8712718455c4c3",
  "src": "split(ad4d8f586b6dbd0b)",
  "lo_int": [
    0,
    0,
    0,
    0,
    0,
    0,
    0,
    0,
    0,
    0,
    0,
    0,
    0,
    0,
    144115188075855872,
    0,
    0,
    0,
    0,
    0,
    0,
    0
  ],
  "hi_int": [
    288230376151711744,
    288230376151711744,
    288230376151711744,
    288230376151711744,
    288230376151711744,
    288230376151711744,
    288230376151711744,
    288230376151711744,
    288230376151711744,
    288230376151711744,
    288230376151711744,
    144115188075855872,
    144115188075855872,
    144115188075855872,
    288230376151711744,
    144115188075855872,
    144115188075855872,
    144115188075855872,
    144115188075855872,
    144115188075855872,
    144115188075855872,
    144115188075855872
  ],
  "depth": 54,
  "volume": 2.7755575615628914e-17,
  "lp_val": 1.0077433628318582,
  "iters_survived": 6,
  "K": 32,
  "wall_s": 118.76192545890808,
  "verdict": "feas",
  "lambda_star": -1.452761961686805e-07,
  "status": "solsta.optimal",
  "peak_rss_kb": 88218856,
  "peak_rss_gb": 84.13,
  "threads": 21,
  "error": null
}