{
  "worker_id": 2,
  "hash": "4ef9e282f21e3ff5",
  "src": "split(12fcabc1c81348e3)",
  "lo_int": [
    0,
    0,
    0,
    0,
    0,
    0,
    0,
    0,
    0,
    0,
    0,
    0,
    0,
    0,
    0,
    0,
    0,
    144115188075855872,
    0,
    0,
    144115188075855872,
    0
  ],
  "hi_int": [
    288230376151711744,
    288230376151711744,
    288230376151711744,
    288230376151711744,
    288230376151711744,
    288230376151711744,
    288230376151711744,
    288230376151711744,
    288230376151711744,
    288230376151711744,
    288230376151711744,
    144115188075855872,
    144115188075855872,
    144115188075855872,
    144115188075855872,
    144115188075855872,
    144115188075855872,
    288230376151711744,
    144115188075855872,
    144115188075855872,
    288230376151711744,
    144115188075855872
  ],
  "depth": 54,
  "volume": 2.7755575615628914e-17,
  "lp_val": 1.0126533756164466,
  "iters_survived": 6,
  "K": 32,
  "wall_s": 132.67556428909302,
  "verdict": "feas",
  "lambda_star": -1.3144935596942618e-07,
  "status": "solsta.optimal",
  "peak_rss_kb": 107428276,
  "peak_rss_gb": 102.45,
  "threads": 21,
  "error": null
}