{
  "worker_id": 0,
  "hash": "501f673d341125e3",
  "src": "split(ad4d8f586b6dbd0b)",
  "lo_int": [
    0,
    0,
    0,
    0,
    0,
    0,
    0,
    0,
    0,
    0,
    0,
    0,
    0,
    0,
    144115188075855872,
    0,
    0,
    144115188075855872,
    0,
    0,
    0,
    0
  ],
  "hi_int": [
    288230376151711744,
    288230376151711744,
    288230376151711744,
    288230376151711744,
    288230376151711744,
    288230376151711744,
    288230376151711744,
    288230376151711744,
    288230376151711744,
    288230376151711744,
    288230376151711744,
    144115188075855872,
    144115188075855872,
    144115188075855872,
    288230376151711744,
    144115188075855872,
    144115188075855872,
    288230376151711744,
    144115188075855872,
    144115188075855872,
    144115188075855872,
    144115188075855872
  ],
  "depth": 54,
  "volume": 2.7755575615628914e-17,
  "lp_val": 1.021373779637378,
  "iters_survived": 6,
  "K": 32,
  "wall_s": 122.91827011108398,
  "verdict": "feas",
  "lambda_star": -1.5710850407189944e-06,
  "status": "solsta.optimal",
  "peak_rss_kb": 63611948,
  "peak_rss_gb": 60.67,
  "threads": 21,
  "error": null
}