{
  "worker_id": 1,
  "hash": "53e73dff6d054d23",
  "src": "split(12fcabc1c81348e3)",
  "lo_int": [
    0,
    0,
    0,
    0,
    0,
    0,
    0,
    0,
    0,
    0,
    0,
    0,
    0,
    0,
    144115188075855872,
    0,
    0,
    0,
    144115188075855872,
    0,
    144115188075855872,
    0
  ],
  "hi_int": [
    288230376151711744,
    288230376151711744,
    288230376151711744,
    288230376151711744,
    288230376151711744,
    288230376151711744,
    288230376151711744,
    288230376151711744,
    288230376151711744,
    288230376151711744,
    288230376151711744,
    144115188075855872,
    144115188075855872,
    144115188075855872,
    288230376151711744,
    144115188075855872,
    144115188075855872,
    144115188075855872,
    288230376151711744,
    144115188075855872,
    288230376151711744,
    144115188075855872
  ],
  "depth": 54,
  "volume": 2.7755575615628914e-17,
  "lp_val": 1.1076461973240699,
  "iters_survived": 6,
  "K": 32,
  "wall_s": 152.52972674369812,
  "verdict": "feas",
  "lambda_star": -1.4775513480931094e-06,
  "status": "solsta.optimal",
  "peak_rss_kb": 91124868,
  "peak_rss_gb": 86.9,
  "threads": 21,
  "error": null
}