{
  "worker_id": 8,
  "hash": "58282fb4357efe98",
  "src": "split(e82d7abfe44e73f9)",
  "lo_int": [
    0,
    0,
    0,
    0,
    0,
    0,
    0,
    0,
    0,
    0,
    0,
    0,
    0,
    0,
    0,
    144115188075855872,
    0,
    0,
    144115188075855872,
    0,
    0,
    144115188075855872
  ],
  "hi_int": [
    288230376151711744,
    288230376151711744,
    288230376151711744,
    288230376151711744,
    288230376151711744,
    288230376151711744,
    288230376151711744,
    288230376151711744,
    288230376151711744,
    288230376151711744,
    288230376151711744,
    144115188075855872,
    144115188075855872,
    144115188075855872,
    144115188075855872,
    288230376151711744,
    144115188075855872,
    144115188075855872,
    288230376151711744,
    144115188075855872,
    144115188075855872,
    288230376151711744
  ],
  "depth": 54,
  "volume": 2.7755575615628914e-17,
  "lp_val": 1.0913184438040342,
  "iters_survived": 6,
  "K": 32,
  "wall_s": 171.33943247795105,
  "verdict": "feas",
  "lambda_star": -9.86847886285786e-07,
  "status": "solsta.optimal",
  "peak_rss_kb": 102495496,
  "peak_rss_gb": 97.75,
  "threads": 21,
  "error": null
}