{
  "worker_id": 4,
  "hash": "5d05c89244b0a07f",
  "src": "split(ad4d8f586b6dbd0b)",
  "lo_int": [
    0,
    0,
    0,
    0,
    0,
    0,
    0,
    0,
    0,
    0,
    0,
    144115188075855872,
    0,
    0,
    0,
    0,
    0,
    0,
    144115188075855872,
    0,
    0,
    0
  ],
  "hi_int": [
    288230376151711744,
    288230376151711744,
    288230376151711744,
    288230376151711744,
    288230376151711744,
    288230376151711744,
    288230376151711744,
    288230376151711744,
    288230376151711744,
    288230376151711744,
    288230376151711744,
    288230376151711744,
    144115188075855872,
    144115188075855872,
    144115188075855872,
    144115188075855872,
    144115188075855872,
    144115188075855872,
    288230376151711744,
    144115188075855872,
    144115188075855872,
    144115188075855872
  ],
  "depth": 54,
  "volume": 2.7755575615628914e-17,
  "lp_val": 1.014860468026529,
  "iters_survived": 6,
  "K": 32,
  "wall_s": 112.94961738586426,
  "verdict": "feas",
  "lambda_star": -5.903783730311162e-07,
  "status": "solsta.optimal",
  "peak_rss_kb": 88218856,
  "peak_rss_gb": 84.13,
  "threads": 21,
  "error": null
}