{
  "worker_id": 6,
  "hash": "5f29c8cfaae8cc1a",
  "src": "split(ad4d8f586b6dbd0b)",
  "lo_int": [
    0,
    0,
    0,
    0,
    0,
    0,
    0,
    0,
    0,
    0,
    0,
    0,
    144115188075855872,
    0,
    0,
    144115188075855872,
    144115188075855872,
    0,
    0,
    0,
    0,
    0
  ],
  "hi_int": [
    288230376151711744,
    288230376151711744,
    288230376151711744,
    288230376151711744,
    288230376151711744,
    288230376151711744,
    288230376151711744,
    288230376151711744,
    288230376151711744,
    288230376151711744,
    288230376151711744,
    144115188075855872,
    288230376151711744,
    144115188075855872,
    144115188075855872,
    288230376151711744,
    288230376151711744,
    144115188075855872,
    144115188075855872,
    144115188075855872,
    144115188075855872,
    144115188075855872
  ],
  "depth": 54,
  "volume": 2.7755575615628914e-17,
  "lp_val": 1.1229742116810182,
  "iters_survived": 6,
  "K": 32,
  "wall_s": 130.09017276763916,
  "verdict": "infeas",
  "lambda_star": 1.0000000000055165,
  "status": "solsta.optimal",
  "peak_rss_kb": 65979624,
  "peak_rss_gb": 62.92,
  "threads": 21,
  "error": null
}