{
  "worker_id": 3,
  "hash": "63616f033ea7397c",
  "src": "split(ad4d8f586b6dbd0b)",
  "lo_int": [
    0,
    0,
    0,
    0,
    0,
    0,
    0,
    0,
    0,
    0,
    0,
    0,
    0,
    144115188075855872,
    0,
    0,
    0,
    0,
    0,
    0,
    0,
    0
  ],
  "hi_int": [
    288230376151711744,
    288230376151711744,
    288230376151711744,
    288230376151711744,
    288230376151711744,
    288230376151711744,
    288230376151711744,
    288230376151711744,
    288230376151711744,
    288230376151711744,
    288230376151711744,
    144115188075855872,
    144115188075855872,
    288230376151711744,
    144115188075855872,
    144115188075855872,
    144115188075855872,
    144115188075855872,
    144115188075855872,
    144115188075855872,
    144115188075855872,
    144115188075855872
  ],
  "depth": 54,
  "volume": 2.7755575615628914e-17,
  "lp_val": 1.0072674418604652,
  "iters_survived": 6,
  "K": 32,
  "wall_s": 141.39710998535156,
  "verdict": "feas",
  "lambda_star": -1.3619385300576716e-07,
  "status": "solsta.optimal",
  "peak_rss_kb": 62051532,
  "peak_rss_gb": 59.18,
  "threads": 21,
  "error": null
}