{
  "worker_id": 2,
  "hash": "6bbc2483472fa770",
  "src": "split(12fcabc1c81348e3)",
  "lo_int": [
    0,
    0,
    0,
    0,
    0,
    0,
    0,
    0,
    0,
    0,
    0,
    0,
    0,
    0,
    0,
    144115188075855872,
    0,
    0,
    144115188075855872,
    0,
    144115188075855872,
    0
  ],
  "hi_int": [
    288230376151711744,
    288230376151711744,
    288230376151711744,
    288230376151711744,
    288230376151711744,
    288230376151711744,
    288230376151711744,
    288230376151711744,
    288230376151711744,
    288230376151711744,
    288230376151711744,
    144115188075855872,
    144115188075855872,
    144115188075855872,
    144115188075855872,
    288230376151711744,
    144115188075855872,
    144115188075855872,
    288230376151711744,
    144115188075855872,
    288230376151711744,
    144115188075855872
  ],
  "depth": 54,
  "volume": 2.7755575615628914e-17,
  "lp_val": 1.109412603513243,
  "iters_survived": 6,
  "K": 32,
  "wall_s": 156.52066206932068,
  "verdict": "feas",
  "lambda_star": -1.3936432324761443e-06,
  "status": "solsta.optimal",
  "peak_rss_kb": 114391928,
  "peak_rss_gb": 109.09,
  "threads": 21,
  "error": null
}