{
  "worker_id": 5,
  "hash": "74d51a8ac3104320",
  "src": "split(ad4d8f586b6dbd0b)",
  "lo_int": [
    0,
    0,
    0,
    0,
    0,
    0,
    0,
    0,
    0,
    0,
    0,
    0,
    0,
    0,
    0,
    0,
    144115188075855872,
    144115188075855872,
    0,
    144115188075855872,
    0,
    0
  ],
  "hi_int": [
    288230376151711744,
    288230376151711744,
    288230376151711744,
    288230376151711744,
    288230376151711744,
    288230376151711744,
    288230376151711744,
    288230376151711744,
    288230376151711744,
    288230376151711744,
    288230376151711744,
    144115188075855872,
    144115188075855872,
    144115188075855872,
    144115188075855872,
    144115188075855872,
    288230376151711744,
    288230376151711744,
    144115188075855872,
    288230376151711744,
    144115188075855872,
    144115188075855872
  ],
  "depth": 54,
  "volume": 2.7755575615628914e-17,
  "lp_val": 1.1765333357764098,
  "iters_survived": 6,
  "K": 32,
  "wall_s": 155.95296335220337,
  "verdict": "feas",
  "lambda_star": -6.786302337773099e-07,
  "status": "solsta.optimal",
  "peak_rss_kb": 100646292,
  "peak_rss_gb": 95.98,
  "threads": 21,
  "error": null
}