{
  "worker_id": 3,
  "hash": "75e9930f6579214c",
  "src": "split(ad4d8f586b6dbd0b)",
  "lo_int": [
    0,
    0,
    0,
    0,
    0,
    0,
    0,
    0,
    0,
    0,
    0,
    0,
    0,
    0,
    0,
    0,
    144115188075855872,
    0,
    144115188075855872,
    144115188075855872,
    0,
    0
  ],
  "hi_int": [
    288230376151711744,
    288230376151711744,
    288230376151711744,
    288230376151711744,
    288230376151711744,
    288230376151711744,
    288230376151711744,
    288230376151711744,
    288230376151711744,
    288230376151711744,
    288230376151711744,
    144115188075855872,
    144115188075855872,
    144115188075855872,
    144115188075855872,
    144115188075855872,
    288230376151711744,
    144115188075855872,
    288230376151711744,
    288230376151711744,
    144115188075855872,
    144115188075855872
  ],
  "depth": 54,
  "volume": 2.7755575615628914e-17,
  "lp_val": 1.1627116427817228,
  "iters_survived": 6,
  "K": 32,
  "wall_s": 163.35631942749023,
  "verdict": "feas",
  "lambda_star": -1.039902426609993e-06,
  "status": "solsta.optimal",
  "peak_rss_kb": 92285716,
  "peak_rss_gb": 88.01,
  "threads": 21,
  "error": null
}