{
  "worker_id": 1,
  "hash": "7753b97008e4b885",
  "src": "split(15d4e341ea7c9e0f)",
  "lo_int": [
    0,
    0,
    0,
    0,
    0,
    0,
    0,
    0,
    0,
    0,
    0,
    0,
    144115188075855872,
    0,
    0,
    0,
    0,
    0,
    0,
    144115188075855872,
    144115188075855872,
    144115188075855872
  ],
  "hi_int": [
    288230376151711744,
    288230376151711744,
    288230376151711744,
    288230376151711744,
    288230376151711744,
    288230376151711744,
    288230376151711744,
    288230376151711744,
    288230376151711744,
    288230376151711744,
    288230376151711744,
    144115188075855872,
    288230376151711744,
    144115188075855872,
    144115188075855872,
    144115188075855872,
    144115188075855872,
    144115188075855872,
    144115188075855872,
    288230376151711744,
    288230376151711744,
    288230376151711744
  ],
  "depth": 54,
  "volume": 2.7755575615628914e-17,
  "lp_val": 1.2340548724112423,
  "iters_survived": 6,
  "K": 32,
  "wall_s": 175.7718222141266,
  "verdict": "feas",
  "lambda_star": -6.487060190436876e-07,
  "status": "solsta.optimal",
  "peak_rss_kb": 96229200,
  "peak_rss_gb": 91.77,
  "threads": 21,
  "error": null
}