{
  "worker_id": 6,
  "hash": "79e9f7730caad6df",
  "src": "split(e82d7abfe44e73f9)",
  "lo_int": [
    0,
    0,
    0,
    0,
    0,
    0,
    0,
    0,
    0,
    0,
    0,
    144115188075855872,
    0,
    0,
    0,
    0,
    0,
    0,
    144115188075855872,
    144115188075855872,
    0,
    144115188075855872
  ],
  "hi_int": [
    288230376151711744,
    288230376151711744,
    288230376151711744,
    288230376151711744,
    288230376151711744,
    288230376151711744,
    288230376151711744,
    288230376151711744,
    288230376151711744,
    288230376151711744,
    288230376151711744,
    288230376151711744,
    144115188075855872,
    144115188075855872,
    144115188075855872,
    144115188075855872,
    144115188075855872,
    144115188075855872,
    288230376151711744,
    288230376151711744,
    144115188075855872,
    288230376151711744
  ],
  "depth": 54,
  "volume": 2.7755575615628914e-17,
  "lp_val": 1.2134383134444406,
  "iters_survived": 6,
  "K": 32,
  "wall_s": 163.51630544662476,
  "verdict": "infeas",
  "lambda_star": 0.9999968066746951,
  "status": "solsta.optimal",
  "peak_rss_kb": 103328584,
  "peak_rss_gb": 98.54,
  "threads": 21,
  "error": null
}