{
  "worker_id": 7,
  "hash": "7b48152d7deb49a2",
  "src": "split(ad4d8f586b6dbd0b)",
  "lo_int": [
    0,
    0,
    0,
    0,
    0,
    0,
    0,
    0,
    0,
    0,
    0,
    0,
    144115188075855872,
    0,
    0,
    0,
    0,
    0,
    0,
    144115188075855872,
    0,
    0
  ],
  "hi_int": [
    288230376151711744,
    288230376151711744,
    288230376151711744,
    288230376151711744,
    288230376151711744,
    288230376151711744,
    288230376151711744,
    288230376151711744,
    288230376151711744,
    288230376151711744,
    288230376151711744,
    144115188075855872,
    288230376151711744,
    144115188075855872,
    144115188075855872,
    144115188075855872,
    144115188075855872,
    144115188075855872,
    144115188075855872,
    288230376151711744,
    144115188075855872,
    144115188075855872
  ],
  "depth": 54,
  "volume": 2.7755575615628914e-17,
  "lp_val": 1.014984992937852,
  "iters_survived": 6,
  "K": 32,
  "wall_s": 141.48110818862915,
  "verdict": "feas",
  "lambda_star": -7.454923448413247e-07,
  "status": "solsta.optimal",
  "peak_rss_kb": 101984692,
  "peak_rss_gb": 97.26,
  "threads": 21,
  "error": null
}