{
  "worker_id": 7,
  "hash": "8011c3813df3f341",
  "src": "split(ad4d8f586b6dbd0b)",
  "lo_int": [
    0,
    0,
    0,
    0,
    0,
    0,
    0,
    0,
    0,
    0,
    0,
    0,
    0,
    144115188075855872,
    0,
    144115188075855872,
    0,
    144115188075855872,
    0,
    0,
    0,
    0
  ],
  "hi_int": [
    288230376151711744,
    288230376151711744,
    288230376151711744,
    288230376151711744,
    288230376151711744,
    288230376151711744,
    288230376151711744,
    288230376151711744,
    288230376151711744,
    288230376151711744,
    288230376151711744,
    144115188075855872,
    144115188075855872,
    288230376151711744,
    144115188075855872,
    288230376151711744,
    144115188075855872,
    288230376151711744,
    144115188075855872,
    144115188075855872,
    144115188075855872,
    144115188075855872
  ],
  "depth": 54,
  "volume": 2.7755575615628914e-17,
  "lp_val": 1.1245583290590986,
  "iters_survived": 6,
  "K": 32,
  "wall_s": 151.0533299446106,
  "verdict": "feas",
  "lambda_star": -7.473872949880238e-07,
  "status": "solsta.optimal",
  "peak_rss_kb": 94960644,
  "peak_rss_gb": 90.56,
  "threads": 21,
  "error": null
}