{
  "worker_id": 2,
  "hash": "811492082455708e",
  "src": "split(ad4d8f586b6dbd0b)",
  "lo_int": [
    0,
    0,
    0,
    0,
    0,
    0,
    0,
    0,
    0,
    0,
    0,
    144115188075855872,
    0,
    0,
    0,
    0,
    144115188075855872,
    0,
    0,
    0,
    0,
    0
  ],
  "hi_int": [
    288230376151711744,
    288230376151711744,
    288230376151711744,
    288230376151711744,
    288230376151711744,
    288230376151711744,
    288230376151711744,
    288230376151711744,
    288230376151711744,
    288230376151711744,
    288230376151711744,
    288230376151711744,
    144115188075855872,
    144115188075855872,
    144115188075855872,
    144115188075855872,
    288230376151711744,
    144115188075855872,
    144115188075855872,
    144115188075855872,
    144115188075855872,
    144115188075855872
  ],
  "depth": 54,
  "volume": 2.7755575615628914e-17,
  "lp_val": 1.0132695712270539,
  "iters_survived": 6,
  "K": 32,
  "wall_s": 140.0605890750885,
  "verdict": "feas",
  "lambda_star": -1.3838732458813663e-07,
  "status": "solsta.optimal",
  "peak_rss_kb": 74557656,
  "peak_rss_gb": 71.1,
  "threads": 21,
  "error": null
}