{
  "worker_id": 0,
  "hash": "826b4d7ed00f03a3",
  "src": "split(ad4d8f586b6dbd0b)",
  "lo_int": [
    0,
    0,
    0,
    0,
    0,
    0,
    0,
    0,
    0,
    0,
    0,
    0,
    144115188075855872,
    144115188075855872,
    0,
    0,
    0,
    0,
    0,
    144115188075855872,
    0,
    0
  ],
  "hi_int": [
    288230376151711744,
    288230376151711744,
    288230376151711744,
    288230376151711744,
    288230376151711744,
    288230376151711744,
    288230376151711744,
    288230376151711744,
    288230376151711744,
    288230376151711744,
    288230376151711744,
    144115188075855872,
    288230376151711744,
    288230376151711744,
    144115188075855872,
    144115188075855872,
    144115188075855872,
    144115188075855872,
    144115188075855872,
    288230376151711744,
    144115188075855872,
    144115188075855872
  ],
  "depth": 54,
  "volume": 2.7755575615628914e-17,
  "lp_val": 1.1002939847159976,
  "iters_survived": 6,
  "K": 32,
  "wall_s": 150.94302916526794,
  "verdict": "feas",
  "lambda_star": -4.867120797982803e-07,
  "status": "solsta.optimal",
  "peak_rss_kb": 103546688,
  "peak_rss_gb": 98.75,
  "threads": 21,
  "error": null
}