{
  "worker_id": 0,
  "hash": "8719ec36e7dea590",
  "src": "split(ad4d8f586b6dbd0b)",
  "lo_int": [
    0,
    0,
    0,
    0,
    0,
    0,
    0,
    0,
    0,
    0,
    0,
    144115188075855872,
    0,
    0,
    0,
    144115188075855872,
    144115188075855872,
    0,
    0,
    0,
    0,
    0
  ],
  "hi_int": [
    288230376151711744,
    288230376151711744,
    288230376151711744,
    288230376151711744,
    288230376151711744,
    288230376151711744,
    288230376151711744,
    288230376151711744,
    288230376151711744,
    288230376151711744,
    288230376151711744,
    288230376151711744,
    144115188075855872,
    144115188075855872,
    144115188075855872,
    288230376151711744,
    288230376151711744,
    144115188075855872,
    144115188075855872,
    144115188075855872,
    144115188075855872,
    144115188075855872
  ],
  "depth": 54,
  "volume": 2.7755575615628914e-17,
  "lp_val": 1.110568239528145,
  "iters_survived": 6,
  "K": 32,
  "wall_s": 195.67984867095947,
  "verdict": "infeas",
  "lambda_star": 1.0000000000000304,
  "status": "solsta.optimal",
  "peak_rss_kb": 83524256,
  "peak_rss_gb": 79.65,
  "threads": 21,
  "error": null
}