{
  "worker_id": 4,
  "hash": "8895bb1793ef4b27",
  "src": "split(ad4d8f586b6dbd0b)",
  "lo_int": [
    0,
    0,
    0,
    0,
    0,
    0,
    0,
    0,
    0,
    0,
    0,
    0,
    144115188075855872,
    0,
    0,
    0,
    0,
    0,
    144115188075855872,
    0,
    0,
    0
  ],
  "hi_int": [
    288230376151711744,
    288230376151711744,
    288230376151711744,
    288230376151711744,
    288230376151711744,
    288230376151711744,
    288230376151711744,
    288230376151711744,
    288230376151711744,
    288230376151711744,
    288230376151711744,
    144115188075855872,
    288230376151711744,
    144115188075855872,
    144115188075855872,
    144115188075855872,
    144115188075855872,
    144115188075855872,
    288230376151711744,
    144115188075855872,
    144115188075855872,
    144115188075855872
  ],
  "depth": 54,
  "volume": 2.7755575615628914e-17,
  "lp_val": 1.0155301233396585,
  "iters_survived": 6,
  "K": 32,
  "wall_s": 115.40490579605103,
  "verdict": "feas",
  "lambda_star": -1.260706112161776e-06,
  "status": "solsta.optimal",
  "peak_rss_kb": 88218856,
  "peak_rss_gb": 84.13,
  "threads": 21,
  "error": null
}