{
  "worker_id": 1,
  "hash": "8bd7dcd99c8fe852",
  "src": "split(e82d7abfe44e73f9)",
  "lo_int": [
    0,
    0,
    0,
    0,
    0,
    0,
    0,
    0,
    0,
    0,
    0,
    144115188075855872,
    0,
    144115188075855872,
    0,
    0,
    0,
    0,
    0,
    0,
    0,
    144115188075855872
  ],
  "hi_int": [
    288230376151711744,
    288230376151711744,
    288230376151711744,
    288230376151711744,
    288230376151711744,
    288230376151711744,
    288230376151711744,
    288230376151711744,
    288230376151711744,
    288230376151711744,
    288230376151711744,
    288230376151711744,
    144115188075855872,
    288230376151711744,
    144115188075855872,
    144115188075855872,
    144115188075855872,
    144115188075855872,
    144115188075855872,
    144115188075855872,
    144115188075855872,
    288230376151711744
  ],
  "depth": 54,
  "volume": 2.7755575615628914e-17,
  "lp_val": 1.0139559438933665,
  "iters_survived": 6,
  "K": 32,
  "wall_s": 137.592782497406,
  "verdict": "feas",
  "lambda_star": -8.935166411581013e-07,
  "status": "solsta.optimal",
  "peak_rss_kb": 91124868,
  "peak_rss_gb": 86.9,
  "threads": 21,
  "error": null
}