{
  "worker_id": 0,
  "hash": "9543dcdcda120341",
  "src": "split(ad4d8f586b6dbd0b)",
  "lo_int": [
    0,
    0,
    0,
    0,
    0,
    0,
    0,
    0,
    0,
    0,
    0,
    144115188075855872,
    0,
    0,
    0,
    0,
    144115188075855872,
    0,
    144115188075855872,
    0,
    0,
    0
  ],
  "hi_int": [
    288230376151711744,
    288230376151711744,
    288230376151711744,
    288230376151711744,
    288230376151711744,
    288230376151711744,
    288230376151711744,
    288230376151711744,
    288230376151711744,
    288230376151711744,
    288230376151711744,
    288230376151711744,
    144115188075855872,
    144115188075855872,
    144115188075855872,
    144115188075855872,
    288230376151711744,
    144115188075855872,
    288230376151711744,
    144115188075855872,
    144115188075855872,
    144115188075855872
  ],
  "depth": 54,
  "volume": 2.7755575615628914e-17,
  "lp_val": 1.0950142213269805,
  "iters_survived": 6,
  "K": 32,
  "wall_s": 206.23389720916748,
  "verdict": "infeas",
  "lambda_star": 0.9999464414110284,
  "status": "solsta.optimal",
  "peak_rss_kb": 103546688,
  "peak_rss_gb": 98.75,
  "threads": 21,
  "error": null
}