{
  "worker_id": 7,
  "hash": "98a45a4c9b528bac",
  "src": "split(ad4d8f586b6dbd0b)",
  "lo_int": [
    0,
    0,
    0,
    0,
    0,
    0,
    0,
    0,
    0,
    0,
    0,
    0,
    0,
    0,
    0,
    0,
    144115188075855872,
    0,
    0,
    0,
    0,
    0
  ],
  "hi_int": [
    288230376151711744,
    288230376151711744,
    288230376151711744,
    288230376151711744,
    288230376151711744,
    288230376151711744,
    288230376151711744,
    288230376151711744,
    288230376151711744,
    288230376151711744,
    288230376151711744,
    144115188075855872,
    144115188075855872,
    144115188075855872,
    144115188075855872,
    144115188075855872,
    288230376151711744,
    144115188075855872,
    144115188075855872,
    144115188075855872,
    144115188075855872,
    144115188075855872
  ],
  "depth": 54,
  "volume": 2.7755575615628914e-17,
  "lp_val": 1.0098619072433557,
  "iters_survived": 6,
  "K": 32,
  "wall_s": 119.89691185951233,
  "verdict": "feas",
  "lambda_star": -1.9662573461276136e-07,
  "status": "solsta.optimal",
  "peak_rss_kb": 93076584,
  "peak_rss_gb": 88.76,
  "threads": 21,
  "error": null
}