{
  "worker_id": 7,
  "hash": "9b1ce94b341c1545",
  "src": "split(ad4d8f586b6dbd0b)",
  "lo_int": [
    0,
    0,
    0,
    0,
    0,
    0,
    0,
    0,
    0,
    0,
    0,
    144115188075855872,
    0,
    0,
    0,
    0,
    144115188075855872,
    0,
    0,
    144115188075855872,
    0,
    0
  ],
  "hi_int": [
    288230376151711744,
    288230376151711744,
    288230376151711744,
    288230376151711744,
    288230376151711744,
    288230376151711744,
    288230376151711744,
    288230376151711744,
    288230376151711744,
    288230376151711744,
    288230376151711744,
    288230376151711744,
    144115188075855872,
    144115188075855872,
    144115188075855872,
    144115188075855872,
    288230376151711744,
    144115188075855872,
    144115188075855872,
    288230376151711744,
    144115188075855872,
    144115188075855872
  ],
  "depth": 54,
  "volume": 2.7755575615628914e-17,
  "lp_val": 1.0614608262930323,
  "iters_survived": 6,
  "K": 32,
  "wall_s": 144.84906363487244,
  "verdict": "feas",
  "lambda_star": -9.688136939745294e-07,
  "status": "solsta.optimal",
  "peak_rss_kb": 101984692,
  "peak_rss_gb": 97.26,
  "threads": 21,
  "error": null
}