{
  "worker_id": 4,
  "hash": "9b96d4416548995c",
  "src": "split(12fcabc1c81348e3)",
  "lo_int": [
    0,
    0,
    0,
    0,
    0,
    0,
    0,
    0,
    0,
    0,
    0,
    144115188075855872,
    0,
    0,
    0,
    0,
    0,
    0,
    0,
    0,
    144115188075855872,
    0
  ],
  "hi_int": [
    288230376151711744,
    288230376151711744,
    288230376151711744,
    288230376151711744,
    288230376151711744,
    288230376151711744,
    288230376151711744,
    288230376151711744,
    288230376151711744,
    288230376151711744,
    288230376151711744,
    288230376151711744,
    144115188075855872,
    144115188075855872,
    144115188075855872,
    144115188075855872,
    144115188075855872,
    144115188075855872,
    144115188075855872,
    144115188075855872,
    288230376151711744,
    144115188075855872
  ],
  "depth": 54,
  "volume": 2.7755575615628914e-17,
  "lp_val": 1.0099801775019426,
  "iters_survived": 6,
  "K": 32,
  "wall_s": 130.4868245124817,
  "verdict": "feas",
  "lambda_star": -2.1869675524099032e-07,
  "status": "solsta.optimal",
  "peak_rss_kb": 93113152,
  "peak_rss_gb": 88.8,
  "threads": 21,
  "error": null
}