{
  "worker_id": 5,
  "hash": "9cff3c82916ff4b2",
  "src": "split(ad4d8f586b6dbd0b)",
  "lo_int": [
    0,
    0,
    0,
    0,
    0,
    0,
    0,
    0,
    0,
    0,
    0,
    0,
    144115188075855872,
    0,
    0,
    144115188075855872,
    0,
    0,
    0,
    144115188075855872,
    0,
    0
  ],
  "hi_int": [
    288230376151711744,
    288230376151711744,
    288230376151711744,
    288230376151711744,
    288230376151711744,
    288230376151711744,
    288230376151711744,
    288230376151711744,
    288230376151711744,
    288230376151711744,
    288230376151711744,
    144115188075855872,
    288230376151711744,
    144115188075855872,
    144115188075855872,
    288230376151711744,
    144115188075855872,
    144115188075855872,
    144115188075855872,
    288230376151711744,
    144115188075855872,
    144115188075855872
  ],
  "depth": 54,
  "volume": 2.7755575615628914e-17,
  "lp_val": 1.0460914137216122,
  "iters_survived": 6,
  "K": 32,
  "wall_s": 151.75881385803223,
  "verdict": "feas",
  "lambda_star": -2.511539272548242e-07,
  "status": "solsta.optimal",
  "peak_rss_kb": 99029392,
  "peak_rss_gb": 94.44,
  "threads": 21,
  "error": null
}