{
  "worker_id": 2,
  "hash": "9e7762848d211ce0",
  "src": "split(ad4d8f586b6dbd0b)",
  "lo_int": [
    0,
    0,
    0,
    0,
    0,
    0,
    0,
    0,
    0,
    0,
    0,
    0,
    0,
    0,
    144115188075855872,
    0,
    0,
    0,
    144115188075855872,
    0,
    0,
    0
  ],
  "hi_int": [
    288230376151711744,
    288230376151711744,
    288230376151711744,
    288230376151711744,
    288230376151711744,
    288230376151711744,
    288230376151711744,
    288230376151711744,
    288230376151711744,
    288230376151711744,
    288230376151711744,
    144115188075855872,
    144115188075855872,
    144115188075855872,
    288230376151711744,
    144115188075855872,
    144115188075855872,
    144115188075855872,
    288230376151711744,
    144115188075855872,
    144115188075855872,
    144115188075855872
  ],
  "depth": 54,
  "volume": 2.7755575615628914e-17,
  "lp_val": 1.0184762212378493,
  "iters_survived": 6,
  "K": 32,
  "wall_s": 132.3024332523346,
  "verdict": "feas",
  "lambda_star": -1.5250915961264034e-06,
  "status": "solsta.optimal",
  "peak_rss_kb": 98645652,
  "peak_rss_gb": 94.08,
  "threads": 21,
  "error": null
}