{
  "worker_id": 5,
  "hash": "a3168eed5c968a22",
  "src": "split(e82d7abfe44e73f9)",
  "lo_int": [
    0,
    0,
    0,
    0,
    0,
    0,
    0,
    0,
    0,
    0,
    0,
    0,
    144115188075855872,
    0,
    0,
    0,
    144115188075855872,
    0,
    0,
    144115188075855872,
    0,
    144115188075855872
  ],
  "hi_int": [
    288230376151711744,
    288230376151711744,
    288230376151711744,
    288230376151711744,
    288230376151711744,
    288230376151711744,
    288230376151711744,
    288230376151711744,
    288230376151711744,
    288230376151711744,
    288230376151711744,
    144115188075855872,
    288230376151711744,
    144115188075855872,
    144115188075855872,
    144115188075855872,
    288230376151711744,
    144115188075855872,
    144115188075855872,
    288230376151711744,
    144115188075855872,
    288230376151711744
  ],
  "depth": 54,
  "volume": 2.7755575615628914e-17,
  "lp_val": 1.1782104898510417,
  "iters_survived": 6,
  "K": 32,
  "wall_s": 131.01544737815857,
  "verdict": "feas",
  "lambda_star": -3.311281559995904e-07,
  "status": "solsta.optimal",
  "peak_rss_kb": 100646292,
  "peak_rss_gb": 95.98,
  "threads": 21,
  "error": null
}