{
  "worker_id": 3,
  "hash": "a3d45242e8f2a601",
  "src": "split(ad4d8f586b6dbd0b)",
  "lo_int": [
    0,
    0,
    0,
    0,
    0,
    0,
    0,
    0,
    0,
    0,
    0,
    144115188075855872,
    144115188075855872,
    0,
    144115188075855872,
    0,
    0,
    0,
    0,
    0,
    0,
    0
  ],
  "hi_int": [
    288230376151711744,
    288230376151711744,
    288230376151711744,
    288230376151711744,
    288230376151711744,
    288230376151711744,
    288230376151711744,
    288230376151711744,
    288230376151711744,
    288230376151711744,
    288230376151711744,
    288230376151711744,
    288230376151711744,
    144115188075855872,
    288230376151711744,
    144115188075855872,
    144115188075855872,
    144115188075855872,
    144115188075855872,
    144115188075855872,
    144115188075855872,
    144115188075855872
  ],
  "depth": 54,
  "volume": 2.7755575615628914e-17,
  "lp_val": 1.0904675468272,
  "iters_survived": 6,
  "K": 32,
  "wall_s": 172.59131145477295,
  "verdict": "feas",
  "lambda_star": -4.2229617648758707e-07,
  "status": "solsta.optimal",
  "peak_rss_kb": 81959660,
  "peak_rss_gb": 78.16,
  "threads": 21,
  "error": null
}