{
  "worker_id": 3,
  "hash": "a3f4d504c16dd3a2",
  "src": "split(ad4d8f586b6dbd0b)",
  "lo_int": [
    0,
    0,
    0,
    0,
    0,
    0,
    0,
    0,
    0,
    0,
    0,
    0,
    0,
    144115188075855872,
    0,
    0,
    144115188075855872,
    0,
    0,
    144115188075855872,
    0,
    0
  ],
  "hi_int": [
    288230376151711744,
    288230376151711744,
    288230376151711744,
    288230376151711744,
    288230376151711744,
    288230376151711744,
    288230376151711744,
    288230376151711744,
    288230376151711744,
    288230376151711744,
    288230376151711744,
    144115188075855872,
    144115188075855872,
    288230376151711744,
    144115188075855872,
    144115188075855872,
    288230376151711744,
    144115188075855872,
    144115188075855872,
    288230376151711744,
    144115188075855872,
    144115188075855872
  ],
  "depth": 54,
  "volume": 2.7755575615628914e-17,
  "lp_val": 1.083851410509855,
  "iters_survived": 6,
  "K": 32,
  "wall_s": 135.9494378566742,
  "verdict": "feas",
  "lambda_star": -2.2296252300858772e-07,
  "status": "solsta.optimal",
  "peak_rss_kb": 87010224,
  "peak_rss_gb": 82.98,
  "threads": 21,
  "error": null
}