{
  "worker_id": 0,
  "hash": "a4076fbed5decf7a",
  "src": "split(12fcabc1c81348e3)",
  "lo_int": [
    0,
    0,
    0,
    0,
    0,
    0,
    0,
    0,
    0,
    0,
    0,
    0,
    0,
    144115188075855872,
    0,
    0,
    0,
    0,
    0,
    0,
    144115188075855872,
    0
  ],
  "hi_int": [
    288230376151711744,
    288230376151711744,
    288230376151711744,
    288230376151711744,
    288230376151711744,
    288230376151711744,
    288230376151711744,
    288230376151711744,
    288230376151711744,
    288230376151711744,
    288230376151711744,
    144115188075855872,
    144115188075855872,
    288230376151711744,
    144115188075855872,
    144115188075855872,
    144115188075855872,
    144115188075855872,
    144115188075855872,
    144115188075855872,
    288230376151711744,
    144115188075855872
  ],
  "depth": 54,
  "volume": 2.7755575615628914e-17,
  "lp_val": 1.0107817201643239,
  "iters_survived": 6,
  "K": 32,
  "wall_s": 107.0117118358612,
  "verdict": "feas",
  "lambda_star": -3.6325191370149355e-07,
  "status": "solsta.optimal",
  "peak_rss_kb": 106432924,
  "peak_rss_gb": 101.5,
  "threads": 21,
  "error": null
}