{
  "worker_id": 7,
  "hash": "a50596a213c83ae1",
  "src": "split(ad4d8f586b6dbd0b)",
  "lo_int": [
    0,
    0,
    0,
    0,
    0,
    0,
    0,
    0,
    0,
    0,
    0,
    0,
    144115188075855872,
    0,
    0,
    0,
    0,
    0,
    0,
    0,
    0,
    0
  ],
  "hi_int": [
    288230376151711744,
    288230376151711744,
    288230376151711744,
    288230376151711744,
    288230376151711744,
    288230376151711744,
    288230376151711744,
    288230376151711744,
    288230376151711744,
    288230376151711744,
    288230376151711744,
    144115188075855872,
    288230376151711744,
    144115188075855872,
    144115188075855872,
    144115188075855872,
    144115188075855872,
    144115188075855872,
    144115188075855872,
    144115188075855872,
    144115188075855872,
    144115188075855872
  ],
  "depth": 54,
  "volume": 2.7755575615628914e-17,
  "lp_val": 1.0072674418604652,
  "iters_survived": 6,
  "K": 32,
  "wall_s": 123.96464204788208,
  "verdict": "feas",
  "lambda_star": -1.4643094169214476e-07,
  "status": "solsta.optimal",
  "peak_rss_kb": 80875672,
  "peak_rss_gb": 77.13,
  "threads": 21,
  "error": null
}