{
  "worker_id": 7,
  "hash": "a57d28f1017d581c",
  "src": "split(ad4d8f586b6dbd0b)",
  "lo_int": [
    0,
    0,
    0,
    0,
    0,
    0,
    0,
    0,
    0,
    0,
    0,
    144115188075855872,
    0,
    144115188075855872,
    0,
    0,
    0,
    0,
    0,
    0,
    0,
    0
  ],
  "hi_int": [
    288230376151711744,
    288230376151711744,
    288230376151711744,
    288230376151711744,
    288230376151711744,
    288230376151711744,
    288230376151711744,
    288230376151711744,
    288230376151711744,
    288230376151711744,
    288230376151711744,
    288230376151711744,
    144115188075855872,
    288230376151711744,
    144115188075855872,
    144115188075855872,
    144115188075855872,
    144115188075855872,
    144115188075855872,
    144115188075855872,
    144115188075855872,
    144115188075855872
  ],
  "depth": 54,
  "volume": 2.7755575615628914e-17,
  "lp_val": 1.014589515331355,
  "iters_survived": 6,
  "K": 32,
  "wall_s": 142.5905249118805,
  "verdict": "feas",
  "lambda_star": -1.012520700743919e-06,
  "status": "solsta.optimal",
  "peak_rss_kb": 64777212,
  "peak_rss_gb": 61.78,
  "threads": 21,
  "error": null
}