{
  "worker_id": 2,
  "hash": "a62282de16c00a07",
  "src": "split(e82d7abfe44e73f9)",
  "lo_int": [
    0,
    0,
    0,
    0,
    0,
    0,
    0,
    0,
    0,
    0,
    0,
    144115188075855872,
    0,
    0,
    0,
    0,
    0,
    0,
    144115188075855872,
    0,
    0,
    144115188075855872
  ],
  "hi_int": [
    288230376151711744,
    288230376151711744,
    288230376151711744,
    288230376151711744,
    288230376151711744,
    288230376151711744,
    288230376151711744,
    288230376151711744,
    288230376151711744,
    288230376151711744,
    288230376151711744,
    288230376151711744,
    144115188075855872,
    144115188075855872,
    144115188075855872,
    144115188075855872,
    144115188075855872,
    144115188075855872,
    288230376151711744,
    144115188075855872,
    144115188075855872,
    288230376151711744
  ],
  "depth": 54,
  "volume": 2.7755575615628914e-17,
  "lp_val": 1.0275034059945503,
  "iters_survived": 6,
  "K": 32,
  "wall_s": 156.24123620986938,
  "verdict": "feas",
  "lambda_star": -2.21422940340519e-07,
  "status": "solsta.optimal",
  "peak_rss_kb": 114391928,
  "peak_rss_gb": 109.09,
  "threads": 21,
  "error": null
}