{
  "worker_id": 5,
  "hash": "a7ee2a9123ce4223",
  "src": "split(ad4d8f586b6dbd0b)",
  "lo_int": [
    0,
    0,
    0,
    0,
    0,
    0,
    0,
    0,
    0,
    0,
    0,
    0,
    144115188075855872,
    0,
    144115188075855872,
    0,
    0,
    0,
    0,
    0,
    0,
    0
  ],
  "hi_int": [
    288230376151711744,
    288230376151711744,
    288230376151711744,
    288230376151711744,
    288230376151711744,
    288230376151711744,
    288230376151711744,
    288230376151711744,
    288230376151711744,
    288230376151711744,
    288230376151711744,
    144115188075855872,
    288230376151711744,
    144115188075855872,
    288230376151711744,
    144115188075855872,
    144115188075855872,
    144115188075855872,
    144115188075855872,
    144115188075855872,
    144115188075855872,
    144115188075855872
  ],
  "depth": 54,
  "volume": 2.7755575615628914e-17,
  "lp_val": 1.0176091269841272,
  "iters_survived": 6,
  "K": 32,
  "wall_s": 119.70872187614441,
  "verdict": "feas",
  "lambda_star": -5.656148098922401e-07,
  "status": "solsta.optimal",
  "peak_rss_kb": 88942032,
  "peak_rss_gb": 84.82,
  "threads": 21,
  "error": null
}