{
  "worker_id": 5,
  "hash": "ad91650af71926ef",
  "src": "split(ad4d8f586b6dbd0b)",
  "lo_int": [
    0,
    0,
    0,
    0,
    0,
    0,
    0,
    0,
    0,
    0,
    0,
    144115188075855872,
    0,
    0,
    144115188075855872,
    0,
    0,
    144115188075855872,
    0,
    0,
    0,
    0
  ],
  "hi_int": [
    288230376151711744,
    288230376151711744,
    288230376151711744,
    288230376151711744,
    288230376151711744,
    288230376151711744,
    288230376151711744,
    288230376151711744,
    288230376151711744,
    288230376151711744,
    288230376151711744,
    288230376151711744,
    144115188075855872,
    144115188075855872,
    288230376151711744,
    144115188075855872,
    144115188075855872,
    288230376151711744,
    144115188075855872,
    144115188075855872,
    144115188075855872,
    144115188075855872
  ],
  "depth": 54,
  "volume": 2.7755575615628914e-17,
  "lp_val": 1.057394919939001,
  "iters_survived": 6,
  "K": 32,
  "wall_s": 150.6809573173523,
  "verdict": "feas",
  "lambda_star": -1.0490160721591123e-06,
  "status": "solsta.optimal",
  "peak_rss_kb": 95689776,
  "peak_rss_gb": 91.26,
  "threads": 21,
  "error": null
}