{
  "worker_id": 8,
  "hash": "b161adfe5a319eea",
  "src": "split(12fcabc1c81348e3)",
  "lo_int": [
    0,
    0,
    0,
    0,
    0,
    0,
    0,
    0,
    0,
    0,
    0,
    0,
    0,
    144115188075855872,
    0,
    0,
    144115188075855872,
    0,
    0,
    0,
    144115188075855872,
    0
  ],
  "hi_int": [
    288230376151711744,
    288230376151711744,
    288230376151711744,
    288230376151711744,
    288230376151711744,
    288230376151711744,
    288230376151711744,
    288230376151711744,
    288230376151711744,
    288230376151711744,
    288230376151711744,
    144115188075855872,
    144115188075855872,
    288230376151711744,
    144115188075855872,
    144115188075855872,
    288230376151711744,
    144115188075855872,
    144115188075855872,
    144115188075855872,
    288230376151711744,
    144115188075855872
  ],
  "depth": 54,
  "volume": 2.7755575615628914e-17,
  "lp_val": 1.0478451729412444,
  "iters_survived": 6,
  "K": 32,
  "wall_s": 154.72374272346497,
  "verdict": "feas",
  "lambda_star": -8.775890493612696e-08,
  "status": "solsta.optimal",
  "peak_rss_kb": 102495496,
  "peak_rss_gb": 97.75,
  "threads": 21,
  "error": null
}