{
  "worker_id": 0,
  "hash": "b9dee4f8cfee5110",
  "src": "split(ad4d8f586b6dbd0b)",
  "lo_int": [
    0,
    0,
    0,
    0,
    0,
    0,
    0,
    0,
    0,
    0,
    0,
    0,
    0,
    0,
    144115188075855872,
    0,
    0,
    144115188075855872,
    144115188075855872,
    0,
    0,
    0
  ],
  "hi_int": [
    288230376151711744,
    288230376151711744,
    288230376151711744,
    288230376151711744,
    288230376151711744,
    288230376151711744,
    288230376151711744,
    288230376151711744,
    288230376151711744,
    288230376151711744,
    288230376151711744,
    144115188075855872,
    144115188075855872,
    144115188075855872,
    288230376151711744,
    144115188075855872,
    144115188075855872,
    288230376151711744,
    288230376151711744,
    144115188075855872,
    144115188075855872,
    144115188075855872
  ],
  "depth": 54,
  "volume": 2.7755575615628914e-17,
  "lp_val": 1.1524593243173218,
  "iters_survived": 6,
  "K": 32,
  "wall_s": 163.40267086029053,
  "verdict": "infeas",
  "lambda_star": 1.000000000000001,
  "status": "solsta.optimal",
  "peak_rss_kb": 103546688,
  "peak_rss_gb": 98.75,
  "threads": 21,
  "error": null
}