{
  "worker_id": 3,
  "hash": "be62df9cb18e18bf",
  "src": "split(12fcabc1c81348e3)",
  "lo_int": [
    0,
    0,
    0,
    0,
    0,
    0,
    0,
    0,
    0,
    0,
    0,
    0,
    144115188075855872,
    0,
    0,
    0,
    0,
    144115188075855872,
    0,
    0,
    144115188075855872,
    0
  ],
  "hi_int": [
    288230376151711744,
    288230376151711744,
    288230376151711744,
    288230376151711744,
    288230376151711744,
    288230376151711744,
    288230376151711744,
    288230376151711744,
    288230376151711744,
    288230376151711744,
    288230376151711744,
    144115188075855872,
    288230376151711744,
    144115188075855872,
    144115188075855872,
    144115188075855872,
    144115188075855872,
    288230376151711744,
    144115188075855872,
    144115188075855872,
    288230376151711744,
    144115188075855872
  ],
  "depth": 54,
  "volume": 2.7755575615628914e-17,
  "lp_val": 1.0668355558075029,
  "iters_survived": 6,
  "K": 32,
  "wall_s": 155.75319695472717,
  "verdict": "feas",
  "lambda_star": -4.551056277828857e-07,
  "status": "solsta.optimal",
  "peak_rss_kb": 92285716,
  "peak_rss_gb": 88.01,
  "threads": 21,
  "error": null
}