{
  "worker_id": 5,
  "hash": "c5d94bd71903d942",
  "src": "split(ad4d8f586b6dbd0b)",
  "lo_int": [
    0,
    0,
    0,
    0,
    0,
    0,
    0,
    0,
    0,
    0,
    0,
    144115188075855872,
    0,
    0,
    144115188075855872,
    0,
    144115188075855872,
    0,
    0,
    0,
    0,
    0
  ],
  "hi_int": [
    288230376151711744,
    288230376151711744,
    288230376151711744,
    288230376151711744,
    288230376151711744,
    288230376151711744,
    288230376151711744,
    288230376151711744,
    288230376151711744,
    288230376151711744,
    288230376151711744,
    288230376151711744,
    144115188075855872,
    144115188075855872,
    288230376151711744,
    144115188075855872,
    288230376151711744,
    144115188075855872,
    144115188075855872,
    144115188075855872,
    144115188075855872,
    144115188075855872
  ],
  "depth": 54,
  "volume": 2.7755575615628914e-17,
  "lp_val": 1.084011642822825,
  "iters_survived": 6,
  "K": 32,
  "wall_s": 176.7242066860199,
  "verdict": "infeas",
  "lambda_star": 1.0000000000000302,
  "status": "solsta.optimal",
  "peak_rss_kb": 88085168,
  "peak_rss_gb": 84.0,
  "threads": 21,
  "error": null
}