{
  "worker_id": 3,
  "hash": "c9340156ede73fbd",
  "src": "split(e82d7abfe44e73f9)",
  "lo_int": [
    0,
    0,
    0,
    0,
    0,
    0,
    0,
    0,
    0,
    0,
    0,
    0,
    0,
    0,
    0,
    0,
    0,
    0,
    144115188075855872,
    0,
    0,
    144115188075855872
  ],
  "hi_int": [
    288230376151711744,
    288230376151711744,
    288230376151711744,
    288230376151711744,
    288230376151711744,
    288230376151711744,
    288230376151711744,
    288230376151711744,
    288230376151711744,
    288230376151711744,
    288230376151711744,
    144115188075855872,
    144115188075855872,
    144115188075855872,
    144115188075855872,
    144115188075855872,
    144115188075855872,
    144115188075855872,
    288230376151711744,
    144115188075855872,
    144115188075855872,
    288230376151711744
  ],
  "depth": 54,
  "volume": 2.7755575615628914e-17,
  "lp_val": 1.0000000000000002,
  "iters_survived": 6,
  "K": 32,
  "wall_s": 103.14655709266663,
  "verdict": "feas",
  "lambda_star": -8.954950867453578e-07,
  "status": "solsta.optimal",
  "peak_rss_kb": 92285716,
  "peak_rss_gb": 88.01,
  "threads": 21,
  "error": null
}