{
  "worker_id": 8,
  "hash": "cc95ca6a7f3c2f17",
  "src": "split(12fcabc1c81348e3)",
  "lo_int": [
    0,
    0,
    0,
    0,
    0,
    0,
    0,
    0,
    0,
    0,
    0,
    0,
    0,
    0,
    0,
    144115188075855872,
    0,
    144115188075855872,
    0,
    0,
    144115188075855872,
    0
  ],
  "hi_int": [
    288230376151711744,
    288230376151711744,
    288230376151711744,
    288230376151711744,
    288230376151711744,
    288230376151711744,
    288230376151711744,
    288230376151711744,
    288230376151711744,
    288230376151711744,
    288230376151711744,
    144115188075855872,
    144115188075855872,
    144115188075855872,
    144115188075855872,
    288230376151711744,
    144115188075855872,
    288230376151711744,
    144115188075855872,
    144115188075855872,
    288230376151711744,
    144115188075855872
  ],
  "depth": 54,
  "volume": 2.7755575615628914e-17,
  "lp_val": 1.1009983775361036,
  "iters_survived": 6,
  "K": 32,
  "wall_s": 160.21918654441833,
  "verdict": "feas",
  "lambda_star": -6.268284429652068e-07,
  "status": "solsta.optimal",
  "peak_rss_kb": 102495496,
  "peak_rss_gb": 97.75,
  "threads": 21,
  "error": null
}