{
  "worker_id": 4,
  "hash": "cd862ad8d3fd4568",
  "src": "split(ad4d8f586b6dbd0b)",
  "lo_int": [
    0,
    0,
    0,
    0,
    0,
    0,
    0,
    0,
    0,
    0,
    0,
    144115188075855872,
    0,
    144115188075855872,
    144115188075855872,
    0,
    0,
    0,
    0,
    0,
    0,
    0
  ],
  "hi_int": [
    288230376151711744,
    288230376151711744,
    288230376151711744,
    288230376151711744,
    288230376151711744,
    288230376151711744,
    288230376151711744,
    288230376151711744,
    288230376151711744,
    288230376151711744,
    288230376151711744,
    288230376151711744,
    144115188075855872,
    288230376151711744,
    288230376151711744,
    144115188075855872,
    144115188075855872,
    144115188075855872,
    144115188075855872,
    144115188075855872,
    144115188075855872,
    144115188075855872
  ],
  "depth": 54,
  "volume": 2.7755575615628914e-17,
  "lp_val": 1.095323299910626,
  "iters_survived": 6,
  "K": 32,
  "wall_s": 144.5794277191162,
  "verdict": "infeas",
  "lambda_star": 0.9999463985734955,
  "status": "solsta.optimal",
  "peak_rss_kb": 80956888,
  "peak_rss_gb": 77.21,
  "threads": 21,
  "error": null
}