{
  "worker_id": 2,
  "hash": "ce3b7e108ba603bc",
  "src": "split(ad4d8f586b6dbd0b)",
  "lo_int": [
    0,
    0,
    0,
    0,
    0,
    0,
    0,
    0,
    0,
    0,
    0,
    0,
    0,
    0,
    0,
    0,
    144115188075855872,
    0,
    0,
    144115188075855872,
    0,
    0
  ],
  "hi_int": [
    288230376151711744,
    288230376151711744,
    288230376151711744,
    288230376151711744,
    288230376151711744,
    288230376151711744,
    288230376151711744,
    288230376151711744,
    288230376151711744,
    288230376151711744,
    288230376151711744,
    144115188075855872,
    144115188075855872,
    144115188075855872,
    144115188075855872,
    144115188075855872,
    288230376151711744,
    144115188075855872,
    144115188075855872,
    288230376151711744,
    144115188075855872,
    144115188075855872
  ],
  "depth": 54,
  "volume": 2.7755575615628914e-17,
  "lp_val": 1.0191032953105204,
  "iters_survived": 6,
  "K": 32,
  "wall_s": 121.28776240348816,
  "verdict": "feas",
  "lambda_star": -8.160352310967718e-07,
  "status": "solsta.optimal",
  "peak_rss_kb": 98645652,
  "peak_rss_gb": 94.08,
  "threads": 21,
  "error": null
}