{
  "worker_id": 7,
  "hash": "d1295112431a5c54",
  "src": "split(ad4d8f586b6dbd0b)",
  "lo_int": [
    0,
    0,
    0,
    0,
    0,
    0,
    0,
    0,
    0,
    0,
    0,
    144115188075855872,
    144115188075855872,
    0,
    0,
    0,
    0,
    144115188075855872,
    0,
    0,
    0,
    0
  ],
  "hi_int": [
    288230376151711744,
    288230376151711744,
    288230376151711744,
    288230376151711744,
    288230376151711744,
    288230376151711744,
    288230376151711744,
    288230376151711744,
    288230376151711744,
    288230376151711744,
    288230376151711744,
    288230376151711744,
    288230376151711744,
    144115188075855872,
    144115188075855872,
    144115188075855872,
    144115188075855872,
    288230376151711744,
    144115188075855872,
    144115188075855872,
    144115188075855872,
    144115188075855872
  ],
  "depth": 54,
  "volume": 2.7755575615628914e-17,
  "lp_val": 1.0716721542803382,
  "iters_survived": 6,
  "K": 32,
  "wall_s": 172.7588722705841,
  "verdict": "infeas",
  "lambda_star": 1.0000000000001525,
  "status": "solsta.optimal",
  "peak_rss_kb": 85337064,
  "peak_rss_gb": 81.38,
  "threads": 21,
  "error": null
}