{
  "worker_id": 6,
  "hash": "d15c9353acef4f4a",
  "src": "split(ad4d8f586b6dbd0b)",
  "lo_int": [
    0,
    0,
    0,
    0,
    0,
    0,
    0,
    0,
    0,
    0,
    0,
    144115188075855872,
    144115188075855872,
    0,
    0,
    0,
    0,
    0,
    0,
    0,
    0,
    0
  ],
  "hi_int": [
    288230376151711744,
    288230376151711744,
    288230376151711744,
    288230376151711744,
    288230376151711744,
    288230376151711744,
    288230376151711744,
    288230376151711744,
    288230376151711744,
    288230376151711744,
    288230376151711744,
    288230376151711744,
    288230376151711744,
    144115188075855872,
    144115188075855872,
    144115188075855872,
    144115188075855872,
    144115188075855872,
    144115188075855872,
    144115188075855872,
    144115188075855872,
    144115188075855872
  ],
  "depth": 54,
  "volume": 2.7755575615628914e-17,
  "lp_val": 1.0185185185185184,
  "iters_survived": 6,
  "K": 32,
  "wall_s": 130.67404747009277,
  "verdict": "feas",
  "lambda_star": -8.803535982643706e-07,
  "status": "solsta.optimal",
  "peak_rss_kb": 88816444,
  "peak_rss_gb": 84.7,
  "threads": 21,
  "error": null
}