{
  "worker_id": 0,
  "hash": "d21f3078a545bb47",
  "src": "split(ad4d8f586b6dbd0b)",
  "lo_int": [
    0,
    0,
    0,
    0,
    0,
    0,
    0,
    0,
    0,
    0,
    0,
    0,
    144115188075855872,
    0,
    0,
    144115188075855872,
    0,
    144115188075855872,
    0,
    0,
    0,
    0
  ],
  "hi_int": [
    288230376151711744,
    288230376151711744,
    288230376151711744,
    288230376151711744,
    288230376151711744,
    288230376151711744,
    288230376151711744,
    288230376151711744,
    288230376151711744,
    288230376151711744,
    288230376151711744,
    144115188075855872,
    288230376151711744,
    144115188075855872,
    144115188075855872,
    288230376151711744,
    144115188075855872,
    288230376151711744,
    144115188075855872,
    144115188075855872,
    144115188075855872,
    144115188075855872
  ],
  "depth": 54,
  "volume": 2.7755575615628914e-17,
  "lp_val": 1.0967153402106968,
  "iters_survived": 6,
  "K": 32,
  "wall_s": 120.237389087677,
  "verdict": "feas",
  "lambda_star": -4.3516719087807043e-07,
  "status": "solsta.optimal",
  "peak_rss_kb": 83524256,
  "peak_rss_gb": 79.65,
  "threads": 21,
  "error": null
}