{
  "worker_id": 3,
  "hash": "d92fc0a5a60e30fd",
  "src": "split(e82d7abfe44e73f9)",
  "lo_int": [
    0,
    0,
    0,
    0,
    0,
    0,
    0,
    0,
    0,
    0,
    0,
    144115188075855872,
    0,
    144115188075855872,
    0,
    0,
    144115188075855872,
    0,
    0,
    0,
    0,
    144115188075855872
  ],
  "hi_int": [
    288230376151711744,
    288230376151711744,
    288230376151711744,
    288230376151711744,
    288230376151711744,
    288230376151711744,
    288230376151711744,
    288230376151711744,
    288230376151711744,
    288230376151711744,
    288230376151711744,
    288230376151711744,
    144115188075855872,
    288230376151711744,
    144115188075855872,
    144115188075855872,
    288230376151711744,
    144115188075855872,
    144115188075855872,
    144115188075855872,
    144115188075855872,
    288230376151711744
  ],
  "depth": 54,
  "volume": 2.7755575615628914e-17,
  "lp_val": 1.1756914361879367,
  "iters_survived": 6,
  "K": 32,
  "wall_s": 141.96962881088257,
  "verdict": "infeas",
  "lambda_star": 0.9999990899075358,
  "status": "solsta.optimal",
  "peak_rss_kb": 92285716,
  "peak_rss_gb": 88.01,
  "threads": 21,
  "error": null
}