{
  "worker_id": 8,
  "hash": "e01ae85bf7896ef8",
  "src": "split(ad4d8f586b6dbd0b)",
  "lo_int": [
    0,
    0,
    0,
    0,
    0,
    0,
    0,
    0,
    0,
    0,
    0,
    0,
    0,
    0,
    0,
    144115188075855872,
    0,
    0,
    0,
    144115188075855872,
    0,
    0
  ],
  "hi_int": [
    288230376151711744,
    288230376151711744,
    288230376151711744,
    288230376151711744,
    288230376151711744,
    288230376151711744,
    288230376151711744,
    288230376151711744,
    288230376151711744,
    288230376151711744,
    288230376151711744,
    144115188075855872,
    144115188075855872,
    144115188075855872,
    144115188075855872,
    288230376151711744,
    144115188075855872,
    144115188075855872,
    144115188075855872,
    288230376151711744,
    144115188075855872,
    144115188075855872
  ],
  "depth": 54,
  "volume": 2.7755575615628914e-17,
  "lp_val": 1.0171232876712328,
  "iters_survived": 6,
  "K": 32,
  "wall_s": 132.97003650665283,
  "verdict": "feas",
  "lambda_star": -1.4943411676925942e-06,
  "status": "solsta.optimal",
  "peak_rss_kb": 101743848,
  "peak_rss_gb": 97.03,
  "threads": 21,
  "error": null
}