{
  "worker_id": 3,
  "hash": "e39fda9d1bbf559e",
  "src": "split(15d4e341ea7c9e0f)",
  "lo_int": [
    0,
    0,
    0,
    0,
    0,
    0,
    0,
    0,
    0,
    0,
    0,
    0,
    0,
    0,
    144115188075855872,
    0,
    0,
    0,
    0,
    0,
    144115188075855872,
    144115188075855872
  ],
  "hi_int": [
    288230376151711744,
    288230376151711744,
    288230376151711744,
    288230376151711744,
    288230376151711744,
    288230376151711744,
    288230376151711744,
    288230376151711744,
    288230376151711744,
    288230376151711744,
    288230376151711744,
    144115188075855872,
    144115188075855872,
    144115188075855872,
    288230376151711744,
    144115188075855872,
    144115188075855872,
    144115188075855872,
    144115188075855872,
    144115188075855872,
    288230376151711744,
    288230376151711744
  ],
  "depth": 54,
  "volume": 2.7755575615628914e-17,
  "lp_val": 1.0974226074780262,
  "iters_survived": 6,
  "K": 32,
  "wall_s": 136.0456440448761,
  "verdict": "feas",
  "lambda_star": -3.5405887625043115e-07,
  "status": "solsta.optimal",
  "peak_rss_kb": 99956172,
  "peak_rss_gb": 95.33,
  "threads": 21,
  "error": null
}