{
  "worker_id": 8,
  "hash": "e75a02779499839d",
  "src": "split(12fcabc1c81348e3)",
  "lo_int": [
    0,
    0,
    0,
    0,
    0,
    0,
    0,
    0,
    0,
    0,
    0,
    144115188075855872,
    0,
    144115188075855872,
    0,
    0,
    0,
    0,
    0,
    0,
    144115188075855872,
    0
  ],
  "hi_int": [
    288230376151711744,
    288230376151711744,
    288230376151711744,
    288230376151711744,
    288230376151711744,
    288230376151711744,
    288230376151711744,
    288230376151711744,
    288230376151711744,
    288230376151711744,
    288230376151711744,
    288230376151711744,
    144115188075855872,
    288230376151711744,
    144115188075855872,
    144115188075855872,
    144115188075855872,
    144115188075855872,
    144115188075855872,
    144115188075855872,
    288230376151711744,
    144115188075855872
  ],
  "depth": 54,
  "volume": 2.7755575615628914e-17,
  "lp_val": 1.0305230880793461,
  "iters_survived": 6,
  "K": 32,
  "wall_s": 158.71020102500916,
  "verdict": "feas",
  "lambda_star": -2.827362524405932e-07,
  "status": "solsta.optimal",
  "peak_rss_kb": 101743848,
  "peak_rss_gb": 97.03,
  "threads": 21,
  "error": null
}