{
  "worker_id": 3,
  "hash": "ec1fe287c71f1429",
  "src": "split(ad4d8f586b6dbd0b)",
  "lo_int": [
    0,
    0,
    0,
    0,
    0,
    0,
    0,
    0,
    0,
    0,
    0,
    0,
    144115188075855872,
    0,
    144115188075855872,
    144115188075855872,
    0,
    0,
    0,
    0,
    0,
    0
  ],
  "hi_int": [
    288230376151711744,
    288230376151711744,
    288230376151711744,
    288230376151711744,
    288230376151711744,
    288230376151711744,
    288230376151711744,
    288230376151711744,
    288230376151711744,
    288230376151711744,
    288230376151711744,
    144115188075855872,
    288230376151711744,
    144115188075855872,
    288230376151711744,
    288230376151711744,
    144115188075855872,
    144115188075855872,
    144115188075855872,
    144115188075855872,
    144115188075855872,
    144115188075855872
  ],
  "depth": 54,
  "volume": 2.7755575615628914e-17,
  "lp_val": 1.1173603271912609,
  "iters_survived": 6,
  "K": 32,
  "wall_s": 161.25040316581726,
  "verdict": "infeas",
  "lambda_star": 0.9999995106317494,
  "status": "solsta.optimal",
  "peak_rss_kb": 67442728,
  "peak_rss_gb": 64.32,
  "threads": 21,
  "error": null
}