{
  "worker_id": 6,
  "hash": "ed5d5581e3c8290f",
  "src": "split(ad4d8f586b6dbd0b)",
  "lo_int": [
    0,
    0,
    0,
    0,
    0,
    0,
    0,
    0,
    0,
    0,
    0,
    0,
    0,
    144115188075855872,
    0,
    144115188075855872,
    0,
    0,
    0,
    0,
    0,
    0
  ],
  "hi_int": [
    288230376151711744,
    288230376151711744,
    288230376151711744,
    288230376151711744,
    288230376151711744,
    288230376151711744,
    288230376151711744,
    288230376151711744,
    288230376151711744,
    288230376151711744,
    288230376151711744,
    144115188075855872,
    144115188075855872,
    288230376151711744,
    144115188075855872,
    288230376151711744,
    144115188075855872,
    144115188075855872,
    144115188075855872,
    144115188075855872,
    144115188075855872,
    144115188075855872
  ],
  "depth": 54,
  "volume": 2.7755575615628914e-17,
  "lp_val": 1.0207524179422744,
  "iters_survived": 6,
  "K": 32,
  "wall_s": 106.45025777816772,
  "verdict": "feas",
  "lambda_star": -1.432504559984385e-06,
  "status": "solsta.optimal",
  "peak_rss_kb": 71796104,
  "peak_rss_gb": 68.47,
  "threads": 21,
  "error": null
}