{
  "worker_id": 6,
  "hash": "eebdf14b5ddd1452",
  "src": "split(ad4d8f586b6dbd0b)",
  "lo_int": [
    0,
    0,
    0,
    0,
    0,
    0,
    0,
    0,
    0,
    0,
    0,
    0,
    0,
    0,
    0,
    144115188075855872,
    0,
    0,
    0,
    0,
    0,
    0
  ],
  "hi_int": [
    288230376151711744,
    288230376151711744,
    288230376151711744,
    288230376151711744,
    288230376151711744,
    288230376151711744,
    288230376151711744,
    288230376151711744,
    288230376151711744,
    288230376151711744,
    288230376151711744,
    144115188075855872,
    144115188075855872,
    144115188075855872,
    144115188075855872,
    288230376151711744,
    144115188075855872,
    144115188075855872,
    144115188075855872,
    144115188075855872,
    144115188075855872,
    144115188075855872
  ],
  "depth": 54,
  "volume": 2.7755575615628914e-17,
  "lp_val": 1.0089941470249257,
  "iters_survived": 6,
  "K": 32,
  "wall_s": 124.69088530540466,
  "verdict": "feas",
  "lambda_star": -8.672676174662629e-07,
  "status": "solsta.optimal",
  "peak_rss_kb": 102624700,
  "peak_rss_gb": 97.87,
  "threads": 21,
  "error": null
}