{
  "worker_id": 4,
  "hash": "f4256ccc10cc6394",
  "src": "split(15d4e341ea7c9e0f)",
  "lo_int": [
    0,
    0,
    0,
    0,
    0,
    0,
    0,
    0,
    0,
    0,
    0,
    144115188075855872,
    0,
    0,
    0,
    0,
    0,
    0,
    0,
    0,
    144115188075855872,
    144115188075855872
  ],
  "hi_int": [
    288230376151711744,
    288230376151711744,
    288230376151711744,
    288230376151711744,
    288230376151711744,
    288230376151711744,
    288230376151711744,
    288230376151711744,
    288230376151711744,
    288230376151711744,
    288230376151711744,
    288230376151711744,
    144115188075855872,
    144115188075855872,
    144115188075855872,
    144115188075855872,
    144115188075855872,
    144115188075855872,
    144115188075855872,
    144115188075855872,
    288230376151711744,
    288230376151711744
  ],
  "depth": 54,
  "volume": 2.7755575615628914e-17,
  "lp_val": 1.0711175429008686,
  "iters_survived": 6,
  "K": 32,
  "wall_s": 159.12232327461243,
  "verdict": "feas",
  "lambda_star": -8.015689133846605e-07,
  "status": "solsta.optimal",
  "peak_rss_kb": 93113152,
  "peak_rss_gb": 88.8,
  "threads": 21,
  "error": null
}