{
  "worker_id": 4,
  "hash": "f5aaee4993abbb9c",
  "src": "split(ad4d8f586b6dbd0b)",
  "lo_int": [
    0,
    0,
    0,
    0,
    0,
    0,
    0,
    0,
    0,
    0,
    0,
    0,
    0,
    0,
    0,
    0,
    0,
    0,
    0,
    144115188075855872,
    0,
    0
  ],
  "hi_int": [
    288230376151711744,
    288230376151711744,
    288230376151711744,
    288230376151711744,
    288230376151711744,
    288230376151711744,
    288230376151711744,
    288230376151711744,
    288230376151711744,
    288230376151711744,
    288230376151711744,
    144115188075855872,
    144115188075855872,
    144115188075855872,
    144115188075855872,
    144115188075855872,
    144115188075855872,
    144115188075855872,
    144115188075855872,
    288230376151711744,
    144115188075855872,
    144115188075855872
  ],
  "depth": 54,
  "volume": 2.7755575615628914e-17,
  "lp_val": 1.0103472746782305,
  "iters_survived": 6,
  "K": 32,
  "wall_s": 128.77876996994019,
  "verdict": "feas",
  "lambda_star": -1.9385053421069398e-07,
  "status": "solsta.optimal",
  "peak_rss_kb": 92435560,
  "peak_rss_gb": 88.15,
  "threads": 21,
  "error": null
}