{
  "worker_id": 8,
  "hash": "f76c9be3b3cecab3",
  "src": "split(ad4d8f586b6dbd0b)",
  "lo_int": [
    0,
    0,
    0,
    0,
    0,
    0,
    0,
    0,
    0,
    0,
    0,
    0,
    144115188075855872,
    144115188075855872,
    0,
    0,
    0,
    0,
    0,
    0,
    0,
    0
  ],
  "hi_int": [
    288230376151711744,
    288230376151711744,
    288230376151711744,
    288230376151711744,
    288230376151711744,
    288230376151711744,
    288230376151711744,
    288230376151711744,
    288230376151711744,
    288230376151711744,
    288230376151711744,
    144115188075855872,
    288230376151711744,
    288230376151711744,
    144115188075855872,
    144115188075855872,
    144115188075855872,
    144115188075855872,
    144115188075855872,
    144115188075855872,
    144115188075855872,
    144115188075855872
  ],
  "depth": 54,
  "volume": 2.7755575615628914e-17,
  "lp_val": 1.0196865443425074,
  "iters_survived": 6,
  "K": 32,
  "wall_s": 130.31870436668396,
  "verdict": "feas",
  "lambda_star": -3.017819799460825e-07,
  "status": "solsta.optimal",
  "peak_rss_kb": 76127920,
  "peak_rss_gb": 72.6,
  "threads": 21,
  "error": null
}