{
  "worker_id": 2,
  "hash": "f7789c66b2b10737",
  "src": "split(ad4d8f586b6dbd0b)",
  "lo_int": [
    0,
    0,
    0,
    0,
    0,
    0,
    0,
    0,
    0,
    0,
    0,
    144115188075855872,
    0,
    0,
    0,
    144115188075855872,
    0,
    144115188075855872,
    0,
    0,
    0,
    0
  ],
  "hi_int": [
    288230376151711744,
    288230376151711744,
    288230376151711744,
    288230376151711744,
    288230376151711744,
    288230376151711744,
    288230376151711744,
    288230376151711744,
    288230376151711744,
    288230376151711744,
    288230376151711744,
    288230376151711744,
    144115188075855872,
    144115188075855872,
    144115188075855872,
    288230376151711744,
    144115188075855872,
    288230376151711744,
    144115188075855872,
    144115188075855872,
    144115188075855872,
    144115188075855872
  ],
  "depth": 54,
  "volume": 2.7755575615628914e-17,
  "lp_val": 1.0907457783312065,
  "iters_survived": 6,
  "K": 32,
  "wall_s": 150.99351716041565,
  "verdict": "infeas",
  "lambda_star": 0.9999792696642378,
  "status": "solsta.optimal",
  "peak_rss_kb": 96197580,
  "peak_rss_gb": 91.74,
  "threads": 21,
  "error": null
}