{
  "worker_id": 3,
  "hash": "ff0b31bbbceec02e",
  "src": "split(e82d7abfe44e73f9)",
  "lo_int": [
    0,
    0,
    0,
    0,
    0,
    0,
    0,
    0,
    0,
    0,
    0,
    0,
    0,
    0,
    0,
    144115188075855872,
    0,
    0,
    0,
    144115188075855872,
    0,
    144115188075855872
  ],
  "hi_int": [
    288230376151711744,
    288230376151711744,
    288230376151711744,
    288230376151711744,
    288230376151711744,
    288230376151711744,
    288230376151711744,
    288230376151711744,
    288230376151711744,
    288230376151711744,
    288230376151711744,
    144115188075855872,
    144115188075855872,
    144115188075855872,
    144115188075855872,
    288230376151711744,
    144115188075855872,
    144115188075855872,
    144115188075855872,
    288230376151711744,
    144115188075855872,
    288230376151711744
  ],
  "depth": 54,
  "volume": 2.7755575615628914e-17,
  "lp_val": 1.092090222121047,
  "iters_survived": 6,
  "K": 32,
  "wall_s": 155.35785603523254,
  "verdict": "feas",
  "lambda_star": -2.8888947601921615e-07,
  "status": "solsta.optimal",
  "peak_rss_kb": 96837440,
  "peak_rss_gb": 92.35,
  "threads": 21,
  "error": null
}