{
  "K": 0,
  "n_input": 4,
  "n_calibration": 2,
  "calibration": [
    {
      "K": 0,
      "wall_s": 40.53491187095642,
      "cache_build_s": 0.11527180671691895,
      "verdict": "feas",
      "lambda_star": -6.377058423346085e-06,
      "status": "solsta.optimal",
      "peak_rss_kb": 4781412,
      "peak_rss_gb": 4.56,
      "threads": 16,
      "error": null,
      "hash": "ad4d8f586b6dbd0b",
      "lp_val": 1.0072674418604655,
      "src": "split(8d60cce87ab6b1c1)",
      "lo_int": [
        0,
        0,
        0,
        0,
        0,
        0,
        0,
        0,
        0,
        0,
        0,
        0,
        0,
        0,
        0,
        0,
        0,
        0,
        0,
        0,
        0,
        0
      ],
      "hi_int": [
        288230376151711744,
        288230376151711744,
        288230376151711744,
        288230376151711744,
        288230376151711744,
        288230376151711744,
        288230376151711744,
        288230376151711744,
        288230376151711744,
        288230376151711744,
        288230376151711744,
        288230376151711744,
        288230376151711744,
        288230376151711744,
        288230376151711744,
        288230376151711744,
        288230376151711744,
        288230376151711744,
        288230376151711744,
        288230376151711744,
        144115188075855872,
        144115188075855872
      ],
      "depth": 45,
      "volume": 1.4210854715202004e-14,
      "iters_survived": 5
    },
    {
      "K": 0,
      "wall_s": 40.07343649864197,
      "cache_build_s": 0.11538982391357422,
      "verdict": "feas",
      "lambda_star": -3.3535709320379716e-06,
      "status": "solsta.optimal",
      "peak_rss_kb": 4781640,
      "peak_rss_gb": 4.56,
      "threads": 16,
      "error": null,
      "hash": "12fcabc1c81348e3",
      "lp_val": 1.00736993589464,
      "src": "split(8d60cce87ab6b1c1)",
      "lo_int": [
        0,
        0,
        0,
        0,
        0,
        0,
        0,
        0,
        0,
        0,
        0,
        0,
        0,
        0,
        0,
        0,
        0,
        0,
        0,
        0,
        144115188075855872,
        0
      ],
      "hi_int": [
        288230376151711744,
        288230376151711744,
        288230376151711744,
        288230376151711744,
        288230376151711744,
        288230376151711744,
        288230376151711744,
        288230376151711744,
        288230376151711744,
        288230376151711744,
        288230376151711744,
        288230376151711744,
        288230376151711744,
        288230376151711744,
        288230376151711744,
        288230376151711744,
        288230376151711744,
        288230376151711744,
        288230376151711744,
        288230376151711744,
        288230376151711744,
        144115188075855872
      ],
      "depth": 45,
      "volume": 1.4210854715202004e-14,
      "iters_survived": 5
    }
  ],
  "max_rss_gb_observed": 4.56,
  "n_parallel": 48,
  "threads_per_proc": 4,
  "available_ram_gb_at_start": 749.7182693481445,
  "n_cert": 0,
  "n_fail": 4,
  "n_exception": 0,
  "sweep_wall_s": 75.55638027191162,
  "avg_solve_s": 56.359039664268494,
  "n_survivors_for_next_stage": 4
}