{
  "d": 22,
  "target": "2561/2000",
  "margin": "1/1000000",
  "threshold": "1280501/1000000",
  "threshold_float": 1.280501,
  "N_star": 1,
  "n_windows": 946,
  "total_wall_s": 85.39150595664978,
  "per_K": {
    "1": {
      "min_val_float": 22.0,
      "exact_val": "22",
      "exact_val_float": 22.0,
      "worst_S": [
        0
      ],
      "certified": true,
      "n_subsets": 22,
      "wall_s": 0.001009225845336914
    },
    "2": {
      "min_val_float": 11.0,
      "exact_val": "11",
      "exact_val_float": 11.0,
      "worst_S": [
        0,
        1
      ],
      "certified": true,
      "n_subsets": 231,
      "wall_s": 0.003996372222900391
    },
    "3": {
      "min_val_float": 4.888888888888889,
      "exact_val": "44/9",
      "exact_val_float": 4.888888888888889,
      "worst_S": [
        0,
        2,
        5
      ],
      "certified": true,
      "n_subsets": 1540,
      "wall_s": 0.02299976348876953
    },
    "4": {
      "min_val_float": 2.75,
      "exact_val": "11/4",
      "exact_val_float": 2.75,
      "worst_S": [
        0,
        2,
        5,
        11
      ],
      "certified": true,
      "n_subsets": 7315,
      "wall_s": 0.10805606842041016
    },
    "5": {
      "min_val_float": 1.76,
      "exact_val": "44/25",
      "exact_val_float": 1.76,
      "worst_S": [
        0,
        2,
        5,
        11,
        18
      ],
      "certified": true,
      "n_subsets": 26334,
      "wall_s": 0.3789050579071045
    },
    "6": {
      "min_val_float": 1.711111111111111,
      "exact_val": "77/45",
      "exact_val_float": 1.711111111111111,
      "worst_S": [
        0,
        1,
        3,
        9,
        16,
        21
      ],
      "certified": true,
      "n_subsets": 74613,
      "wall_s": 1.0760960578918457
    },
    "7": {
      "min_val_float": 1.4965986394557824,
      "exact_val": "220/147",
      "exact_val_float": 1.4965986394557824,
      "worst_S": [
        0,
        2,
        4,
        8,
        11,
        16,
        21
      ],
      "certified": true,
      "n_subsets": 170544,
      "wall_s": 2.5629897117614746
    },
    "8": {
      "min_val_float": 1.4732142857142858,
      "exact_val": "165/112",
      "exact_val_float": 1.4732142857142858,
      "worst_S": [
        0,
        1,
        8,
        12,
        13,
        16,
        18,
        21
      ],
      "certified": true,
      "n_subsets": 319770,
      "wall_s": 5.138108968734741
    },
    "9": {
      "min_val_float": 1.448559670781893,
      "exact_val": "352/243",
      "exact_val_float": 1.448559670781893,
      "worst_S": [
        0,
        1,
        4,
        7,
        8,
        10,
        16,
        19,
        21
      ],
      "certified": true,
      "n_subsets": 497420,
      "wall_s": 10.60146450996399
    },
    "10": {
      "min_val_float": 1.43,
      "exact_val": "143/100",
      "exact_val_float": 1.43,
      "worst_S": [
        0,
        1,
        3,
        4,
        6,
        7,
        12,
        13,
        20,
        21
      ],
      "certified": true,
      "n_subsets": 646646,
      "wall_s": 13.875273942947388
    },
    "11": {
      "min_val_float": 1.393939393939394,
      "exact_val": "46/33",
      "exact_val_float": 1.393939393939394,
      "worst_S": [
        0,
        1,
        2,
        9,
        11,
        13,
        14,
        16,
        17,
        20,
        21
      ],
      "certified": true,
      "n_subsets": 705432,
      "wall_s": 15.119647979736328
    },
    "12": {
      "min_val_float": 1.4259259259259258,
      "exact_val": "77/54",
      "exact_val_float": 1.4259259259259258,
      "worst_S": [
        0,
        1,
        2,
        3,
        4,
        5,
        7,
        11,
        13,
        15,
        20,
        21
      ],
      "certified": true,
      "n_subsets": 646646,
      "wall_s": 13.882723808288574
    },
    "13": {
      "min_val_float": 1.4113983182809093,
      "exact_val": "4532/3211",
      "exact_val_float": 1.4113983182809093,
      "worst_S": [
        0,
        1,
        2,
        4,
        5,
        7,
        8,
        9,
        10,
        16,
        19,
        20,
        21
      ],
      "certified": true,
      "n_subsets": 497420,
      "wall_s": 9.919426441192627
    },
    "14": {
      "min_val_float": 1.403061224489796,
      "exact_val": "275/196",
      "exact_val_float": 1.403061224489796,
      "worst_S": [
        0,
        1,
        2,
        3,
        10,
        11,
        13,
        14,
        15,
        16,
        17,
        19,
        20,
        21
      ],
      "certified": true,
      "n_subsets": 319770,
      "wall_s": 6.539838075637817
    },
    "15": {
      "min_val_float": 1.4264052287581699,
      "exact_val": "5456/3825",
      "exact_val_float": 1.4264052287581699,
      "worst_S": [
        0,
        1,
        2,
        3,
        5,
        6,
        7,
        8,
        9,
        11,
        12,
        18,
        19,
        20,
        21
      ],
      "certified": true,
      "n_subsets": 170544,
      "wall_s": 3.754507303237915
    },
    "16": {
      "min_val_float": 1.4418402777777777,
      "exact_val": "1661/1152",
      "exact_val_float": 1.4418402777777777,
      "worst_S": [
        0,
        1,
        2,
        3,
        4,
        5,
        6,
        7,
        8,
        9,
        10,
        14,
        18,
        19,
        20,
        21
      ],
      "certified": true,
      "n_subsets": 74613,
      "wall_s": 1.6332316398620605
    },
    "17": {
      "min_val_float": 1.4427418026033942,
      "exact_val": "8756/6069",
      "exact_val_float": 1.4427418026033942,
      "worst_S": [
        0,
        1,
        2,
        3,
        4,
        5,
        6,
        7,
        8,
        9,
        10,
        11,
        17,
        18,
        19,
        20,
        21
      ],
      "certified": true,
      "n_subsets": 26334,
      "wall_s": 0.5698943138122559
    },
    "18": {
      "min_val_float": 1.4768518518518519,
      "exact_val": "319/216",
      "exact_val_float": 1.4768518518518519,
      "worst_S": [
        0,
        1,
        2,
        3,
        4,
        5,
        6,
        7,
        8,
        9,
        10,
        11,
        12,
        17,
        18,
        19,
        20,
        21
      ],
      "certified": true,
      "n_subsets": 7315,
      "wall_s": 0.1582040786743164
    },
    "19": {
      "min_val_float": 1.5235457063711912,
      "exact_val": "550/361",
      "exact_val_float": 1.5235457063711912,
      "worst_S": [
        0,
        1,
        2,
        3,
        4,
        5,
        6,
        7,
        8,
        9,
        10,
        11,
        12,
        13,
        17,
        18,
        19,
        20,
        21
      ],
      "certified": true,
      "n_subsets": 1540,
      "wall_s": 0.03712606430053711
    },
    "20": {
      "min_val_float": 1.5675,
      "exact_val": "627/400",
      "exact_val_float": 1.5675,
      "worst_S": [
        0,
        1,
        2,
        3,
        4,
        5,
        6,
        7,
        8,
        9,
        10,
        11,
        12,
        13,
        14,
        17,
        18,
        19,
        20,
        21
      ],
      "certified": true,
      "n_subsets": 231,
      "wall_s": 0.006000518798828125
    },
    "21": {
      "min_val_float": 1.5963718820861679,
      "exact_val": "704/441",
      "exact_val_float": 1.5963718820861679,
      "worst_S": [
        0,
        1,
        2,
        3,
        4,
        5,
        6,
        7,
        8,
        9,
        10,
        11,
        12,
        13,
        14,
        15,
        17,
        18,
        19,
        20,
        21
      ],
      "certified": true,
      "n_subsets": 22,
      "wall_s": 0.00099945068359375
    },
    "22": {
      "min_val_float": 1.6181818181818182,
      "exact_val": "89/55",