{
  "N_grid": 100,
  "DELTA": 0.138,
  "init_atoms": [
    [
      0.138,
      0.85
    ],
    [
      0.055200000000000006,
      0.1
    ],
    [
      0.02484,
      0.05
    ]
  ],
  "init_M_cert_numeric": 1.2740748273554825,
  "fw_M_cert_numeric": 1.2804036131607566,
  "final_atoms": [
    [
      0.138,
      0.9215848455516968
    ],
    [
      0.057960000000000005,
      0.01566024009155411
    ],
    [
      0.056580000000000005,
      0.014531652714800215
    ],
    [
      0.06210000000000001,
      0.012066276584328644
    ],
    [
      0.04692,
      0.011926116569822917
    ],
    [
      0.05244000000000001,
      0.007513553602610138
    ],
    [
      0.06762000000000001,
      0.005140416554564261
    ],
    [
      0.0041400000000000005,
      0.002998510105587758
    ],
    [
      0.06348000000000001,
      0.0029211658746753568
    ],
    [
      0.05106,
      0.0028449914525351923
    ],
    [
      0.059340000000000004,
      0.002811900883818244
    ]
  ],
  "eff_caratheodory_dim": 11,
  "support_size": 11,
  "rigorous": {
    "deltas": [
      0.138,
      0.05796,
      0.05658,
      0.0621,
      0.04692,
      0.05244,
      0.06762,
      0.00414,
      0.06348,
      0.05106,
      0.05934
    ],
    "lambdas": [
      0.9215851449072464,
      0.015660245011278405,
      0.014531654650129488,
      0.012066283861210836,
      0.01192612381635962,
      0.0075135524043367695,
      0.005140421644934927,
      0.002998510959523507,
      0.0029211709347746993,
      0.0028449909103970914,
      0.0028119008998082878
    ],
    "n_scales": 11,
    "n_modes": 119,
    "xi_max": 10000,
    "prec_bits": 256,
    "arb_grid": 200001,
    "k_1_mid": 0.915188029785489,
    "min_G_lower": 0.9988596029721025,
    "G2_OK": true,
    "S_1_upper": 45.41411646199463,
    "K_2_lower": 4.406861342620438,
    "K_2_upper": 4.413062102779556,
    "K_2_tail_upper": 0.006200760144538402,
    "a_gain_lower": 0.1377391319747457,
    "M_cert_lower": 1.2854646552190225,
    "time_K2_seconds": 16.274402141571045,
    "time_minG_seconds": 0.6125147342681885
  },
  "prune_thresh": 0.0005,
  "pruned_atoms": [
    [
      0.138,
      0.9215848455516968
    ],
    [
      0.057960000000000005,
      0.01566024009155411
    ],
    [
      0.056580000000000005,
      0.014531652714800215
    ],
    [
      0.06210000000000001,
      0.012066276584328644
    ],
    [
      0.04692,
      0.011926116569822917
    ],
    [
      0.05244000000000001,
      0.007513553602610138
    ],
    [
      0.06762000000000001,
      0.005140416554564261
    ],
    [
      0.0041400000000000005,
      0.002998510105587758
    ],
    [
      0.06348000000000001,
      0.0029211658746753568
    ],
    [
      0.05106,
      0.0028449914525351923
    ],
    [
      0.059340000000000004,
      0.002811900883818244
    ]
  ]
}