{
  "N_grid": 100,
  "checkpoint": "C:\\Users\\andre\\OneDrive - PennO365\\Desktop\\compact_sidon\\archive\\multiscale_arcsine\\_continuous_nu_fw_ckpt_N100.npz",
  "ckpt_iter": 50,
  "ckpt_M_cert_numeric": 1.293010208989902,
  "cd_polish_M_cert_numeric": 1.2930251478845294,
  "max_active_in_cd": 10,
  "cd_sweeps": 3,
  "final_atoms": [
    [
      0.138,
      0.7035605678490893
    ],
    [
      0.09108000000000002,
      0.0549949295042443
    ],
    [
      0.11454000000000002,
      0.048058277829486705
    ],
    [
      0.055200000000000006,
      0.0398496900570603
    ],
    [
      0.02484,
      0.022633439117041042
    ],
    [
      0.06900000000000002,
      0.02063687430643061
    ],
    [
      0.10212000000000002,
      0.017082658088970408
    ],
    [
      0.10074000000000001,
      0.016533845297442822
    ],
    [
      0.07452000000000002,
      0.01515171727442944
    ],
    [
      0.10488000000000001,
      0.012259568019846625
    ],
    [
      0.07314000000000001,
      0.006111827147180693
    ],
    [
      0.09798000000000001,
      0.006033411229930983
    ],
    [
      0.04002000000000001,
      0.005220953763518615
    ],
    [
      0.03588,
      0.00506489927701287
    ],
    [
      0.07866000000000002,
      0.004393261242452806
    ],
    [
      0.045540000000000004,
      0.0037529632489761273
    ],
    [
      0.041400000000000006,
      0.0029260527524863134
    ],
    [
      0.03864,
      0.0021246427322172247
    ],
    [
      0.06624000000000001,
      0.0020659593375460293
    ],
    [
      0.06762000000000001,
      0.00203414818503882
    ],
    [
      0.0138,
      0.0017418779870674661
    ],
    [
      0.01242,
      0.0016302328117171483
    ],
    [
      0.06486000000000001,
      0.0016180222732080354
    ],
    [
      0.0041400000000000005,
      0.001292086445699211
    ],
    [
      0.0345,
      0.0012443348757627901
    ],
    [
      0.008280000000000001,
      0.001114375518733316
    ],
    [
      0.009660000000000002,
      0.0008693838274095182
    ]
  ],
  "eff_caratheodory_dim": 27,
  "support_size_full": 27,
  "pruned_atoms_for_rigor": [
    [
      0.138,
      0.7035605678490893
    ],
    [
      0.09108000000000002,
      0.0549949295042443
    ],
    [
      0.11454000000000002,
      0.048058277829486705
    ],
    [
      0.055200000000000006,
      0.0398496900570603
    ],
    [
      0.02484,
      0.022633439117041042
    ],
    [
      0.06900000000000002,
      0.02063687430643061
    ],
    [
      0.10212000000000002,
      0.017082658088970408
    ],
    [
      0.10074000000000001,
      0.016533845297442822
    ],
    [
      0.07452000000000002,
      0.01515171727442944
    ],
    [
      0.10488000000000001,
      0.012259568019846625
    ],
    [
      0.07314000000000001,
      0.006111827147180693
    ],
    [
      0.09798000000000001,
      0.006033411229930983
    ],
    [
      0.04002000000000001,
      0.005220953763518615
    ],
    [
      0.03588,
      0.00506489927701287
    ],
    [
      0.07866000000000002,
      0.004393261242452806
    ],
    [
      0.045540000000000004,
      0.0037529632489761273
    ],
    [
      0.041400000000000006,
      0.0029260527524863134
    ],
    [
      0.03864,
      0.0021246427322172247
    ],
    [
      0.06624000000000001,
      0.0020659593375460293
    ],
    [
      0.06762000000000001,
      0.00203414818503882
    ],
    [
      0.0138,
      0.0017418779870674661
    ],
    [
      0.01242,
      0.0016302328117171483
    ],
    [
      0.06486000000000001,
      0.0016180222732080354
    ],
    [
      0.0041400000000000005,
      0.001292086445699211
    ],
    [
      0.0345,
      0.0012443348757627901
    ],
    [
      0.008280000000000001,
      0.001114375518733316
    ],
    [
      0.009660000000000002,
      0.0008693838274095182
    ]
  ],
  "prune_thresh": 0.0005,
  "rigorous": {
    "deltas": [
      0.138,
      0.09108,
      0.11454,
      0.0552,
      0.02484,
      0.069,
      0.10212,
      0.10074,
      0.07452,
      0.10488,
      0.07314,
      0.09798,
      0.04002,
      0.03588,
      0.07866,
      0.04554,
      0.0414,
      0.03864,
      0.06624,
      0.06762,
      0.0138,
      0.01242,
      0.06486,
      0.00414,
      0.0345,
      0.00828,
      0.00966
    ],
    "lambdas": [
      0.70356057,
      0.05499493,
      0.04805828,
      0.03984969,
      0.02263344,
      0.02063687,
      0.01708266,
      0.01653385,
      0.01515172,
      0.01225957,
      0.00611183,
      0.00603341,
      0.00522095,
      0.0050649,
      0.00439326,
      0.00375296,
      0.00292605,
      0.00212464,
      0.00206596,
      0.00203415,
      0.00174188,
      0.00163023,
      0.00161802,
      0.00129209,
      0.00124433,
      0.00111438,
      0.00086938
    ],
    "n_scales": 27,
    "n_modes": 119,
    "xi_max": 10000,
    "prec_bits": 256,
    "arb_grid": 200001,
    "k_1_mid": 0.9261743316963337,
    "min_G_lower": 0.9990593657889106,
    "G2_OK": true,
    "S_1_upper": 28.080156327735008,
    "K_2_lower": 4.870996676827336,
    "K_2_upper": 4.8796003107471835,
    "K_2_tail_upper": 0.008603633878729946,
    "a_gain_lower": 0.2228549999649386,
    "M_cert_lower": 1.2924607432762747,
    "time_K2_seconds": 24.124058485031128,
    "time_minG_seconds": 0.58573317527771
  },
  "comparison_v4_3scale_arb": 1.29216,
  "rigorous_beats_v4_3scale": true,
  "rigorous_xi1e5": {
    "deltas": [
      0.138,
      0.09108,
      0.11454,
      0.0552,
      0.02484,
      0.069,
      0.10212,
      0.10074,
      0.07452,
      0.10488,
      0.07314,
      0.09798,
      0.04002,
      0.03588,
      0.07866,
      0.04554,
      0.0414,
      0.03864,
      0.06624,
      0.06762,
      0.0138,
      0.01242,
      0.06486,
      0.00414,
      0.0345,
      0.00828,
      0.00966
    ],
    "lambdas": [
      0.70356057,
      0.05499493,
      0.04805828,
      0.03984969,
      0.02263344,
      0.02063687,
      0.01708266,
      0.01653385,
      0.01515172,
      0.01225957,
      0.00611183,
      0.00603341,
      0.00522095,
      0.0050649,
      0.00439326,
      0.00375296,
      0.00292605,
      0.00212464,
      0.00206596,
      0.00203415,
      0.00174188,
      0.00163023,
      0.00161802,
      0.00129209,
      0.00124433,
      0.00111438,
      0.00086938
    ],
    "n_scales": 27,
    "n_modes": 119,
    "xi_max": 100000,
    "prec_bits": 256,
    "arb_grid": 200001,
    "k_1_mid": 0.9261743316963337,
    "min_G_lower": 0.9990593657889106,
    "G2_OK": true,
    "S_1_upper": 28.080156327735008,
    "K_2_lower": 4.871218958334897,
    "K_2_upper": 4.872079321725426,
    "K_2_tail_upper": 0.0008603633878729945,
    "a_gain_lower": 0.2228549999649386,
    "M_cert_lower": 1.2928272143941775,
    "time_K2_seconds": 124.52987670898438,
    "time_minG_seconds": 0.4414706230163574
  }
}