{
  "worker_id": 10,
  "hash": "141607c2a10e13d3",
  "src": "split(ad4d8f586b6dbd0b)",
  "lo_int": [
    0,
    0,
    0,
    0,
    0,
    0,
    0,
    0,
    0,
    0,
    0,
    144115188075855872,
    0,
    144115188075855872,
    0,
    0,
    0,
    144115188075855872,
    0,
    0,
    0,
    0
  ],
  "hi_int": [
    288230376151711744,
    288230376151711744,
    288230376151711744,
    288230376151711744,
    288230376151711744,
    288230376151711744,
    288230376151711744,
    288230376151711744,
    288230376151711744,
    288230376151711744,
    288230376151711744,
    288230376151711744,
    144115188075855872,
    288230376151711744,
    144115188075855872,
    144115188075855872,
    144115188075855872,
    288230376151711744,
    144115188075855872,
    144115188075855872,
    144115188075855872,
    144115188075855872
  ],
  "depth": 54,
  "volume": 2.7755575615628914e-17,
  "lp_val": 1.0537990402515558,
  "iters_survived": 6,
  "K": 16,
  "wall_s": 104.18487429618835,
  "verdict": "feas",
  "lambda_star": -2.6943822793977237e-06,
  "status": "solsta.optimal",
  "peak_rss_kb": 31479444,
  "peak_rss_gb": 30.02,
  "threads": 14,
  "error": null
}