{
  "worker_id": 10,
  "hash": "1a05becf8b413522",
  "src": "split(12fcabc1c81348e3)",
  "lo_int": [
    0,
    0,
    0,
    0,
    0,
    0,
    0,
    0,
    0,
    0,
    0,
    0,
    0,
    0,
    144115188075855872,
    144115188075855872,
    0,
    0,
    0,
    0,
    144115188075855872,
    0
  ],
  "hi_int": [
    288230376151711744,
    288230376151711744,
    288230376151711744,
    288230376151711744,
    288230376151711744,
    288230376151711744,
    288230376151711744,
    288230376151711744,
    288230376151711744,
    288230376151711744,
    288230376151711744,
    144115188075855872,
    144115188075855872,
    144115188075855872,
    288230376151711744,
    288230376151711744,
    144115188075855872,
    144115188075855872,
    144115188075855872,
    144115188075855872,
    288230376151711744,
    144115188075855872
  ],
  "depth": 54,
  "volume": 2.7755575615628914e-17,
  "lp_val": 1.1372119169882797,
  "iters_survived": 6,
  "K": 16,
  "wall_s": 107.8906319141388,
  "verdict": "feas",
  "lambda_star": -2.2045808035689893e-06,
  "status": "solsta.optimal",
  "peak_rss_kb": 66562792,
  "peak_rss_gb": 63.48,
  "threads": 14,
  "error": null
}