{
  "worker_id": 3,
  "hash": "1aeded8c8fe3225f",
  "src": "split(12fcabc1c81348e3)",
  "lo_int": [
    0,
    0,
    0,
    0,
    0,
    0,
    0,
    0,
    0,
    0,
    0,
    0,
    0,
    144115188075855872,
    0,
    0,
    0,
    0,
    0,
    144115188075855872,
    144115188075855872,
    0
  ],
  "hi_int": [
    288230376151711744,
    288230376151711744,
    288230376151711744,
    288230376151711744,
    288230376151711744,
    288230376151711744,
    288230376151711744,
    288230376151711744,
    288230376151711744,
    288230376151711744,
    288230376151711744,
    144115188075855872,
    144115188075855872,
    288230376151711744,
    144115188075855872,
    144115188075855872,
    144115188075855872,
    144115188075855872,
    144115188075855872,
    288230376151711744,
    288230376151711744,
    144115188075855872
  ],
  "depth": 54,
  "volume": 2.7755575615628914e-17,
  "lp_val": 1.1138645963318268,
  "iters_survived": 6,
  "K": 16,
  "wall_s": 111.9359290599823,
  "verdict": "feas",
  "lambda_star": -1.5549321209815252e-06,
  "status": "solsta.optimal",
  "peak_rss_kb": 63072260,
  "peak_rss_gb": 60.15,
  "threads": 14,
  "error": null
}