{
  "worker_id": 3,
  "hash": "22014f75d73cd5c3",
  "src": "split(e82d7abfe44e73f9)",
  "lo_int": [
    0,
    0,
    0,
    0,
    0,
    0,
    0,
    0,
    0,
    0,
    0,
    0,
    144115188075855872,
    0,
    0,
    144115188075855872,
    0,
    0,
    0,
    144115188075855872,
    0,
    144115188075855872
  ],
  "hi_int": [
    288230376151711744,
    288230376151711744,
    288230376151711744,
    288230376151711744,
    288230376151711744,
    288230376151711744,
    288230376151711744,
    288230376151711744,
    288230376151711744,
    288230376151711744,
    288230376151711744,
    144115188075855872,
    288230376151711744,
    144115188075855872,
    144115188075855872,
    288230376151711744,
    144115188075855872,
    144115188075855872,
    144115188075855872,
    288230376151711744,
    144115188075855872,
    288230376151711744
  ],
  "depth": 54,
  "volume": 2.7755575615628914e-17,
  "lp_val": 1.1676059001512855,
  "iters_survived": 6,
  "K": 16,
  "wall_s": 116.28028321266174,
  "verdict": "feas",
  "lambda_star": -2.5902347482850347e-06,
  "status": "solsta.optimal",
  "peak_rss_kb": 67157992,
  "peak_rss_gb": 64.05,
  "threads": 14,
  "error": null
}