{
  "worker_id": 0,
  "hash": "344fa27e1bb2a40b",
  "src": "split(12fcabc1c81348e3)",
  "lo_int": [
    0,
    0,
    0,
    0,
    0,
    0,
    0,
    0,
    0,
    0,
    0,
    0,
    144115188075855872,
    144115188075855872,
    0,
    0,
    0,
    0,
    0,
    0,
    144115188075855872,
    0
  ],
  "hi_int": [
    288230376151711744,
    288230376151711744,
    288230376151711744,
    288230376151711744,
    288230376151711744,
    288230376151711744,
    288230376151711744,
    288230376151711744,
    288230376151711744,
    288230376151711744,
    288230376151711744,
    144115188075855872,
    288230376151711744,
    288230376151711744,
    144115188075855872,
    144115188075855872,
    144115188075855872,
    144115188075855872,
    144115188075855872,
    144115188075855872,
    288230376151711744,
    144115188075855872
  ],
  "depth": 54,
  "volume": 2.7755575615628914e-17,
  "lp_val": 1.1008742879851636,
  "iters_survived": 6,
  "K": 16,
  "wall_s": 143.97540044784546,
  "verdict": "feas",
  "lambda_star": -1.5220214960091704e-06,
  "status": "solsta.optimal",
  "peak_rss_kb": 64922780,
  "peak_rss_gb": 61.92,
  "threads": 14,
  "error": null
}