{
  "worker_id": 8,
  "hash": "3aff99ffd9f8b65e",
  "src": "split(ad4d8f586b6dbd0b)",
  "lo_int": [
    0,
    0,
    0,
    0,
    0,
    0,
    0,
    0,
    0,
    0,
    0,
    144115188075855872,
    0,
    0,
    0,
    144115188075855872,
    0,
    0,
    0,
    0,
    0,
    0
  ],
  "hi_int": [
    288230376151711744,
    288230376151711744,
    288230376151711744,
    288230376151711744,
    288230376151711744,
    288230376151711744,
    288230376151711744,
    288230376151711744,
    288230376151711744,
    288230376151711744,
    288230376151711744,
    288230376151711744,
    144115188075855872,
    144115188075855872,
    144115188075855872,
    288230376151711744,
    144115188075855872,
    144115188075855872,
    144115188075855872,
    144115188075855872,
    144115188075855872,
    144115188075855872
  ],
  "depth": 54,
  "volume": 2.7755575615628914e-17,
  "lp_val": 1.0118932038834951,
  "iters_survived": 6,
  "K": 16,
  "wall_s": 100.00085425376892,
  "verdict": "feas",
  "lambda_star": -1.3569110187834236e-06,
  "status": "solsta.optimal",
  "peak_rss_kb": 41538296,
  "peak_rss_gb": 39.61,
  "threads": 14,
  "error": null
}