{
  "worker_id": 3,
  "hash": "3e9f77c0202cb2fc",
  "src": "split(ad4d8f586b6dbd0b)",
  "lo_int": [
    0,
    0,
    0,
    0,
    0,
    0,
    0,
    0,
    0,
    0,
    0,
    144115188075855872,
    0,
    0,
    144115188075855872,
    144115188075855872,
    0,
    0,
    0,
    0,
    0,
    0
  ],
  "hi_int": [
    288230376151711744,
    288230376151711744,
    288230376151711744,
    288230376151711744,
    288230376151711744,
    288230376151711744,
    288230376151711744,
    288230376151711744,
    288230376151711744,
    288230376151711744,
    288230376151711744,
    288230376151711744,
    144115188075855872,
    144115188075855872,
    288230376151711744,
    288230376151711744,
    144115188075855872,
    144115188075855872,
    144115188075855872,
    144115188075855872,
    144115188075855872,
    144115188075855872
  ],
  "depth": 54,
  "volume": 2.7755575615628914e-17,
  "lp_val": 1.1034882639778503,
  "iters_survived": 6,
  "K": 16,
  "wall_s": 122.58214402198792,
  "verdict": "feas",
  "lambda_star": -1.642469007624167e-06,
  "status": "solsta.optimal",
  "peak_rss_kb": 36535568,
  "peak_rss_gb": 34.84,
  "threads": 14,
  "error": null
}