{
  "worker_id": 2,
  "hash": "3eef1e27195bbf86",
  "src": "split(ad4d8f586b6dbd0b)",
  "lo_int": [
    0,
    0,
    0,
    0,
    0,
    0,
    0,
    0,
    0,
    0,
    0,
    144115188075855872,
    0,
    144115188075855872,
    0,
    0,
    0,
    144115188075855872,
    144115188075855872,
    0,
    0,
    0
  ],
  "hi_int": [
    288230376151711744,
    288230376151711744,
    288230376151711744,
    288230376151711744,
    288230376151711744,
    288230376151711744,
    288230376151711744,
    288230376151711744,
    288230376151711744,
    288230376151711744,
    288230376151711744,
    288230376151711744,
    144115188075855872,
    288230376151711744,
    144115188075855872,
    144115188075855872,
    144115188075855872,
    288230376151711744,
    288230376151711744,
    144115188075855872,
    144115188075855872,
    144115188075855872
  ],
  "depth": 54,
  "volume": 2.7755575615628914e-17,
  "lp_val": 1.2586538461538463,
  "iters_survived": 6,
  "K": 16,
  "wall_s": 98.54137873649597,
  "verdict": "infeas",
  "lambda_star": 0.9999999999200121,
  "status": "solsta.optimal",
  "peak_rss_kb": 69128548,
  "peak_rss_gb": 65.93,
  "threads": 14,
  "error": null
}