{
  "worker_id": 12,
  "hash": "3f1557f0ab5e4182",
  "src": "split(ad4d8f586b6dbd0b)",
  "lo_int": [
    0,
    0,
    0,
    0,
    0,
    0,
    0,
    0,
    0,
    0,
    0,
    0,
    0,
    144115188075855872,
    144115188075855872,
    0,
    0,
    0,
    144115188075855872,
    0,
    0,
    0
  ],
  "hi_int": [
    288230376151711744,
    288230376151711744,
    288230376151711744,
    288230376151711744,
    288230376151711744,
    288230376151711744,
    288230376151711744,
    288230376151711744,
    288230376151711744,
    288230376151711744,
    288230376151711744,
    144115188075855872,
    144115188075855872,
    288230376151711744,
    288230376151711744,
    144115188075855872,
    144115188075855872,
    144115188075855872,
    288230376151711744,
    144115188075855872,
    144115188075855872,
    144115188075855872
  ],
  "depth": 54,
  "volume": 2.7755575615628914e-17,
  "lp_val": 1.1217616077938601,
  "iters_survived": 6,
  "K": 16,
  "wall_s": 107.33667612075806,
  "verdict": "feas",
  "lambda_star": -1.6617209136286071e-06,
  "status": "solsta.optimal",
  "peak_rss_kb": 53147104,
  "peak_rss_gb": 50.69,
  "threads": 14,
  "error": null
}