{
  "worker_id": 11,
  "hash": "4ea1f413155deca2",
  "src": "split(12fcabc1c81348e3)",
  "lo_int": [
    0,
    0,
    0,
    0,
    0,
    0,
    0,
    0,
    0,
    0,
    0,
    0,
    0,
    0,
    0,
    0,
    144115188075855872,
    0,
    144115188075855872,
    0,
    144115188075855872,
    0
  ],
  "hi_int": [
    288230376151711744,
    288230376151711744,
    288230376151711744,
    288230376151711744,
    288230376151711744,
    288230376151711744,
    288230376151711744,
    288230376151711744,
    288230376151711744,
    288230376151711744,
    288230376151711744,
    144115188075855872,
    144115188075855872,
    144115188075855872,
    144115188075855872,
    144115188075855872,
    288230376151711744,
    144115188075855872,
    288230376151711744,
    144115188075855872,
    288230376151711744,
    144115188075855872
  ],
  "depth": 54,
  "volume": 2.7755575615628914e-17,
  "lp_val": 1.1268957541714855,
  "iters_survived": 6,
  "K": 16,
  "wall_s": 115.90711045265198,
  "verdict": "feas",
  "lambda_star": -2.0607087180323772e-07,
  "status": "solsta.optimal",
  "peak_rss_kb": 70217488,
  "peak_rss_gb": 66.96,
  "threads": 14,
  "error": null
}