{
  "worker_id": 11,
  "hash": "53b0e76775fa6e01",
  "src": "split(ad4d8f586b6dbd0b)",
  "lo_int": [
    0,
    0,
    0,
    0,
    0,
    0,
    0,
    0,
    0,
    0,
    0,
    144115188075855872,
    0,
    0,
    144115188075855872,
    0,
    0,
    0,
    0,
    144115188075855872,
    0,
    0
  ],
  "hi_int": [
    288230376151711744,
    288230376151711744,
    288230376151711744,
    288230376151711744,
    288230376151711744,
    288230376151711744,
    288230376151711744,
    288230376151711744,
    288230376151711744,
    288230376151711744,
    288230376151711744,
    288230376151711744,
    144115188075855872,
    144115188075855872,
    288230376151711744,
    144115188075855872,
    144115188075855872,
    144115188075855872,
    144115188075855872,
    288230376151711744,
    144115188075855872,
    144115188075855872
  ],
  "depth": 54,
  "volume": 2.7755575615628914e-17,
  "lp_val": 1.0271739130434783,
  "iters_survived": 6,
  "K": 16,
  "wall_s": 110.3920738697052,
  "verdict": "feas",
  "lambda_star": -4.4548219609613037e-07,
  "status": "solsta.optimal",
  "peak_rss_kb": 68433480,
  "peak_rss_gb": 65.26,
  "threads": 14,
  "error": null
}