{
  "worker_id": 0,
  "hash": "69bf03d49e758d57",
  "src": "split(ad4d8f586b6dbd0b)",
  "lo_int": [
    0,
    0,
    0,
    0,
    0,
    0,
    0,
    0,
    0,
    0,
    0,
    0,
    144115188075855872,
    144115188075855872,
    0,
    0,
    0,
    0,
    144115188075855872,
    0,
    0,
    0
  ],
  "hi_int": [
    288230376151711744,
    288230376151711744,
    288230376151711744,
    288230376151711744,
    288230376151711744,
    288230376151711744,
    288230376151711744,
    288230376151711744,
    288230376151711744,
    288230376151711744,
    288230376151711744,
    144115188075855872,
    288230376151711744,
    288230376151711744,
    144115188075855872,
    144115188075855872,
    144115188075855872,
    144115188075855872,
    288230376151711744,
    144115188075855872,
    144115188075855872,
    144115188075855872
  ],
  "depth": 54,
  "volume": 2.7755575615628914e-17,
  "lp_val": 1.0958573842038575,
  "iters_survived": 6,
  "K": 16,
  "wall_s": 110.6242458820343,
  "verdict": "feas",
  "lambda_star": -9.36149869058496e-07,
  "status": "solsta.optimal",
  "peak_rss_kb": 62031728,
  "peak_rss_gb": 59.16,
  "threads": 14,
  "error": null
}