{
  "worker_id": 2,
  "hash": "701fcbdc4661ab10",
  "src": "split(ad4d8f586b6dbd0b)",
  "lo_int": [
    0,
    0,
    0,
    0,
    0,
    0,
    0,
    0,
    0,
    0,
    0,
    0,
    144115188075855872,
    0,
    0,
    0,
    144115188075855872,
    144115188075855872,
    0,
    0,
    0,
    0
  ],
  "hi_int": [
    288230376151711744,
    288230376151711744,
    288230376151711744,
    288230376151711744,
    288230376151711744,
    288230376151711744,
    288230376151711744,
    288230376151711744,
    288230376151711744,
    288230376151711744,
    288230376151711744,
    144115188075855872,
    288230376151711744,
    144115188075855872,
    144115188075855872,
    144115188075855872,
    288230376151711744,
    288230376151711744,
    144115188075855872,
    144115188075855872,
    144115188075855872,
    144115188075855872
  ],
  "depth": 54,
  "volume": 2.7755575615628914e-17,
  "lp_val": 1.1243739421182604,
  "iters_survived": 6,
  "K": 16,
  "wall_s": 93.9874005317688,
  "verdict": "feas",
  "lambda_star": -1.6115298902032186e-06,
  "status": "solsta.optimal",
  "peak_rss_kb": 50294628,
  "peak_rss_gb": 47.96,
  "threads": 14,
  "error": null
}