{
  "worker_id": 10,
  "hash": "798a0934ff126e1e",
  "src": "split(ad4d8f586b6dbd0b)",
  "lo_int": [
    0,
    0,
    0,
    0,
    0,
    0,
    0,
    0,
    0,
    0,
    0,
    144115188075855872,
    0,
    0,
    0,
    0,
    0,
    0,
    0,
    144115188075855872,
    0,
    0
  ],
  "hi_int": [
    288230376151711744,
    288230376151711744,
    288230376151711744,
    288230376151711744,
    288230376151711744,
    288230376151711744,
    288230376151711744,
    288230376151711744,
    288230376151711744,
    288230376151711744,
    288230376151711744,
    288230376151711744,
    144115188075855872,
    144115188075855872,
    144115188075855872,
    144115188075855872,
    144115188075855872,
    144115188075855872,
    144115188075855872,
    288230376151711744,
    144115188075855872,
    144115188075855872
  ],
  "depth": 54,
  "volume": 2.7755575615628914e-17,
  "lp_val": 1.0147134083930403,
  "iters_survived": 6,
  "K": 16,
  "wall_s": 100.99029588699341,
  "verdict": "feas",
  "lambda_star": -2.7777762061079253e-06,
  "status": "solsta.optimal",
  "peak_rss_kb": 64795232,
  "peak_rss_gb": 61.79,
  "threads": 14,
  "error": null
}