{
  "worker_id": 5,
  "hash": "8719ec36e7dea590",
  "src": "split(ad4d8f586b6dbd0b)",
  "lo_int": [
    0,
    0,
    0,
    0,
    0,
    0,
    0,
    0,
    0,
    0,
    0,
    144115188075855872,
    0,
    0,
    0,
    144115188075855872,
    144115188075855872,
    0,
    0,
    0,
    0,
    0
  ],
  "hi_int": [
    288230376151711744,
    288230376151711744,
    288230376151711744,
    288230376151711744,
    288230376151711744,
    288230376151711744,
    288230376151711744,
    288230376151711744,
    288230376151711744,
    288230376151711744,
    288230376151711744,
    288230376151711744,
    144115188075855872,
    144115188075855872,
    144115188075855872,
    288230376151711744,
    288230376151711744,
    144115188075855872,
    144115188075855872,
    144115188075855872,
    144115188075855872,
    144115188075855872
  ],
  "depth": 54,
  "volume": 2.7755575615628914e-17,
  "lp_val": 1.110568239528145,
  "iters_survived": 6,
  "K": 16,
  "wall_s": 106.78893303871155,
  "verdict": "feas",
  "lambda_star": -1.1978813470954955e-06,
  "status": "solsta.optimal",
  "peak_rss_kb": 51212952,
  "peak_rss_gb": 48.84,
  "threads": 14,
  "error": null
}