{
  "worker_id": 9,
  "hash": "8a6813c9d82d762e",
  "src": "split(ad4d8f586b6dbd0b)",
  "lo_int": [
    0,
    0,
    0,
    0,
    0,
    0,
    0,
    0,
    0,
    0,
    0,
    0,
    144115188075855872,
    144115188075855872,
    0,
    0,
    144115188075855872,
    0,
    0,
    0,
    0,
    0
  ],
  "hi_int": [
    288230376151711744,
    288230376151711744,
    288230376151711744,
    288230376151711744,
    288230376151711744,
    288230376151711744,
    288230376151711744,
    288230376151711744,
    288230376151711744,
    288230376151711744,
    288230376151711744,
    144115188075855872,
    288230376151711744,
    288230376151711744,
    144115188075855872,
    144115188075855872,
    288230376151711744,
    144115188075855872,
    144115188075855872,
    144115188075855872,
    144115188075855872,
    144115188075855872
  ],
  "depth": 54,
  "volume": 2.7755575615628914e-17,
  "lp_val": 1.1051562036405698,
  "iters_survived": 6,
  "K": 16,
  "wall_s": 109.85170483589172,
  "verdict": "feas",
  "lambda_star": -1.0070519388616555e-06,
  "status": "solsta.optimal",
  "peak_rss_kb": 49752292,
  "peak_rss_gb": 47.45,
  "threads": 14,
  "error": null
}