{
  "worker_id": 9,
  "hash": "8e86365844116833",
  "src": "split(ad4d8f586b6dbd0b)",
  "lo_int": [
    0,
    0,
    0,
    0,
    0,
    0,
    0,
    0,
    0,
    0,
    0,
    0,
    0,
    144115188075855872,
    0,
    0,
    0,
    144115188075855872,
    0,
    0,
    0,
    0
  ],
  "hi_int": [
    288230376151711744,
    288230376151711744,
    288230376151711744,
    288230376151711744,
    288230376151711744,
    288230376151711744,
    288230376151711744,
    288230376151711744,
    288230376151711744,
    288230376151711744,
    288230376151711744,
    144115188075855872,
    144115188075855872,
    288230376151711744,
    144115188075855872,
    144115188075855872,
    144115188075855872,
    288230376151711744,
    144115188075855872,
    144115188075855872,
    144115188075855872,
    144115188075855872
  ],
  "depth": 54,
  "volume": 2.7755575615628914e-17,
  "lp_val": 1.017741764643576,
  "iters_survived": 6,
  "K": 16,
  "wall_s": 103.72759366035461,
  "verdict": "feas",
  "lambda_star": -5.713380556006339e-07,
  "status": "solsta.optimal",
  "peak_rss_kb": 53516688,
  "peak_rss_gb": 51.04,
  "threads": 14,
  "error": null
}