{
  "worker_id": 12,
  "hash": "932faa6d4d7bfdfc",
  "src": "split(12fcabc1c81348e3)",
  "lo_int": [
    0,
    0,
    0,
    0,
    0,
    0,
    0,
    0,
    0,
    0,
    0,
    0,
    144115188075855872,
    0,
    0,
    144115188075855872,
    0,
    0,
    144115188075855872,
    0,
    144115188075855872,
    0
  ],
  "hi_int": [
    288230376151711744,
    288230376151711744,
    288230376151711744,
    288230376151711744,
    288230376151711744,
    288230376151711744,
    288230376151711744,
    288230376151711744,
    288230376151711744,
    288230376151711744,
    288230376151711744,
    144115188075855872,
    288230376151711744,
    144115188075855872,
    144115188075855872,
    288230376151711744,
    144115188075855872,
    144115188075855872,
    288230376151711744,
    144115188075855872,
    288230376151711744,
    144115188075855872
  ],
  "depth": 54,
  "volume": 2.7755575615628914e-17,
  "lp_val": 1.2065109112575874,
  "iters_survived": 6,
  "K": 16,
  "wall_s": 183.71981120109558,
  "verdict": "infeas",
  "lambda_star": 0.9999999999971186,
  "status": "solsta.optimal",
  "peak_rss_kb": 64637464,
  "peak_rss_gb": 61.64,
  "threads": 14,
  "error": null
}