{
  "worker_id": 10,
  "hash": "a7344b8dabcb2d0e",
  "src": "split(ad4d8f586b6dbd0b)",
  "lo_int": [
    0,
    0,
    0,
    0,
    0,
    0,
    0,
    0,
    0,
    0,
    0,
    0,
    144115188075855872,
    144115188075855872,
    144115188075855872,
    0,
    0,
    0,
    0,
    0,
    0,
    0
  ],
  "hi_int": [
    288230376151711744,
    288230376151711744,
    288230376151711744,
    288230376151711744,
    288230376151711744,
    288230376151711744,
    288230376151711744,
    288230376151711744,
    288230376151711744,
    288230376151711744,
    288230376151711744,
    144115188075855872,
    288230376151711744,
    288230376151711744,
    288230376151711744,
    144115188075855872,
    144115188075855872,
    144115188075855872,
    144115188075855872,
    144115188075855872,
    144115188075855872,
    144115188075855872
  ],
  "depth": 54,
  "volume": 2.7755575615628914e-17,
  "lp_val": 1.203125,
  "iters_survived": 6,
  "K": 16,
  "wall_s": 114.99593925476074,
  "verdict": "infeas",
  "lambda_star": 1.0000000000018126,
  "status": "solsta.optimal",
  "peak_rss_kb": 44982912,
  "peak_rss_gb": 42.9,
  "threads": 14,
  "error": null
}