{
  "worker_id": 2,
  "hash": "a7ee2a9123ce4223",
  "src": "split(ad4d8f586b6dbd0b)",
  "lo_int": [
    0,
    0,
    0,
    0,
    0,
    0,
    0,
    0,
    0,
    0,
    0,
    0,
    144115188075855872,
    0,
    144115188075855872,
    0,
    0,
    0,
    0,
    0,
    0,
    0
  ],
  "hi_int": [
    288230376151711744,
    288230376151711744,
    288230376151711744,
    288230376151711744,
    288230376151711744,
    288230376151711744,
    288230376151711744,
    288230376151711744,
    288230376151711744,
    288230376151711744,
    288230376151711744,
    144115188075855872,
    288230376151711744,
    144115188075855872,
    288230376151711744,
    144115188075855872,
    144115188075855872,
    144115188075855872,
    144115188075855872,
    144115188075855872,
    144115188075855872,
    144115188075855872
  ],
  "depth": 54,
  "volume": 2.7755575615628914e-17,
  "lp_val": 1.0176091269841272,
  "iters_survived": 6,
  "K": 16,
  "wall_s": 97.29642820358276,
  "verdict": "feas",
  "lambda_star": -4.3108393404167343e-07,
  "status": "solsta.optimal",
  "peak_rss_kb": 48573116,
  "peak_rss_gb": 46.32,
  "threads": 14,
  "error": null
}