{
  "worker_id": 5,
  "hash": "ad8b8a27bc7b795f",
  "src": "split(e82d7abfe44e73f9)",
  "lo_int": [
    0,
    0,
    0,
    0,
    0,
    0,
    0,
    0,
    0,
    0,
    0,
    144115188075855872,
    0,
    0,
    0,
    144115188075855872,
    144115188075855872,
    0,
    0,
    0,
    0,
    144115188075855872
  ],
  "hi_int": [
    288230376151711744,
    288230376151711744,
    288230376151711744,
    288230376151711744,
    288230376151711744,
    288230376151711744,
    288230376151711744,
    288230376151711744,
    288230376151711744,
    288230376151711744,
    288230376151711744,
    288230376151711744,
    144115188075855872,
    144115188075855872,
    144115188075855872,
    288230376151711744,
    288230376151711744,
    144115188075855872,
    144115188075855872,
    144115188075855872,
    144115188075855872,
    288230376151711744
  ],
  "depth": 54,
  "volume": 2.7755575615628914e-17,
  "lp_val": 1.2339678899082571,
  "iters_survived": 6,
  "K": 16,
  "wall_s": 123.04515671730042,
  "verdict": "infeas",
  "lambda_star": 1.0000000000000002,
  "status": "solsta.optimal",
  "peak_rss_kb": 66678044,
  "peak_rss_gb": 63.59,
  "threads": 14,
  "error": null
}