{
  "worker_id": 0,
  "hash": "b9dee4f8cfee5110",
  "src": "split(ad4d8f586b6dbd0b)",
  "lo_int": [
    0,
    0,
    0,
    0,
    0,
    0,
    0,
    0,
    0,
    0,
    0,
    0,
    0,
    0,
    144115188075855872,
    0,
    0,
    144115188075855872,
    144115188075855872,
    0,
    0,
    0
  ],
  "hi_int": [
    288230376151711744,
    288230376151711744,
    288230376151711744,
    288230376151711744,
    288230376151711744,
    288230376151711744,
    288230376151711744,
    288230376151711744,
    288230376151711744,
    288230376151711744,
    288230376151711744,
    144115188075855872,
    144115188075855872,
    144115188075855872,
    288230376151711744,
    144115188075855872,
    144115188075855872,
    288230376151711744,
    288230376151711744,
    144115188075855872,
    144115188075855872,
    144115188075855872
  ],
  "depth": 54,
  "volume": 2.7755575615628914e-17,
  "lp_val": 1.1524593243173218,
  "iters_survived": 6,
  "K": 16,
  "wall_s": 114.35412311553955,
  "verdict": "feas",
  "lambda_star": -8.579430177073529e-07,
  "status": "solsta.optimal",
  "peak_rss_kb": 64922780,
  "peak_rss_gb": 61.92,
  "threads": 14,
  "error": null
}