{
  "worker_id": 2,
  "hash": "bcf7197f5fa04199",
  "src": "split(ad4d8f586b6dbd0b)",
  "lo_int": [
    0,
    0,
    0,
    0,
    0,
    0,
    0,
    0,
    0,
    0,
    0,
    144115188075855872,
    0,
    0,
    144115188075855872,
    0,
    0,
    144115188075855872,
    0,
    144115188075855872,
    0,
    0
  ],
  "hi_int": [
    288230376151711744,
    288230376151711744,
    288230376151711744,
    288230376151711744,
    288230376151711744,
    288230376151711744,
    288230376151711744,
    288230376151711744,
    288230376151711744,
    288230376151711744,
    288230376151711744,
    288230376151711744,
    144115188075855872,
    144115188075855872,
    288230376151711744,
    144115188075855872,
    144115188075855872,
    288230376151711744,
    144115188075855872,
    288230376151711744,
    144115188075855872,
    144115188075855872
  ],
  "depth": 54,
  "volume": 2.7755575615628914e-17,
  "lp_val": 1.1989012287334595,
  "iters_survived": 6,
  "K": 16,
  "wall_s": 145.0077407360077,
  "verdict": "infeas",
  "lambda_star": 0.9999805398976954,
  "status": "solsta.optimal",
  "peak_rss_kb": 69379220,
  "peak_rss_gb": 66.17,
  "threads": 14,
  "error": null
}