{
  "worker_id": 7,
  "hash": "d96958252141c694",
  "src": "split(15d4e341ea7c9e0f)",
  "lo_int": [
    0,
    0,
    0,
    0,
    0,
    0,
    0,
    0,
    0,
    0,
    0,
    0,
    0,
    0,
    0,
    0,
    0,
    144115188075855872,
    0,
    0,
    144115188075855872,
    144115188075855872
  ],
  "hi_int": [
    288230376151711744,
    288230376151711744,
    288230376151711744,
    288230376151711744,
    288230376151711744,
    288230376151711744,
    288230376151711744,
    288230376151711744,
    288230376151711744,
    288230376151711744,
    288230376151711744,
    144115188075855872,
    144115188075855872,
    144115188075855872,
    144115188075855872,
    144115188075855872,
    144115188075855872,
    288230376151711744,
    144115188075855872,
    144115188075855872,
    288230376151711744,
    288230376151711744
  ],
  "depth": 54,
  "volume": 2.7755575615628914e-17,
  "lp_val": 1.1106325158547714,
  "iters_survived": 6,
  "K": 16,
  "wall_s": 115.0051999092102,
  "verdict": "feas",
  "lambda_star": -6.449995455675092e-07,
  "status": "solsta.optimal",
  "peak_rss_kb": 69028280,
  "peak_rss_gb": 65.83,
  "threads": 14,
  "error": null
}