{
  "worker_id": 7,
  "hash": "deba2480acf41dd2",
  "src": "split(12fcabc1c81348e3)",
  "lo_int": [
    0,
    0,
    0,
    0,
    0,
    0,
    0,
    0,
    0,
    0,
    0,
    0,
    0,
    144115188075855872,
    144115188075855872,
    0,
    0,
    0,
    0,
    0,
    144115188075855872,
    0
  ],
  "hi_int": [
    288230376151711744,
    288230376151711744,
    288230376151711744,
    288230376151711744,
    288230376151711744,
    288230376151711744,
    288230376151711744,
    288230376151711744,
    288230376151711744,
    288230376151711744,
    288230376151711744,
    144115188075855872,
    144115188075855872,
    288230376151711744,
    288230376151711744,
    144115188075855872,
    144115188075855872,
    144115188075855872,
    144115188075855872,
    144115188075855872,
    288230376151711744,
    144115188075855872
  ],
  "depth": 54,
  "volume": 2.7755575615628914e-17,
  "lp_val": 1.1198246672701062,
  "iters_survived": 6,
  "K": 16,
  "wall_s": 117.11778140068054,
  "verdict": "feas",
  "lambda_star": -1.4138493350869512e-06,
  "status": "solsta.optimal",
  "peak_rss_kb": 61229296,
  "peak_rss_gb": 58.39,
  "threads": 14,
  "error": null
}