{
  "worker_id": 1,
  "hash": "e8bcf31f7a791530",
  "src": "split(ad4d8f586b6dbd0b)",
  "lo_int": [
    0,
    0,
    0,
    0,
    0,
    0,
    0,
    0,
    0,
    0,
    0,
    144115188075855872,
    144115188075855872,
    0,
    0,
    0,
    144115188075855872,
    0,
    0,
    144115188075855872,
    0,
    0
  ],
  "hi_int": [
    288230376151711744,
    288230376151711744,
    288230376151711744,
    288230376151711744,
    288230376151711744,
    288230376151711744,
    288230376151711744,
    288230376151711744,
    288230376151711744,
    288230376151711744,
    288230376151711744,
    288230376151711744,
    288230376151711744,
    144115188075855872,
    144115188075855872,
    144115188075855872,
    288230376151711744,
    144115188075855872,
    144115188075855872,
    288230376151711744,
    144115188075855872,
    144115188075855872
  ],
  "depth": 54,
  "volume": 2.7755575615628914e-17,
  "lp_val": 1.2276785714285716,
  "iters_survived": 6,
  "K": 16,
  "wall_s": 108.77220368385315,
  "verdict": "infeas",
  "lambda_star": 0.9999999999992688,
  "status": "solsta.optimal",
  "peak_rss_kb": 67961232,
  "peak_rss_gb": 64.81,
  "threads": 14,
  "error": null
}