{
  "worker_id": 5,
  "hash": "e9655b06f65a3b46",
  "src": "split(15d4e341ea7c9e0f)",
  "lo_int": [
    0,
    0,
    0,
    0,
    0,
    0,
    0,
    0,
    0,
    0,
    0,
    0,
    0,
    0,
    0,
    144115188075855872,
    0,
    0,
    144115188075855872,
    0,
    144115188075855872,
    144115188075855872
  ],
  "hi_int": [
    288230376151711744,
    288230376151711744,
    288230376151711744,
    288230376151711744,
    288230376151711744,
    288230376151711744,
    288230376151711744,
    288230376151711744,
    288230376151711744,
    288230376151711744,
    288230376151711744,
    144115188075855872,
    144115188075855872,
    144115188075855872,
    144115188075855872,
    288230376151711744,
    144115188075855872,
    144115188075855872,
    288230376151711744,
    144115188075855872,
    288230376151711744,
    288230376151711744
  ],
  "depth": 54,
  "volume": 2.7755575615628914e-17,
  "lp_val": 1.2224159797083072,
  "iters_survived": 6,
  "K": 16,
  "wall_s": 145.12712454795837,
  "verdict": "infeas",
  "lambda_star": 1.0000000000000684,
  "status": "solsta.optimal",
  "peak_rss_kb": 67195856,
  "peak_rss_gb": 64.08,
  "threads": 14,
  "error": null
}