{
  "worker_id": 0,
  "hash": "ec1fe287c71f1429",
  "src": "split(ad4d8f586b6dbd0b)",
  "lo_int": [
    0,
    0,
    0,
    0,
    0,
    0,
    0,
    0,
    0,
    0,
    0,
    0,
    144115188075855872,
    0,
    144115188075855872,
    144115188075855872,
    0,
    0,
    0,
    0,
    0,
    0
  ],
  "hi_int": [
    288230376151711744,
    288230376151711744,
    288230376151711744,
    288230376151711744,
    288230376151711744,
    288230376151711744,
    288230376151711744,
    288230376151711744,
    288230376151711744,
    288230376151711744,
    288230376151711744,
    144115188075855872,
    288230376151711744,
    144115188075855872,
    288230376151711744,
    288230376151711744,
    144115188075855872,
    144115188075855872,
    144115188075855872,
    144115188075855872,
    144115188075855872,
    144115188075855872
  ],
  "depth": 54,
  "volume": 2.7755575615628914e-17,
  "lp_val": 1.1173603271912609,
  "iters_survived": 6,
  "K": 16,
  "wall_s": 136.6212351322174,
  "verdict": "feas",
  "lambda_star": -1.6699061376948817e-06,
  "status": "solsta.optimal",
  "peak_rss_kb": 42265128,
  "peak_rss_gb": 40.31,
  "threads": 14,
  "error": null
}