{
  "worker_id": 5,
  "hash": "ed61de08dceb3ba9",
  "src": "split(12fcabc1c81348e3)",
  "lo_int": [
    0,
    0,
    0,
    0,
    0,
    0,
    0,
    0,
    0,
    0,
    0,
    144115188075855872,
    144115188075855872,
    0,
    0,
    0,
    0,
    144115188075855872,
    0,
    0,
    144115188075855872,
    0
  ],
  "hi_int": [
    288230376151711744,
    288230376151711744,
    288230376151711744,
    288230376151711744,
    288230376151711744,
    288230376151711744,
    288230376151711744,
    288230376151711744,
    288230376151711744,
    288230376151711744,
    288230376151711744,
    288230376151711744,
    288230376151711744,
    144115188075855872,
    144115188075855872,
    144115188075855872,
    144115188075855872,
    288230376151711744,
    144115188075855872,
    144115188075855872,
    288230376151711744,
    144115188075855872
  ],
  "depth": 54,
  "volume": 2.7755575615628914e-17,
  "lp_val": 1.2267823663162936,
  "iters_survived": 6,
  "K": 16,
  "wall_s": 121.84363031387329,
  "verdict": "infeas",
  "lambda_star": 0.9999995764942271,
  "status": "solsta.optimal",
  "peak_rss_kb": 66429524,
  "peak_rss_gb": 63.35,
  "threads": 14,
  "error": null
}