{
  "worker_id": 4,
  "hash": "f1eeac641ed6989b",
  "src": "split(ad4d8f586b6dbd0b)",
  "lo_int": [
    0,
    0,
    0,
    0,
    0,
    0,
    0,
    0,
    0,
    0,
    0,
    144115188075855872,
    0,
    144115188075855872,
    0,
    0,
    0,
    0,
    144115188075855872,
    0,
    0,
    0
  ],
  "hi_int": [
    288230376151711744,
    288230376151711744,
    288230376151711744,
    288230376151711744,
    288230376151711744,
    288230376151711744,
    288230376151711744,
    288230376151711744,
    288230376151711744,
    288230376151711744,
    288230376151711744,
    288230376151711744,
    144115188075855872,
    288230376151711744,
    144115188075855872,
    144115188075855872,
    144115188075855872,
    144115188075855872,
    288230376151711744,
    144115188075855872,
    144115188075855872,
    144115188075855872
  ],
  "depth": 54,
  "volume": 2.7755575615628914e-17,
  "lp_val": 1.0481537543759207,
  "iters_survived": 6,
  "K": 16,
  "wall_s": 97.29293847084045,
  "verdict": "feas",
  "lambda_star": -2.3304061524363995e-06,
  "status": "solsta.optimal",
  "peak_rss_kb": 62852384,
  "peak_rss_gb": 59.94,
  "threads": 14,
  "error": null
}