{
  "worker_id": 4,
  "hash": "f6c25c88511a6817",
  "src": "split(ad4d8f586b6dbd0b)",
  "lo_int": [
    0,
    0,
    0,
    0,
    0,
    0,
    0,
    0,
    0,
    0,
    0,
    0,
    0,
    144115188075855872,
    0,
    0,
    144115188075855872,
    144115188075855872,
    0,
    0,
    0,
    0
  ],
  "hi_int": [
    288230376151711744,
    288230376151711744,
    288230376151711744,
    288230376151711744,
    288230376151711744,
    288230376151711744,
    288230376151711744,
    288230376151711744,
    288230376151711744,
    288230376151711744,
    288230376151711744,
    144115188075855872,
    144115188075855872,
    288230376151711744,
    144115188075855872,
    144115188075855872,
    288230376151711744,
    288230376151711744,
    144115188075855872,
    144115188075855872,
    144115188075855872,
    144115188075855872
  ],
  "depth": 54,
  "volume": 2.7755575615628914e-17,
  "lp_val": 1.1396396396396398,
  "iters_survived": 6,
  "K": 16,
  "wall_s": 120.88741397857666,
  "verdict": "infeas",
  "lambda_star": 1.0,
  "status": "solsta.optimal",
  "peak_rss_kb": 62852384,
  "peak_rss_gb": 59.94,
  "threads": 14,
  "error": null
}