{"method": "sparse_upsample_phase1_best_t2", "P": 200, "value": 1.5113428315595705, "x": [0.03156204568579133, 0.0005492637798576881, 0.030447937469854938, 0.007874803407103594, 0.027014767262176262, 0.014650901789818316, 0.010319953507728841, 0.01633870105546563, 0.015235377906998988, 0.0005517184043276976, 1.0377023385608915e-06, 9.788065881160046e-07, 1.1705788234528723e-06, 0.0062795114542822696, 0.003964970265254379, 0.000711422830246789, 0.001867211071574825, 0.0013982906628849758, 1.275108694632058e-06, 1.4958143896843702e-06, 1.7422484280740353e-06, 0.003299283594532395, 0.00018101518575518874, 1.2429385873493216e-06, 0.002882379664943308, 0.002683741805760816, 0.0013824831624221546, 0.0011893197008421704, 0.0011987755541863513, 9.948505924905379e-07, 2.551681556533638e-06, 1.2068876676676209e-06, 8.11628833098511e-07, 7.054955620074255e-07, 6.908092471084724e-07, 1.2074466753843017e-06, 1.3530105428165052e-06, 9.442935663664853e-07, 9.137822100866978e-07, 8.782690019759417e-07, 7.435711351215372e-07, 1.8459239701257076e-06, 0.00012633463530099413, 6.07841553177555e-07, 7.503551047681309e-07, 1.0326207623875517e-06, 8.004078612499449e-07, 8.013043595605262e-07, 1.126043788028535e-06, 1.247692061791793e-06, 9.102236971098415e-07, 0.0016065816971739925, 0.003911259763940887, 0.003229243945373189, 0.0034415356049357633, 0.002808037917469285, 0.005760132376016684, 0.005816774517211807, 0.0007118976886168452, 0.0038361576719111567, 0.00389182686829045, 0.0018919738066182773, 0.009680450683714075, 0.011614595537208056, 0.00721927487879057, 8.850894623691173e-07, 0.0072555262801746265, 0.003885819517313278, 0.002337320046460336, 0.011462794533111845, 0.0009511185374751383, 0.018575954897346713, 1.0540081427472369e-06, 0.009756864988781446, 0.01622921754802908, 0.015402201292726622, 0.020596444208256463, 0.015378514053357769, 0.0038872367217769664, 0.003188839161295211, 0.009316259423096553, 1.7551821979085047e-06, 1.0962443344803971e-06, 1.0426025512163087e-06, 1.2341981156643612e-06, 1.0526725940557915e-06, 1.305278831339415e-06, 1.037643162460821e-06, 7.762403976000022e-07, 1.0028986742497928e-06, 8.723206222206719e-07, 5.93557033437027e-07, 1.1955764386074326e-06, 1.3417140158193846e-06, 8.629338844436134e-07, 0.00017794087979132453, 8.050608858970564e-06, 1.135305092692751e-06, 8.382682330286567e-05, 0.0010480097124842002, 0.002596006969880751, 0.003556084933258831, 0.0038823043141621304, 0.0037440997246954207, 0.0045843793424248215, 0.005158699728584388, 0.005188386062879223, 0.005236642955882536, 0.00503720017446707, 0.004309310306867984, 0.004299457862769151, 0.005227733200242081, 0.0033434180479406553, 0.002259716398315674, 0.002152157130213189, 0.004895866903544945, 0.0036715064230662692, 0.002749051348659395, 0.004422030807567555, 0.003717964054388578, 0.0034719793271107136, 1.931207726023048e-06, 1.163635148613971e-06, 1.4399343678121202e-06, 1.3145210412217156e-06, 7.823071280282456e-07, 2.2186317093026116e-05, 1.5955741893488834e-06, 0.001415343078772546, 0.0018764547238215824, 1.2265259090403307e-06, 0.007513563908281835, 0.0020514045713404417, 0.014891733378524114, 0.012397827185196374, 0.006100282791363216, 0.0036099618169001912, 0.008340541934811352, 0.009242229726596933, 0.007015009632342455, 0.0036671608660441835, 0.011338501428195518, 0.00858751362497333, 0.0006624932784990637, 0.004040828320577863, 0.01230309294389428, 0.009955503832190194, 0.007546845024633791, 0.00902158941575621, 0.0043345911765847065, 0.003445206285083141, 0.006833106745763309, 0.010485523235744133, 0.010156611340997357, 0.011337089012549028, 0.013019278273230173, 0.011975184032342259, 0.011864719843791132, 0.008849109874003344, 0.0037356233822829605, 0.005476147752153103, 0.010292363781825029, 0.010506118575141787, 0.011302073202039844, 0.012303797841184645, 0.007884109154702654, 0.005961112013319774, 0.008884767348051647, 0.006183198264032842, 0.0028624969739188748, 0.006705875265884909, 0.009071852086105302, 0.009849627897172598, 0.012376547792604001, 0.007964457335891758, 0.0007446968029723077, 0.002796635656111995, 0.004596382381550503, 0.0029122129490468966, 0.006474765390128832, 0.00829359110736912, 0.005655333850019988, 0.009261944407708507, 0.013515910077244644, 0.005526753906990527, 0.0001751078613047692, 0.002372242934304535, 0.00372566684821811, 0.009212138038095608, 0.013557433638080848, 0.007108888379355421, 0.0032830214065960343, 0.010736706612109731, 0.007926598275259744, 0.0014078004899591436, 0.00211641121483323, 0.001440058024892129, 0.003194450908814791, 0.018849615176295496, 0.019620324802926158]}