{"method": "sparse_upsample_phase1_best_t1", "P": 200, "value": 1.5112078098982997, "x": [0.01797646307769481, 0.0020744270213529, 0.0023461086841841247, 0.00898949689110903, 0.007771733721364758, 0.005411982640352626, 0.005342730639311621, 0.007201387752987436, 0.007005616442046774, 0.007062170508473323, 0.006076073877776089, 0.004469175522291332, 0.00923089517687544, 0.005161798917542178, 0.006079045152518467, 0.008063548727614505, 0.004011757481159952, 0.009088320477377197, 0.00479133328354636, 0.006717272131513947, 0.0059272423439949845, 0.008627410219193986, 0.004282936308461808, 0.006077981412159636, 0.00849058586020052, 0.005352242436685695, 0.006455280335448358, 0.0060539424834478795, 0.0038637095075200988, 0.009150783742963848, 0.0046035062560384025, 0.005885997471578377, 0.003850478437688794, 0.007993035180099263, 0.004308590865758435, 0.0007975775984873966, 1.0677875163814062e-06, 1.0751625018971918e-06, 9.103040980927147e-07, 1.1125057121924362e-05, 0.005313630097812173, 1.6314440406494787e-06, 0.00011680862745935013, 0.007119551184907499, 0.004419136163801775, 0.004066353889422818, 0.003702505041770977, 0.0051402784930663975, 0.00566974206419552, 0.004631197313633065, 0.006241652360608925, 0.002589195842083105, 0.007462579957286544, 0.00409968020719432, 0.006104721466359314, 0.0076061041616528255, 0.00477611342473328, 0.00713257118903391, 0.006934191721008011, 0.005180896730235316, 0.009817889536682445, 0.005498473688186226, 0.007659833910923992, 0.006018267862045817, 0.010113689269747254, 0.00602338587339437, 0.009397025552368552, 0.009150647804730357, 0.007462675399748349, 0.011276620226197133, 0.009687042884467202, 0.010137825141885963, 0.010369578338735252, 0.01270995970722716, 0.010138240651008455, 0.010577436385639849, 0.012449747024440514, 0.014828262613209802, 0.009543813147190024, 0.011025402405617274, 0.0033130177718289837, 0.0033516067873103008, 0.0037366686060223884, 0.008804729609431326, 0.010389795965626315, 0.006121204378302189, 0.006659056941900528, 0.004884201266000911, 0.00459418880256204, 0.005621189459618988, 0.004610176992161043, 0.0038446305948453123, 0.0049436105203099325, 0.002876538586839721, 0.005907402619973568, 0.0046799899047978615, 0.005247586946540113, 0.0051030409722085425, 0.0030949967772974287, 0.006675502874664741, 0.0025584944874358978, 0.006344430787250973, 1.5984665329946271e-06, 0.00402467312633024, 0.001285115622055578, 0.00015949857787890637, 0.0041261388235756475, 1.1896986551416532e-06, 0.0026866465485162593, 9.996686481314068e-05, 0.0008124231371841844, 1.7471476033654496e-06, 0.00035583358229825747, 1.2066100810717872e-06, 1.8541318858379844e-06, 0.0015072136439627428, 0.018699881196300342, 0.018190329678735014, 0.013572122537476037, 0.007908791259816134, 6.080191882094885e-05, 1.5874746231281453e-06, 1.989353515611608e-06, 1.3622109613240584e-06, 8.79653167222307e-07, 1.1859283131063565e-06, 1.112219056757102e-06, 1.3239560643480543e-06, 9.503039148364836e-05, 1.5932363986493545e-06, 0.0007170106682568016, 2.0859067686320164e-06, 1.0161855494937337e-06, 7.463275144756663e-07, 9.31958892173122e-07, 4.7371282142880725e-05, 0.00039018022009226094, 1.2162790708714012e-06, 1.6369871457731683e-06, 1.0967223687350588e-06, 1.0521533342003108e-06, 6.872274382110137e-07, 8.427286212669578e-07, 7.852447535664078e-07, 5.282191634742619e-07, 7.02102625951438e-07, 6.024370693927356e-07, 7.107283199087871e-07, 7.921005851547642e-07, 6.339063180258454e-07, 5.532170948388247e-07, 8.623084537803565e-07, 1.0068117160210142e-06, 9.429550895932001e-07, 1.1587518470039132e-06, 1.354703134930888e-06, 8.831528776101545e-07, 1.5442816502613938e-06, 9.315028328964053e-07, 0.002860524428064043, 0.015158812380796992, 0.022646767226264724, 0.005303247525863253, 0.014857702060104568, 0.012946341108661675, 0.01198600124758435, 0.008871876787763298, 0.005757751561336843, 6.877771313718496e-05, 0.0030199015957339424, 0.0008783435425668353, 0.004229262362576265, 0.0019239707759840976, 7.6230222952692e-07, 0.005013551779061814, 0.004492041216039057, 0.0038169513942003254, 0.006673341800174098, 0.0007835963023271487, 0.008490542080840865, 0.000959968062453018, 0.005879113460792955, 2.026314485365793e-06, 0.0028584136711510347, 9.674068786827113e-07, 7.850450157127803e-07, 0.002178381289168604, 1.068599803369851e-06, 0.004610727647278955, 8.859245125027952e-07, 6.939711650246935e-07, 0.003076851516600732, 0.0024394034855231847, 9.152526328716787e-07, 0.0005871621727575107, 0.009701675513108124, 0.02261080697686994, 0.03752086310404453, 0.03225700999457193, 0.02858601197830173]}