{"method": "sparse_upsample_phase3_best_t1", "P": 500, "value": 1.5080832283536894, "x": [0.019660333074928774, 0.008808917499800051, 0.008398686446289261, 0.011454503003965673, 0.006594173272235439, 0.005880830510020809, 0.008799123028559678, 0.01129099383298193, 0.005737509529314333, 0.00829184756334603, 0.011079083717198228, 0.005535336703486371, 0.00781939213746613, 0.014940828613654087, 3.817299791691826e-07, 2.73409657041984e-07, 2.7546904650007433e-07, 3.3513131117409195e-07, 0.0015230276790261948, 0.0066098823726091945, 0.0001221292694621719, 0.0005462299087390011, 0.0020927783876796883, 0.004625130380817867, 0.0017175870041659872, 0.002841427313115275, 0.005292600454330029, 0.002523529173125022, 6.654426687468221e-07, 3.815791574252553e-07, 3.174264117320644e-07, 3.349005057766545e-07, 0.0017355083124939961, 0.00151749264504705, 0.0003699410865017749, 0.00026380836083156784, 5.814089592040087e-05, 0.00123339087305891, 0.0003325511945885657, 0.002008172167107305, 0.002078886968164113, 0.00013427884546572748, 2.4064317348745764e-05, 0.0001721637132154952, 3.98852675215845e-07, 2.0709737125793925e-07, 2.0803168303928153e-07, 2.3411570291657936e-07, 3.0361193827849463e-07, 2.217225223957044e-07, 2.1533496132829706e-07, 1.9476555975670506e-07, 2.2461692264971277e-07, 2.0988583298486477e-07, 2.4285603050208856e-07, 2.0397677427826573e-07, 1.9903768043349488e-07, 1.9957688321463874e-07, 2.4457121512092156e-07, 2.3777591661836485e-07, 1.6678053910917602e-07, 1.645309020400513e-07, 2.049284214119631e-07, 2.3630220645272408e-07, 2.23822429385861e-07, 1.9718091126622089e-07, 2.1259242375809817e-07, 2.16800713517914e-07, 2.1878605708991774e-07, 2.0045072069759208e-07, 2.0547437418998736e-07, 1.9181478304607145e-07, 1.891256162916252e-07, 2.119643664355937e-07, 2.3487275031802586e-07, 1.9901731489961746e-07, 2.2031662256153015e-07, 2.3884350148210916e-07, 2.914589237265371e-07, 4.937992235558625e-07, 4.0169850619022596e-07, 1.3620697173098139e-05, 6.058441583461453e-06, 4.0492908350285775e-07, 0.0008132631129409039, 0.001256576576982656, 0.0006730116810471223, 0.0008041896397216557, 0.0017337076863976157, 5.570933375344019e-07, 0.0013338968967450719, 7.109558472547667e-05, 0.0028210851844623, 0.0015703801407683298, 3.8180770462845985e-05, 0.0006541230926685925, 0.0010759456251121574, 0.0005679403722495647, 4.468913853999244e-07, 5.4559001036910043e-05, 6.488874917823987e-07, 1.267266411298197e-05, 1.2235846776990238e-05, 4.08931348749304e-07, 3.8048176306786864e-07, 3.098855525271417e-07, 2.904380407056045e-07, 2.2063915697178134e-07, 1.9010347465356495e-07, 1.9979589261718847e-07, 2.3707271276899867e-07, 2.3796973387693577e-07, 2.5568342539920235e-07, 2.7611651882334645e-07, 3.5226492346891397e-07, 5.134799521517661e-07, 3.9839165223927444e-07, 6.887848534974269e-07, 2.6879229212415697e-06, 4.317090014819266e-07, 2.756449308593453e-07, 2.493839839841121e-07, 2.0759742805014646e-07, 1.9017120028521812e-07, 2.2544813965370021e-07, 2.0492873114547208e-07, 2.6928410199319784e-07, 2.945508435172997e-07, 2.97123611733467e-07, 3.8458203715829854e-07, 0.0003833808432268475, 0.0005733123902826577, 0.0005380158177879538, 0.000470282304054546, 0.00029658845435227886, 0.002780597175782871, 0.002152901582541808, 0.003923696268192149, 0.006549705073923324, 0.004801011445227593, 0.00597364874410419, 0.005464448713830324, 0.0025965289065435857, 0.006759224725157135, 0.0034992626777769803, 0.0016063298895359083, 0.004974866615808867, 0.003306199520646423, 0.0025118709135179664, 0.00019610944149319736, 0.006989444143109764, 4.989605618491902e-07, 1.0054262653131341e-06, 0.0014098240338819474, 3.382637052372626e-05, 4.7249559851580124e-07, 4.4554348024701527e-07, 0.00037498878309247594, 0.0007598905518415105, 0.0015071079498598624, 0.000522646046674564, 6.691143003354142e-05, 0.0026284831345952495, 0.0016285420701239004, 0.0004964577593349696, 0.0029386391095449237, 5.131822101175987e-07, 5.403185881157982e-07, 4.198420577860187e-07, 3.4731328121695526e-07, 3.1642038253694343e-07, 4.0970366441479794e-07, 5.989794296878185e-07, 1.7542207087999326e-05, 3.7702492611863314e-05, 0.0009086756238690706, 5.4388694563401715e-05, 0.0003112763483190155, 6.261113005856898e-07, 0.0004297863757954574, 6.793451919076518e-07, 5.612691530011786e-07, 0.0017231485507027227, 0.0012629791778419044, 0.002100364271183106, 0.001217085307807381, 0.0020935309474756853, 0.0015712818853908835, 0.0019778398859816924, 0.0032015145536294426, 0.004066369924191956, 0.004455943171033893, 0.0032524007220123613, 0.005229725529372242, 0.002429063752321913, 0.0024086519719892984, 0.002273648196792093, 0.0013085708024144352, 0.003151402123823701, 0.002457768384878581, 0.002741929858625659, 0.001429022351212135, 0.002017583039969578, 0.0038661849621860686, 0.002576450923790201, 0.0027134337366131528, 0.0029358721473221527, 0.002124362535490617, 0.0019419632695664459, 0.00323771781950397, 0.002431129256747927, 0.003038068739080248, 0.002235548050064013, 0.001152529334063797, 0.0029581960936560232, 0.0019090733325789011, 0.003544900645051904, 0.0024624995287068226, 0.0006496540420905647, 0.003670469445432108, 0.004382425150555587, 0.005051784051517397, 0.005056711569089256, 0.004764979874715831, 0.005190986895177711, 0.005001149920862654, 0.00413784228801419, 0.006363217325892881, 0.005378757304488546, 0.0022484756782355413, 0.005804468271934807, 0.005391377824076029, 0.003710791980482213, 0.0023593177279607157, 4.855729372191857e-07, 8.651080537354414e-07, 0.00012926551599955167, 3.7724232139744523e-07, 3.3725739041306583e-07, 3.004495086610943e-07, 3.2867833202124426e-07, 2.416459797825171e-07, 2.485258223361728e-07, 2.703404771855906e-07, 3.6883611176518906e-07, 2.89052335692044e-07, 2.513521620155954e-07, 3.396229224704033e-07, 4.690536369157479e-07, 2.862751669447487e-07, 2.4590467958547746e-07, 2.848658915193657e-07, 2.473288555650979e-07, 2.2050765838610632e-07, 2.533689274741677e-07, 2.519321940099015e-07, 2.354459068249025e-07, 2.347561237558123e-07, 2.91056552059123e-07, 3.0104230035147044e-05, 1.220157663084521e-05, 6.184867592798654e-07, 5.929040726245378e-07, 0.0001276044587191833, 4.818660334791311e-07, 5.234690637318141e-07, 3.153436052195449e-05, 3.244250699068774e-07, 3.4473933292733396e-07, 3.8217094997901523e-07, 3.8063752270158597e-07, 3.8299272342495494e-07, 3.2921025328832444e-07, 6.012427156419453e-07, 7.412718081113434e-05, 4.13474409606124e-07, 4.4819339691708647e-07, 2.7988984546885526e-07, 2.7169018628889674e-07, 2.6643508130215136e-07, 3.1927495182335476e-07, 8.028195091236951e-07, 5.510692945323926e-07, 3.9360539625935086e-07, 0.0006386480853647697, 9.610537439582766e-06, 0.0014003660526476405, 0.0011383002496692476, 0.001665647167792795, 0.0018878467205564547, 0.0009905060449572093, 0.0003240674639289133, 0.0008273752862177344, 0.0011673957556897945, 0.000748524018940579, 0.000765756999865264, 0.0006725220690291239, 0.0010734368835950798, 0.0016017679396919822, 0.00031855388014650685, 0.0009056924637208156, 0.0008949508174159491, 0.0014769943386498683, 0.001894261548394887, 0.0013850619184798138, 0.001954111232845306, 0.0007215808201275681, 0.0018852734060969367, 0.0008470262805779469, 0.0018238039910699695, 0.0015952715921854045, 0.0007391592419655613, 0.002078791667580834, 0.0016989077376997439, 0.0017589230113498207, 0.00010216409248377062, 0.0008680821306481275, 0.001012790491679175, 0.001802346173648456, 0.002649976329290862, 0.003080135666291074, 0.005309035880090687, 0.00411552905859431, 0.0043945113590610355, 0.003594320354652712, 0.004068110496071407, 0.004797012634059241, 0.0038873281924119802, 0.005695790060677443, 0.004883382467374921, 0.005297223332419794, 0.003232995050167966, 0.002399473306522635, 0.00237736392008267, 0.002800119855022871, 0.0037535359743087683, 0.0028066837407169443, 0.00394703754055926, 0.003609583533775212, 0.0030804909217276924, 0.0032799200434950938, 0.0028948975124614175, 0.004673304518996698, 0.0035356166634999456, 0.0027034600558422297, 