{"method": "sparse_upsample_phase3_best_t0", "P": 500, "value": 1.5078629343813985, "x": [0.01048774285365166, 0.01130161303963733, 0.010673149079317204, 0.009158426087618713, 0.00828975797965781, 0.007561284237036138, 0.007136025651319774, 0.008487669196871425, 0.007776877729481555, 0.008196173249458526, 0.009129087168184398, 0.009172403768489261, 0.007051567217747969, 0.008657865144055931, 0.008953836947524654, 3.7283154469074057e-07, 3.3647918660852935e-07, 4.1564497689414035e-07, 0.0019027202921017526, 0.0029641850942241587, 0.0024468758354889613, 0.0021319207787397414, 0.0020380398071732633, 0.0020684446810172044, 0.0032388042211460412, 0.0025594908711301686, 0.003704589467917129, 0.004176707808905883, 0.0036811868891754506, 3.998999207062243e-07, 4.3617896621032356e-07, 0.0003443617406376705, 4.268730617576856e-07, 0.0009417303577143852, 0.0017116296362340144, 0.0002050240398161326, 4.341117695416438e-07, 0.0011143046705946473, 0.0018647000344623576, 0.0010959748542137843, 0.0004036025013875692, 0.0009014058997773923, 0.0007507118907209137, 5.557131079673027e-05, 2.961920849241706e-07, 4.0962086810662415e-07, 6.255093618838518e-07, 3.2086211285294155e-07, 3.2138680690731295e-07, 5.351054998842771e-07, 3.9185365299734357e-07, 2.0118305069229449e-07, 2.8752122440270637e-07, 2.5046015678929083e-07, 2.0012379710193748e-07, 2.290965075150178e-07, 2.034595820451097e-07, 2.240033450700134e-07, 2.4454159417424326e-07, 1.73663506862106e-07, 2.7548462586850965e-07, 3.1732292010478543e-07, 2.1058787795657544e-07, 2.4002910332440514e-07, 2.656079518996073e-07, 2.4235028028223387e-07, 2.118518138121126e-07, 1.974128415360043e-07, 2.5345151557852136e-07, 2.28185178150512e-07, 2.4622700113343927e-07, 2.505095440691584e-07, 2.983023800840814e-07, 2.4906995536243745e-07, 1.7109698476268383e-07, 2.7393589496087376e-07, 3.682921707723134e-07, 2.757361194769307e-07, 2.8701536150506636e-07, 3.066103598073015e-07, 5.210146679902496e-07, 4.34542154769799e-07, 3.227577056321855e-07, 3.728378840836014e-07, 0.0005423996038871917, 0.0008400103177013262, 0.0009948570527621105, 1.3626400917998512e-05, 0.0008947889516696674, 3.109541561403383e-07, 0.0012757509598131612, 0.001273259384230351, 0.0016685570530758146, 0.001121759326610457, 0.0015135704011707371, 0.0006075837964731509, 0.0009553814011792122, 0.0004012539033491383, 0.0006232751052692324, 0.00022201471009971347, 6.090113362887465e-05, 5.564584736008797e-07, 2.523625645581544e-07, 3.2477929579335066e-07, 2.013625506564296e-07, 1.7567729964777847e-07, 2.1237825544371402e-07, 2.0542270955697163e-07, 1.6658776994162598e-07, 1.8350696168086395e-07, 1.9086397790417064e-07, 2.277356043574222e-07, 2.141889368176565e-07, 2.1981260260044974e-07, 2.3697411035717616e-07, 3.8038915640783587e-07, 3.672976641167524e-07, 2.1681346698863282e-07, 3.061128259953533e-07, 2.3043842688305098e-07, 2.006858489926349e-07, 1.8709088606209792e-07, 2.398046780747926e-07, 1.978020823010405e-07, 1.7723351989063385e-07, 2.297391346363729e-07, 2.263432024529234e-07, 2.534646101878521e-07, 3.009370510088692e-07, 2.562748000024182e-07, 7.260892719917584e-05, 0.0002170358343853706, 1.342823038256313e-06, 0.0003455779869929567, 0.0006949174545965329, 0.0026125950782970118, 0.0028967812765665324, 0.0038001970815840047, 0.006047643261952915, 0.003150336009918652, 0.005094336958100044, 0.005356624332145993, 0.004977701309975045, 0.00454717421656113, 0.0037437092811456723, 0.004261198257030688, 0.002977822777044235, 0.00394347622424066, 0.0031587928559756156, 0.0038835981187143273, 7.203762326989927e-07, 0.002332793088630971, 3.8362030966763767e-07, 0.0001516160801136398, 0.0029863933696236016, 4.2234432001257114e-07, 4.83307560009212e-07, 0.0004161245007845546, 5.798176670619415e-06, 0.0012592284661654836, 0.00140462357961957, 0.00215017585205485, 0.0017553388323582428, 0.000679805609905903, 0.0011528545179756915, 0.0015704773238561743, 0.0016101491114892499, 3.6819816067353447e-07, 2.8180244612105603e-05, 6.15080121432182e-07, 3.708591066274298e-07, 4.6327555448828466e-07, 3.256602049060366e-06, 1.0846621554298259e-05, 0.0002731716208554675, 5.453202547788702e-07, 0.00012654562076182458, 4.954663899773855e-06, 6.529663509073422e-06, 0.0003082152982714877, 0.0003290322636257008, 0.00023765387472833913, 0.0009321064890161966, 0.0022675585404778056, 0.001440149977107778, 0.0010995052963823887, 0.001584516970533322, 0.0023314217636540902, 0.0022406457776299005, 0.002172053817585479, 0.002507116932211624, 0.0038603867900066616, 0.004733295817779506, 0.00400281619083707, 0.0038934696073235253, 0.0035208849885755887, 0.0025798956689476846, 0.0023041667610608028, 0.002331839484507672, 0.0020725373746218155, 0.0012520931224823816, 0.0018233580127255899, 0.0026099814557765514, 0.003624151060120504, 0.002483830239470256, 0.003173520381363175, 0.003171933852546716, 0.0021738078713169754, 0.0014230424725662771, 0.0037867015217517143, 0.0029030078938126307, 0.0023877487743004734, 0.001817576708270541, 0.0027635879438425953, 0.0016123225458912031, 0.0021427221077494085, 0.0025504283446699436, 0.002577093211441063, 0.00142727431455062, 0.0038269930253193264, 0.0041928510586031215, 0.005050541093747725, 0.004294595951278773, 0.004770459381724906, 0.004173717433255932, 0.004092281722932808, 0.004819132602690739, 0.0038772940203532355, 0.005432521584401076, 0.006185864577051774, 0.005785180336174042, 0.004779541078035534, 0.0042109047205419045, 0.001758659455531936, 0.0022798946828063793, 6.27628893933194e-07, 4.460572226282886e-07, 2.4484076058490145e-05, 4.36471777206021e-07, 4.283077819593356e-07, 4.2538852908019823e-07, 3.5508106043287593e-07, 4.0150736045727095e-07, 1.9301461074804934e-05, 4.7211232362776107e-07, 3.833457974708659e-05, 5.092144672881994e-07, 3.7087439978350506e-07, 3.7985906002343893e-07, 3.656445299059843e-07, 3.2155120302485474e-07, 2.2663300271874078e-07, 2.8343170407624554e-07, 2.789758374392557e-07, 2.913031776444385e-07, 2.5559223643566397e-07, 3.8455889696276826e-07, 2.719034803069012e-07, 3.229948043547952e-07, 4.2666944707598844e-07, 4.317223995497893e-07, 5.762867366008125e-07, 3.015037180158315e-07, 3.329010973063739e-07, 5.259348644090019e-07, 2.9980965856638003e-07, 2.998825555856926e-07, 2.626543731711888e-07, 2.2049946286381934e-07, 2.0574097771166386e-07, 1.8984281022277378e-07, 2.2985103282631462e-07, 2.3638176779162241e-07, 2.462219251908334e-07, 4.4922174443338014e-07, 3.598493191029702e-07, 4.176628380918366e-07, 3.163525884351432e-07, 2.989945731853684e-07, 3.851658119455777e-07, 3.9754755347912247e-07, 5.60226226769515e-06, 3.72048286231968e-07, 0.00023412249838532337, 0.00012031292533509164, 0.001519691054539199, 0.0004898316469989296, 0.0008993644418204881, 0.001007001702118306, 0.0016110611525400578, 0.0006470110236457523, 0.0015736324234073785, 0.000683411481788668, 0.00043304190676900293, 0.0009021867164552359, 0.0016006797728522284, 0.0005036316726727359, 0.00039246532006966233, 0.001051187613037869, 0.0009638371139592686, 0.0015446418286753252, 0.0009595464725886935, 0.0015368691995329387, 0.001232158014733814, 0.0016957408923000694, 0.0006048983800795711, 0.00218638267435004, 0.0013370416495418363, 0.0005838102935822428, 0.001040786785207778, 0.002438286429145376, 0.0012821882039524652, 0.0012129406576232302, 0.002049008082987411, 0.0019904900795234565, 0.0006100936107028603, 5.166092722333846e-07, 0.0004927226884720168, 0.0018963833427665677, 0.002632225524519506, 0.00237565753515889, 0.0051374027019488915, 0.005849249536183896, 0.002922822658569574, 0.0032529944308803743, 0.004582661873088692, 0.004157491705457703, 0.0047435962964323284, 0.005422900579744847, 0.004387303172396557, 0.0023370742152817032, 0.004028878727985331, 0.005287481202794652, 0.002562987717067077, 0.0030780294412696323, 0.002798895121323045, 0.004245919990243592, 0.004214344707942973, 0.002869980801252155, 0.002764733834730704, 0.0032302518969102175, 0.0032627171190422154, 0.0024836135532533875, 0.005089702923759522, 0.003641807094513911, 