{"method": "extreme_sparse_t0", "P": 200, "value": 1.5101925274088823, "x": [0.024498164133030815, 0.02567686275373914, 0.020138735956798104, 0.0214376442840709, 0.02290087700253556, 0.026999813340521428, 0.011979343683448938, 0.004481163126870496, 0.009129185782661172, 8.660240102917987e-07, 3.846527470186673e-06, 0.0021134072585083517, 0.0025002340076845228, 1.647599505255512e-06, 8.156379492343269e-07, 1.0690487656182365e-06, 9.107766517351232e-07, 7.867521245687878e-07, 6.635783599935525e-07, 0.0011893963001260019, 8.740380220320288e-07, 6.913796633034394e-07, 1.5677586832570396e-06, 7.678488590749316e-07, 1.056981987694457e-06, 2.819867353341614e-05, 0.0003737581577474843, 6.539510161073659e-07, 1.2363222178644962e-06, 4.865081679471174e-07, 9.992604703281752e-07, 8.557373515868326e-07, 0.0016778563071124472, 0.001275627353689704, 0.002974088712973468, 1.227106375568173e-06, 1.2374375754972183e-06, 0.0007511924566883846, 9.331292156875515e-07, 7.650320810367951e-05, 8.950250040331896e-07, 1.075789997240565e-06, 9.198350532298341e-07, 1.6129453092105535e-06, 1.0216619574189222e-06, 0.003812759502767339, 0.003077973084313604, 0.0032501274729568146, 0.002299641770362832, 0.00425575259368854, 0.0011797623101331084, 0.0001108797868877338, 1.1053661105419824e-06, 0.005502118894301603, 0.005193833909686722, 0.0035052875705188845, 0.00832254931053499, 0.005897953884097358, 0.003951811622631447, 0.005213396493836044, 0.0031011595413271615, 0.006626178899244227, 0.002735903640698132, 0.0009075703863831897, 0.0018720732980846365, 0.006174535787166999, 0.00808226862812983, 8.21220558583873e-05, 1.6705287678749698e-06, 0.002285630558733519, 0.007170466392040313, 0.009420070168270213, 0.0021636793257715876, 0.002525767314583137, 0.0019785741356679737, 0.000793647079586718, 1.8366928736910495e-06, 0.0007574361047739272, 0.0030195059776916985, 0.009021952710416656, 0.0035612094582954334, 0.011425533256838188, 0.015246900160896042, 0.010423741619522208, 0.010104424614670685, 0.016371666057858118, 0.009986330438991347, 0.006725355573855461, 0.006012774970821369, 0.011371072831544874, 0.008080107273819916, 2.147077918543899e-06, 0.004452353325539507, 0.005365301670979502, 2.0995353417235962e-05, 1.5172754638334045e-06, 1.201160824635219e-06, 1.4047484283867675e-06, 2.3221056974160876e-06, 0.001675362447006071, 0.0028823713469541255, 0.0003994798231471145, 0.0026224338886678554, 1.3601701639677322e-06, 8.256249748581837e-07, 1.0687165440516978e-05, 4.361797764529158e-06, 8.493659628733043e-07, 1.410199877833124e-06, 3.085350221582801e-05, 0.0006942369999902346, 2.151166783580277e-06, 1.5059810034115682e-05, 0.002044039917607394, 7.906081582386163e-07, 1.4076146766509672e-06, 0.002178615304151186, 0.0025560658760919812, 0.0008070761997553818, 0.00055285910624686, 0.000847187417685997, 0.0016693363376767256, 0.0012690206484867992, 0.005419932575448635, 0.015742216235354475, 0.008446820931556881, 0.014376071548107333, 0.016376783988879692, 0.004026108640402489, 0.0025485613793712054, 0.008861307426645908, 0.0046729008826450705, 0.008751144745289104, 1.617371739925266e-06, 0.0023348595374591496, 0.015611701841612388, 0.014634750917569467, 0.008227043825827465, 0.003176613929472863, 1.2539495697181125e-06, 0.006809056891174827, 0.008893285953313243, 0.011573231961393609, 0.008397180826471687, 0.010799254895467876, 0.004337424179055846, 0.0017089428191204537, 0.009902064699166881, 0.0019176102436197489, 0.016639583557452712, 0.008847179301810832, 0.01074430427874386, 0.003309492511437571, 0.010097716395611928, 0.0012620430460992854, 0.007754712431671628, 0.013256427488360638, 0.012050844309563666, 0.006381834036688272, 0.009659759635356169, 0.0037023695504030596, 0.0028359533801794114, 0.014254195493218302, 0.0037521519019787578, 0.006752719627580621, 0.012947797974246049, 0.004377700172520525, 0.0005411905432955066, 0.009067699573750188, 0.003849702674644138, 0.0018001622897840185, 0.012429061836339394, 0.007853106523309998, 0.004662405228436027, 0.008840534326974864, 0.008944944806971092, 0.004069512180264349, 0.01007730948314818, 0.009230183719094837, 0.002700071283235982, 0.007127218545660348, 0.00453709432286406, 0.004209927681470939, 0.004778599598486473, 0.015050625898176618, 0.0018588917355907531, 0.01231322704499442, 0.006577465602795811, 0.0009902437000076424, 2.2100725819774834e-06, 0.011303557751990805, 0.0026652921384273326, 0.007816147459598157, 0.015325427994061084, 1.355413159093588e-06, 3.160411866924547e-05, 0.0005748377862920223, 0.0027739914603006582, 0.0014593827326608382, 0.026410511908895304]}