{"method": "sparse_upsample_phase1_best_t0", "P": 200, "value": 1.5104607914880424, "x": [0.027585204274836267, 0.025634300599749596, 0.02221006894079558, 0.01690566311672117, 0.018632340367950397, 0.02534438095960212, 1.3135791242265801e-06, 0.0006694927832007709, 0.0027481131769231714, 0.01280481630680845, 0.010455859636004134, 1.6908334782920513e-06, 1.3527695445042055e-06, 0.004559492612815129, 0.0003292805789762798, 0.0009681105671326351, 0.0020000130880413586, 1.3561316499071062e-06, 1.3313624334845059e-06, 1.2759126820623854e-06, 1.3310825211282254e-06, 1.321223900334426e-06, 1.296109967504885e-06, 1.2773578902030933e-06, 1.3150664046555527e-06, 1.2146433903246112e-06, 1.3296610890965236e-06, 1.319194849190414e-06, 1.247653998484789e-06, 1.2341629616651413e-06, 1.2541691660518036e-06, 1.226804238740329e-06, 3.894356729728809e-06, 1.3176702510824134e-06, 0.002829638744072051, 0.002849294392323691, 0.002699027730647475, 0.0028518743299043164, 0.0019981830219553895, 0.0007517739919652535, 0.0008002320651670571, 1.0816845919023186e-06, 9.132440620876439e-07, 9.046588371825422e-07, 7.833064638990351e-07, 1.0124845008086187e-06, 1.1070147790850623e-06, 1.0091559888861843e-06, 7.048915407617834e-07, 7.81815716396262e-07, 7.052767403463282e-07, 9.76407823297034e-07, 9.164726286484442e-07, 0.0009550050941047305, 0.008880831506716418, 0.01569099432857265, 0.01305921411746636, 0.008266209639002934, 0.006945588475059906, 0.006912392446868938, 0.005464165120835749, 7.197997941474352e-07, 6.906124571421988e-07, 0.003331522069786725, 0.005231108977736646, 0.004123723908950308, 6.80983595274447e-07, 6.238173443726006e-07, 6.179881416108559e-07, 0.0007779678749558469, 5.795306290646411e-07, 4.1128203454782833e-07, 0.00036295900797968, 0.0060580356597114025, 0.004044122720758686, 0.0036405964292255547, 0.012646877392268129, 0.013533663335867299, 0.002771543970863064, 0.0036646909734575676, 0.005038576367647699, 0.012106141878666012, 0.006900430030979675, 0.003324851385237496, 0.00775669652567431, 0.00454116302321408, 0.006927858305026798, 0.00664837446423545, 0.010343662631870114, 0.01223138955133319, 0.012562798851343983, 0.013943772391431379, 0.012489439685348347, 0.00019181938426457489, 2.083655777243732e-07, 0.0001445079868179144, 2.714457891931943e-07, 0.0, 2.0883121749527743e-06, 0.0, 0.0, 2.7580657650270145e-08, 5.814002659394168e-09, 0.0, 1.399809149709006e-05, 0.0, 0.0, 0.0, 7.259320326000604e-08, 0.0, 0.0, 0.0, 0.00021514518731516647, 0.0, 0.0019345674445212055, 0.004963684418050815, 0.001798614625784628, 0.0006868212434216919, 0.003274136677070387, 0.0031553847664322217, 0.0017594924682990964, 0.004269025907088838, 0.004271663385399628, 0.0034293585928887997, 0.002753249978627915, 0.003198015261295978, 0.004443078643521184, 0.0036892084741427912, 0.010464594421974005, 0.010553180631960398, 0.012179038996151904, 0.011808104928018629, 0.007519947261937773, 0.007817088403052468, 0.01131224509809097, 0.005974970392282544, 0.007353325314625861, 0.01000445895379737, 0.0069600533705343436, 0.005231133414902917, 0.009310413533286743, 0.00589244173353641, 0.005427295712008046, 0.006800787775796746, 0.004533680301981027, 0.0038747373216324855, 0.005115401544662371, 0.009184796193083948, 0.00411065017055118, 0.01007882451676477, 0.014954116785083581, 0.010492161477870725, 0.007352020560359972, 0.010261245006590348, 0.004269932082876796, 0.009472287924014172, 0.012330366652084668, 0.009364185532786746, 0.007647451834994921, 0.01006064713495049, 0.003060456864913194, 0.009404417249636463, 0.008243662025766126, 0.0059240745219134, 0.005208000787593753, 0.002723949243543951, 0.002364107035050864, 0.010737152682063185, 0.00531139573647989, 0.009858847194167623, 0.009987165371733877, 0.0018135834209010084, 0.003017230614007833, 0.013097316921846382, 0.0062442689224728384, 0.010526891018405848, 0.008971824710402677, 0.0013930038321707892, 0.0018644106686399888, 0.011502219034271826, 0.00606459455658358, 0.01324386510108614, 0.006631578446079524, 0.00021662118798093546, 0.0029255184532160547, 0.008435526676610804, 0.004120273349913498, 0.01543018551889701, 0.002979500379225083, 0.0004714062599532455, 0.005365069382436391, 0.005423100885896121, 0.0037425764594635823, 0.01813879207196954, 0.0, 0.0, 0.006342135638133061, 0.0058156452110322, 0.005702767998995247, 0.018943183334726475]}