{"method": "extreme_sparse_t2", "P": 200, "value": 1.5113911807054734, "x": [0.009349539073355319, 0.007114304555751866, 0.006579022719484436, 0.006533929570575681, 0.006739330786655275, 0.007034324822470094, 0.0069779134900044525, 0.006395075425791255, 0.00657635932608048, 0.005898112460429156, 0.005920777433722879, 0.00616237085436905, 0.006518547660748823, 0.006356093852081404, 0.00724057387233981, 0.006241741918923133, 0.007842679504676982, 0.004409241026111876, 0.007462665085476743, 0.0055165038079034315, 0.005930114646202969, 0.006635383657504978, 0.0055940791139842, 0.007410979131697065, 0.007472644223163876, 0.006263626280857948, 0.006267357753832926, 0.005331833035601866, 0.006650568236632837, 0.00644319067090375, 0.0055594310554252496, 0.005797158691847937, 0.0058816201282480265, 0.006338248645628056, 0.0073992671082658236, 0.0031493834478054563, 0.00019411197590673746, 0.0002193284081869908, 0.00031102104082117194, 8.597002533983024e-05, 0.0009288754548594411, 0.0009975476560518243, 0.001552595975050326, 0.004434222525243425, 0.004975331154221441, 0.0036378388949925675, 0.005634832837752744, 0.004881715489011158, 0.004992446420287612, 0.004289317205380688, 0.003964284527686502, 0.0052703174699806005, 0.006519284485457981, 0.006522418108288149, 0.0063010843615516005, 0.006828604756923901, 0.00739046919756118, 0.006199165347744851, 0.004424013837297742, 0.006634705511374935, 0.0063354520251505085, 0.007442530900783907, 0.007544207825359502, 0.005857620304929337, 0.009331267472208925, 0.008794192153086706, 0.008399937444599425, 0.005969714871027932, 0.007472036083123151, 0.008323964098220529, 0.008316758786221934, 0.010300293486249444, 0.011064307714462918, 0.011554027991486892, 0.013111078423372242, 0.011766693087191603, 0.012091220173472576, 0.013053197936167035, 0.011839403474136775, 0.01005866713247778, 0.012878587687367072, 1.6706121875531432e-06, 2.080844138170993e-06, 0.009293045280733095, 0.012791373023979143, 0.005856606082740565, 0.005381704510901189, 0.004401572480124761, 0.00402257859769902, 0.0038500451874658318, 0.002736470999401417, 0.005204154323852491, 0.006606741951874817, 0.004011268564430668, 0.005057585559922298, 0.0045038440084504885, 0.003225030522620075, 0.005552114826180859, 1.6124293752965826e-06, 0.004714362188161081, 1.7516468455082166e-05, 0.011615748959104121, 0.002963121881553328, 0.006621434517208245, 0.005801567429519315, 0.002061981134847844, 0.004928088475492197, 0.002949707446009, 1.256557178705795e-06, 0.00011189602409309923, 1.2508043573709278e-06, 0.00013487648539995303, 0.0007857989508465747, 0.0010862750731515743, 0.0007189119161303144, 0.00022010189899390712, 0.0003294193378198415, 0.02139695271039109, 0.015154634273018124, 0.005820828118648187, 0.003626477533446199, 0.0004190743104395092, 1.440625367675569e-06, 4.267416168922159e-05, 1.3492501000115042e-06, 9.329513989154678e-07, 6.867943729045421e-07, 1.9773637946057506e-06, 6.142197724417868e-05, 1.0022796261742795e-06, 6.731754183013991e-07, 8.802191870908261e-07, 0.0028748808147883637, 0.001070462441810114, 1.4054931730339102e-06, 8.657678292616569e-07, 1.0866286916813365e-06, 0.00011611598768129115, 8.549083694773783e-07, 6.299954553488426e-07, 7.181812726712828e-07, 7.038968823644127e-07, 8.924282812614265e-07, 8.962409795149034e-07, 6.847090651381384e-07, 6.264999372866901e-07, 6.942369831272993e-07, 6.321127238700401e-07, 6.147135230057948e-07, 5.903636025424437e-07, 5.761327809902902e-07, 5.907658598863175e-07, 6.11590671882415e-07, 6.315442448489576e-07, 7.10309537234543e-07, 7.639694463722799e-07, 6.598429486478148e-07, 1.0127310544634704e-06, 1.7032355591932946e-06, 1.3521452518715756e-06, 0.014199826050282279, 0.014373565766343752, 0.01547214209354167, 0.01753022154179422, 0.015237453102530236, 0.012407486102844383, 0.0053192199372564105, 0.0010329699077366887, 0.0019322471602551143, 0.0023888098448551285, 0.0031397267671452586, 0.001410826569495079, 0.004650720278336649, 0.007283056977567007, 0.0031490474402708036, 0.0024888730758446656, 7.037187911658161e-05, 0.0019949548245247347, 1.1122954521732453e-06, 8.916908080428105e-07, 0.004792401211141483, 1.1498751641490131e-06, 0.019584489587563612, 0.004341801904212568, 0.005798604672040636, 0.00471828181844895, 0.0006361930397689859, 0.000255232773663481, 1.609355036180312e-06, 8.696181493320691e-07, 1.067854786390301e-06, 0.0004325969818684753, 0.004812280053052429, 9.712958841624086e-07, 1.0525761696907108e-06, 0.0066782837753812906, 0.009967757955162379, 0.015417018337724908, 0.032008320358826885, 0.058602050050382486]}