{"method": "extreme_sparse_t1", "P": 200, "value": 1.5145019702841185, "x": [0.021089446162647914, 0.022534317188525273, 0.020665006510059376, 0.016232963007923117, 0.013498251389557087, 0.007759909409289757, 0.013865936972489045, 0.015013880500798897, 0.0017004188677426052, 1.856382808451918e-06, 4.783303056594642e-06, 0.00021259309185833562, 0.0074022254729864964, 0.007736397837616863, 0.004122170665012419, 0.00404315646037872, 0.005070503544662886, 1.1535822212591232e-05, 0.0008523710059193491, 0.0011606119074310025, 0.0007557382631894079, 0.011378888534367372, 0.013478234666174703, 0.0051855581054296, 0.006896771761700413, 0.006245573422750145, 0.011229190919525314, 0.015016288803478802, 0.021233967428526856, 8.233642137507824e-07, 7.495741479893163e-07, 1.047127821862651e-06, 7.705605867268412e-07, 6.210680014899244e-07, 7.257886459645899e-07, 9.137482881438662e-07, 9.808500130291606e-07, 6.257414849858508e-07, 7.209318381465364e-07, 7.841884329863699e-07, 7.793492597591165e-07, 6.685094092046596e-07, 9.187917100014408e-07, 9.750955293749031e-07, 9.250649988074706e-07, 1.2432891721776255e-06, 1.149858947272296e-06, 0.0026733115667760795, 0.0006685081952006525, 9.80005312896905e-07, 1.130336864031138e-06, 0.0009917932752093069, 0.0004477161621845463, 0.001715715942511178, 0.004531061210774804, 0.009528484287433704, 0.012958474397707084, 0.012372281328011613, 0.011525181836156428, 0.0049092052871677954, 7.026292915962747e-05, 8.01646065214807e-06, 9.720548898810112e-07, 7.748798021915693e-07, 7.464186439414362e-07, 6.753534843797274e-07, 6.149264675349191e-07, 7.035800661486462e-07, 7.792660690721435e-07, 7.069067464817021e-07, 8.041460781332906e-07, 7.592208132917806e-07, 7.050660519597171e-07, 5.323525003948508e-07, 7.603098413474514e-07, 1.4793878895180453e-06, 9.173510577750486e-07, 1.0237308040848231e-06, 2.27225217444995e-05, 0.0010700579606431576, 9.601576757824878e-07, 8.405389675501243e-07, 8.708368097488716e-07, 9.67718547625167e-07, 8.368166276716153e-07, 0.0022426621921085295, 0.00465163650053276, 1.3201520639453037e-06, 0.0031032229416413037, 0.0038007962021175076, 0.006497968173921226, 0.006201672653315771, 0.006999090500679599, 0.002990586073155491, 0.003515671502563349, 1.0189908604763167e-06, 1.90501624610552e-06, 0.0009013681988773349, 0.0026936388147696484, 0.0072161773766920055, 0.00496236073103747, 0.005725236497938817, 0.0041524762418406235, 0.00442308416973192, 0.0048843586827241525, 0.0052993674635300305, 0.007338935803085586, 0.0062215704880068685, 0.007937809761735045, 0.005897826853894075, 0.011017640189367956, 0.010619785753597039, 0.008205203099569855, 0.00839101052666319, 0.008243530679314815, 0.008464850356272141, 0.011002685690908655, 0.013997471155046749, 0.009223003607865673, 0.012382701654393279, 0.00819647533205428, 0.013279531802114771, 0.009062722551882615, 0.00828643118782649, 0.009975729796062543, 0.007430276915156038, 0.006000622722769049, 0.0062990258611664305, 0.008300283547024142, 0.008831057699910615, 0.008269604540586105, 0.004451002179804547, 0.005014826593844614, 0.005306656465385131, 0.006624295881861793, 0.005860286088879367, 0.004117608952265766, 0.005377071037556153, 0.0037829080086251307, 0.00744494995830572, 0.005314323557378017, 0.002103176396786649, 0.0028395599777116406, 0.0036991105572733727, 0.004025128268864254, 0.001132613250386924, 0.0056646974173371, 0.005091168611907438, 8.804510467755496e-06, 0.012584055082627102, 0.008698966514489766, 0.008618444787424424, 0.009094383168401778, 0.008373334297678042, 0.009330235984296437, 1.2465337594632808e-05, 1.5961241175964175e-06, 0.012334441654153438, 0.008460898021098298, 0.00958128826947919, 0.005524217861393108, 0.003990073245936937, 0.010796695417900662, 0.0026625957811314627, 0.00010467766191322353, 0.004195958761348925, 0.007936489450225381, 0.008723294561137681, 0.005800815237314296, 0.007153689172794095, 0.0045190070406190995, 1.213814845546339e-05, 0.0010476538659325632, 1.9036105136597101e-06, 0.0006106592373264344, 0.0037114023401442187, 0.00896553879707309, 0.0010474140161565414, 0.0029850572403509945, 0.0012477917704570242, 0.004984905885492365, 0.006743408248942075, 0.00589512748526799, 0.009718290058828032, 0.00358835925737098, 0.001858784957913778, 0.012325520805780234, 0.002041949059661746, 0.005163829323799485, 0.005872822037579771, 0.0034314540290671727, 0.017010335465015996, 0.0027009854906107243, 3.221846099001161e-06, 0.009536863327018644, 0.004412916169076168, 0.007405821291345499, 0.0020127627919307727, 0.00636384127156055, 0.021875719336924976]}