{"method": "sparse_upsample_phase3_best_t2", "P": 500, "value": 1.5081150901723064, "x": [0.013658257076767492, 0.010137249061720942, 0.010207487814194798, 0.009188334499144642, 0.0088351831491449, 0.009909161191677883, 0.00727904148241186, 0.007181592433987734, 0.008194772936112623, 0.007230354992941382, 0.007893575266824786, 0.0070916730924571614, 0.009889156385262703, 0.010565431899719526, 0.007998754490856312, 3.7371163635032317e-07, 3.0954198186305245e-07, 4.2285782243677884e-07, 0.0008543510565939454, 0.0008040766341501634, 6.836761143797543e-07, 0.004283712129949422, 0.0021057602800705014, 0.004404028014033769, 0.0031731068128054716, 0.004031201671741706, 0.005415092945189575, 4.7662043861940866e-07, 5.010406092583469e-07, 0.0006460438158792096, 3.5870025986037016e-07, 4.967311843716649e-07, 0.002510542227247735, 0.002196191265264348, 0.001022720856523035, 5.41076477209917e-07, 7.212310273470408e-07, 2.7006846450496465e-05, 0.00133828846157955, 0.0008411666791523515, 0.0015564550702062455, 0.0009602244201468754, 0.0005854644013507315, 2.6733788464813983e-07, 3.381429583212405e-07, 2.4552237135213326e-07, 3.2457652280459993e-07, 4.3452278919463166e-07, 3.150059668408015e-07, 2.2570833403018936e-07, 2.1865304310262878e-07, 2.3964183417021585e-07, 2.2357234438459e-07, 3.2934008620188507e-07, 2.405919525568386e-07, 2.3426232831289353e-07, 2.3857634932543805e-07, 2.2903126623746584e-07, 1.6228292124406783e-07, 1.7414768243867814e-07, 1.685019499676811e-07, 2.0574933752919337e-07, 2.4825058576885e-07, 2.8592485070579425e-07, 1.9394229180970074e-07, 1.7091732828292316e-07, 2.2787932084204376e-07, 1.9899829062847072e-07, 2.6805168527557205e-07, 2.37618328308051e-07, 2.2780031065596307e-07, 2.474762941323091e-07, 2.634930265940977e-07, 1.848829514468417e-07, 2.3048463842359006e-07, 2.0873278173688573e-07, 2.20970877793816e-07, 3.1903522463070493e-07, 3.527158841442715e-07, 2.3347971754981197e-07, 2.2685079759737745e-07, 3.8258513873689117e-07, 3.841337384563584e-07, 4.597757596356257e-06, 4.5404468175917424e-07, 4.546605603948515e-07, 0.0008651543259697485, 0.002213972801170894, 2.362875990898479e-06, 0.0013905136077797127, 0.00014084976636229808, 0.00030281261487475876, 0.0013916666679259478, 0.0019983395268356303, 0.0010898759235437316, 0.0001438599018796928, 0.0010256789780570422, 0.001540971470012471, 0.0006327134451373582, 0.0006093571170912713, 2.8106054661322e-07, 4.0293394290990977e-07, 3.0333070896051607e-07, 3.157911972294962e-07, 2.077131814980862e-07, 2.8033854383996445e-07, 2.1622819891397716e-07, 1.8558164347756525e-07, 2.0593059494920595e-07, 1.7802307826364157e-07, 2.0632202167000895e-07, 2.161665820302826e-07, 2.7665134092253373e-07, 2.1940383215490888e-07, 2.3509985860671522e-07, 1.860507059906751e-07, 2.249496876766359e-07, 2.91399672234797e-07, 3.9739536986975226e-07, 3.711515364464381e-07, 3.3635041019566707e-07, 4.6940516760947357e-07, 2.892682496985492e-07, 2.716407753560707e-07, 2.3779740243022063e-07, 2.8186922396729544e-07, 2.7851891327284547e-07, 4.1267703495835394e-07, 4.3050877939595823e-07, 3.5502481869033065e-07, 3.672483432250253e-07, 3.132268106109693e-07, 4.0821170901582075e-07, 0.00024332223850845496, 0.00192161437605426, 0.0017176809669982506, 0.00474593632281225, 0.004598610326419552, 0.005382159001931911, 0.005964262116051343, 0.004880294003596583, 0.005129543186553813, 0.0017990962106524523, 0.0038920662698824224, 0.004275926042872005, 0.0049146018891958855, 0.002793178888614622, 0.003304673597852854, 0.002736463521350437, 0.004265205425340313, 0.0013543809773955882, 0.0006492123185604525, 5.920979968666691e-07, 0.0009116344320717849, 3.238953094745927e-05, 0.0009374099727613357, 0.0004489609127488362, 0.00039427747146880156, 0.0011624606609102039, 0.00226919595498171, 0.0002299269806155964, 0.0023065767704346313, 0.0007045371425747833, 0.000700535662549124, 0.0018415595582191796, 0.00026440928636354996, 0.0018310506014373447, 4.888775809675028e-07, 4.778345822845945e-07, 5.867647620993119e-07, 4.138632330581794e-07, 3.790235631649465e-07, 0.0004946990889332952, 4.178813453950076e-07, 3.971586895486185e-07, 0.00017483834781562984, 4.904143577324045e-07, 0.00014553267598831142, 0.0004174967321428952, 4.5589042725515735e-07, 3.779473438084926e-07, 6.23779941550279e-07, 0.0008881180208210617, 0.002316688444355071, 0.002515857632646191, 0.0019195058419176837, 0.001669608837771024, 0.002714784326811513, 0.001483527428353944, 0.0022713290387035776, 0.002833258925575996, 0.00470030929138499, 0.0053050506635819545, 0.0043046615412711976, 0.0037162520958068128, 0.0019393509398720125, 0.002136263378863057, 0.0031098016939481834, 0.0008516033075204101, 0.0023907008846205287, 0.0021181077223778005, 0.0016698903275785227, 0.0019893700078564835, 0.0026374712124412054, 0.003942410772523144, 0.0030563940130777225, 0.0020406711529289694, 0.0027747129444778904, 0.0027315236298506335, 0.0031683966710122284, 0.003660684027332319, 0.0023565794137778004, 0.0015286341243757047, 0.0025131906999907444, 0.0008222213316848245, 0.0016486166813827108, 0.003448741214688385, 0.0025274992775732026, 0.003005349070039048, 0.0020728251979734665, 0.0048847257674213395, 0.005691417025027546, 0.0036788044088349094, 0.005424882534275389, 0.0024291057260169796, 0.0055546054559933895, 0.005191218407154034, 0.004909884727903534, 0.0038026643958169854, 0.005064869987550393, 0.007355112022944746, 0.0042301396623922564, 0.003181428909722037, 0.0027013118181600277, 0.00022215995363253214, 4.227308304583537e-07, 5.916158371368032e-07, 3.501907039284973e-07, 3.9425582246670745e-07, 3.6494533022179647e-07, 4.863226622474515e-05, 4.469018490673072e-07, 5.074860312053591e-07, 7.68077040075763e-07, 4.017848147835457e-07, 0.00018802483482744777, 3.314567245336389e-07, 2.404724116203793e-06, 4.34178566564833e-07, 7.849760046601184e-06, 3.87157991854512e-07, 4.0548406991684465e-07, 3.1395728086308747e-07, 2.947935166532248e-07, 2.62597902348827e-07, 2.8712377289873723e-07, 3.150183664186755e-07, 2.3461861078008143e-07, 4.254919793285289e-07, 3.2736237072007373e-07, 2.8529066518352886e-07, 3.3348478614361157e-07, 3.542678062948693e-07, 4.370697063231401e-07, 4.730537619941514e-07, 5.821341415627921e-07, 9.119599890431791e-05, 3.859245593946735e-05, 0.000419978424787861, 4.13808692621937e-07, 2.829783431849363e-05, 5.140401626996912e-07, 6.830886860891708e-05, 2.847260329431909e-06, 4.3069099087970586e-07, 1.997557242963298e-06, 4.914302744212784e-07, 4.467750116284973e-07, 5.901851972702853e-07, 4.56833909287326e-07, 5.743138243354419e-07, 2.450982210670891e-05, 0.0006231507122741482, 0.000286302735371977, 5.76179558283033e-07, 7.56515347891636e-05, 0.0002820609549740249, 0.001917738661582619, 0.00261442769099796, 0.0009874969014944356, 0.0018165876369196981, 0.0001409039170325688, 0.001054625242111232, 0.000189234446100026, 0.000164618631421316, 0.0005912832822717599, 0.0006822129978598702, 0.0018884456022084054, 0.0019309263145640405, 0.0002903045547120831, 0.0013580225811575795, 0.0005867001789421723, 0.000815216508537027, 0.001531435918763844, 0.0014481581969014224, 0.001551108260420882, 0.001087428689185523, 0.001853754805445011, 0.00204465858639122, 0.0016327953513934935, 0.00033945649594690884, 0.0016738170916812505, 0.001162606157907611, 0.00113936255890212, 0.002026839836602229, 0.0005271233281415474, 0.0016650982433573378, 0.0005181081947979383, 0.0018591506991643477, 0.003013216127657562, 0.003198218827436494, 0.004136148541445379, 0.00551058497687935, 0.003487387524441918, 0.0039857812466509305, 0.004092125009213053, 0.004901189678264448, 0.006091823185507358, 0.00340465892973713, 0.003985330694903341, 0.004899872682131228, 0.0030241437817022988, 0.002574131101798987, 0.0035799134643666676, 0.003342907554470339, 0.0029326224755363574, 0.00435081257806012, 0.0037748254752336336, 0.0034971729810004716, 0.003275016464711811, 0.00164858799079727, 0.001873021820143651, 0.005477047549239618, 0.0043814143831531795, 0.003251327873558264, 0.003196287892682404, 