{
  "d": 4,
  "S": 80,
  "c_target": 1.281,
  "n_loose_tested": 12,
  "n_l2_strict": 0,
  "n_l3_strict_vs_l2": 0,
  "n_l3_strict_vs_shor": 0,
  "n_l3_match_vertex": 0,
  "t_l2_med_ms": 730.7246923446655,
  "t_l3_med_ms": 4785.941243171692,
  "rows": [
    {
      "k": 0,
      "c": [
        36,
        10,
        27,
        7
      ],
      "W": [
        3,
        2
      ],
      "tri_net": -0.00037499999999995816,
      "shor_lb": 1.2814583324570927,
      "l2_lb": 1.2814583169193703,
      "l3_lb": 1.2814583332948164,
      "vertex_ub": 1.2815625,
      "gap_shor_to_vert": 0.00010416754290720753,
      "gap_l2_to_shor": -1.553772244200502e-08,
      "gap_l3_to_l2": 1.637544611021724e-08,
      "gap_l3_to_vert": 0.00010416670518353932,
      "t_l2_s": 0.4246389865875244,
      "t_l3_s": 3.258910894393921,
      "shor_cert": true,
      "l2_cert": true,
      "l3_cert": true
    },
    {
      "k": 1,
      "c": [
        7,
        27,
        10,
        36
      ],
      "W": [
        3,
        3
      ],
      "tri_net": -0.00037499999999995816,
      "shor_lb": 1.2814583324564337,
      "l2_lb": 1.2814583171815292,
      "l3_lb": 1.2814583185236672,
      "vertex_ub": 1.2815625,
      "gap_shor_to_vert": 0.00010416754356623592,
      "gap_l2_to_shor": -1.527490445241142e-08,
      "gap_l3_to_l2": 1.3421379563283153e-09,
      "gap_l3_to_vert": 0.000104181476332732,
      "t_l2_s": 0.5989260673522949,
      "t_l3_s": 4.0844886302948,
      "shor_cert": true,
      "l2_cert": true,
      "l3_cert": true
    },
    {
      "k": 2,
      "c": [
        26,
        30,
        0,
        24
      ],
      "W": [
        5,
        1
      ],
      "tri_net": -0.0007499999999999952,
      "shor_lb": 1.280437499874399,
      "l2_lb": 1.280437498899487,
      "l3_lb": 1.2804374966828547,
      "vertex_ub": 1.2805,
      "gap_shor_to_vert": 6.250012560093943e-05,
      "gap_l2_to_shor": -9.749119289637065e-10,
      "gap_l3_to_l2": -2.2166324331607257e-09,
      "gap_l3_to_vert": 6.250331714530155e-05,
      "t_l2_s": 0.511157751083374,
      "t_l3_s": 5.444014549255371,
      "shor_cert": false,
      "l2_cert": false,
      "l3_cert": false
    },
    {
      "k": 3,
      "c": [
        24,
        0,
        30,
        26
      ],
      "W": [
        5,
        2
      ],
      "tri_net": -0.0007499999999999952,
      "shor_lb": 1.2804374998744092,
      "l2_lb": 1.2804374989074352,
      "l3_lb": 1.2804374964060299,
      "vertex_ub": 1.2805,
      "gap_shor_to_vert": 6.250012559072537e-05,
      "gap_l2_to_shor": -9.669740563822415e-10,
      "gap_l3_to_l2": -2.501405305110893e-09,
      "gap_l3_to_vert": 6.250359397008687e-05,
      "t_l2_s": 0.8721284866333008,
      "t_l3_s": 4.876002073287964,
      "shor_cert": false,
      "l2_cert": false,
      "l3_cert": false
    },
    {
      "k": 4,
      "c": [
        31,
        32,
        0,
        17
      ],
      "W": [
        5,
        1
      ],
      "tri_net": -0.0014999999999996073,
      "shor_lb": 1.279687497916962,
      "l2_lb": 1.2796874976614494,
      "l3_lb": 1.2796874989690843,
      "vertex_ub": 1.2797500000000004,
      "gap_shor_to_vert": 6.250208303848481e-05,
      "gap_l2_to_shor": -2.555125000469616e-10,
      "gap_l3_to_l2": 1.3076348892582246e-09,
      "gap_l3_to_vert": 6.25010309160956e-05,
      "t_l2_s": 0.8362853527069092,
      "t_l3_s": 5.797053098678589,
      "shor_cert": false,
      "l2_cert": false,
      "l3_cert": false
    },
    {
      "k": 5,
      "c": [
        17,
        0,
        32,
        31
      ],
      "W": [
        5,
        2
      ],
      "tri_net": -0.0014999999999996073,
      "shor_lb": 1.279687497916965,
      "l2_lb": 1.2796874976540478,
      "l3_lb": 1.2796874996317822,
      "vertex_ub": 1.2797500000000004,
      "gap_shor_to_vert": 6.250208303537619e-05,
      "gap_l2_to_shor": -2.629172435320015e-10,
      "gap_l3_to_l2": 1.9777344206772796e-09,
      "gap_l3_to_vert": 6.250036821819904e-05,
      "t_l2_s": 0.9633901119232178,
      "t_l3_s": 5.5308098793029785,
      "shor_cert": false,
      "l2_cert": false,
      "l3_cert": false
    },
    {
      "k": 6,
      "c": [
        27,
        30,
        0,
        23
      ],
      "W": [
        5,
        1
      ],
      "tri_net": -0.0024999999999998305,
      "shor_lb": 1.278687499803199,
      "l2_lb": 1.2786874995083255,
      "l3_lb": 1.2786874959259924,
      "vertex_ub": 1.27875,
      "gap_shor_to_vert": 6.250019680109631e-05,
      "gap_l2_to_shor": -2.948734589836022e-10,
      "gap_l3_to_l2": -3.5823330968298706e-09,
      "gap_l3_to_vert": 6.250407400765212e-05,
      "t_l2_s": 0.8161454200744629,
      "t_l3_s": 4.046056747436523,
      "shor_cert": false,
      "l2_cert": false,
      "l3_cert": false
    },
    {
      "k": 7,
      "c": [
        23,
        0,
        30,
        27
      ],
      "W": [
        5,
        2
      ],
      "tri_net": -0.0024999999999998305,
      "shor_lb": 1.2786874998035154,
      "l2_lb": 1.2786874993766761,
      "l3_lb": 1.2786874981045129,
      "vertex_ub": 1.27875,
      "gap_shor_to_vert": 6.250019648468275e-05,
      "gap_l2_to_shor": -4.268392306272517e-10,
      "gap_l3_to_l2": -1.2721632636214508e-09,
      "gap_l3_to_vert": 6.2501895487177e-05,
      "t_l2_s": 0.5533328056335449,
      "t_l3_s": 3.613588333129883,
      "shor_cert": false,
      "l2_cert": false,
      "l3_cert": false
    },
    {
      "k": 8,
      "c": [
        19,
        0,
        31,
        30
      ],
      "W": [
        5,
        2
      ],
      "tri_net": -0.00399999999999986,
      "shor_lb": 1.277187498230307,
      "l2_lb": 1.2771874973414743,
      "l3_lb": 1.2771874988897403,
      "vertex_ub": 1.27725,
      "gap_shor_to_vert": 6.25017696929131e-05,
      "gap_l2_to_shor": -8.888327851508393e-10,
      "gap_l3_to_l2": 1.5482659598831106e-09,
      "gap_l3_to_vert": 6.250111025973837e-05,
      "t_l2_s": 0.5367584228515625,
      "t_l3_s": 4.69588041305542,
      "shor_cert": false,
      "l2_cert": false,
      "l3_cert": false
    },
    {
      "k": 9,
      "c": [
        30,
        31,
        0,
        19
      ],
      "W": [
        5,
        1
      ],
      "tri_net": -0.004000000000000082,
      "shor_lb": 1.277187498230281,
      "l2_lb": 1.2771874973716146,
      "l3_lb": 1.277187498914386,
      "vertex_ub": 1.2772499999999998,
      "gap_shor_to_vert": 6.250176971867027e-05,
      "gap_l2_to_shor": -8.586664712595393e-10,
      "gap_l3_to_l2": 1.5427714661342407e-09,
      "gap_l3_to_vert": 6.25010856136754e-05,
      "t_l2_s": 0.6453039646148682,
      "t_l3_s": 3.946779251098633,
      "shor_cert": false,
      "l2_cert": false,
      "l3_cert": false
    },
    {
      "k": 10,
      "c": [
        28,
        30,
        0,
        22
      ],
      "W": [
        5,
        1
      ],
      "tri_net": -0.005249999999999777,
      "shor_lb": 1.2759374998751563,
      "l2_lb": 1.2759374994462074,
      "l3_lb": 1.2759374901346616,
      "vertex_ub": 1.2760000000000002,
      "gap_shor_to_vert": 6.250012484398937e-05,
      "gap_l2_to_shor": -4.2894887641864443e-10,
      "gap_l3_to_l2": -9.311545756673922e-09,
      "gap_l3_to_vert": 6.250986533862246e-05,
      "t_l2_s": 0.8254718780517578,
      "t_l3_s": 6.510852098464966,
      "shor_cert": false,
      "l2_cert": false,
      "l3_cert": false
    },
    {
      "k": 11,
      "c": [
        22,
        0,
        30,
        28
      ],
      "W": [
        5,
        2
      ],
      "tri_net": -0.005249999999999777,
      "shor_lb": 1.2759374998748392,
      "l2_lb": 1.2759374994532051,
      "l3_lb": 1.2759374906099916,
      "vertex_ub": 1.2760000000000002,
      "gap_shor_to_vert": 6.250012516106906e-05,
      "gap_l2_to_shor": -4.216340609985991e-10,
      "gap_l3_to_l2": -8.84321349481354e-09,
      "gap_l3_to_vert": 6.250939000862488e-05,
      "t_l2_s": 1.122265100479126,
      "t_l3_s": 6.421271800994873,