{
  "configs": [
    [
      4,
      20,
      1.281
    ],
    [
      4,
      40,
      1.281
    ],
    [
      4,
      80,
      1.281
    ],
    [
      6,
      15,
      1.281
    ]
  ],
  "n_candidates": 2,
  "n_l2_rescue": 2,
  "n_l3_rescue": 2,
  "results": [
    {
      "d": 4,
      "S": 40,
      "c_target": 1.281,
      "c": [
        12,
        15,
        3,
        10
      ],
      "W": [
        5,
        1
      ],
      "shor_lb": 1.280999998730743,
      "v_ub": 1.2810000000000004,
      "tri_W": [
        5,
        1
      ],
      "gap_v_to_target": 4.440892098500626e-16,
      "l2_lb": 1.2809999996740264,
      "l3_lb": 1.281000000059958,
      "l2_cert": true,
      "l3_cert": true,
      "t_l2_s": 0.7226583957672119,
      "t_l3_s": 5.318661689758301
    },
    {
      "d": 4,
      "S": 40,
      "c_target": 1.281,
      "c": [
        10,
        3,
        15,
        12
      ],
      "W": [
        5,
        2
      ],
      "shor_lb": 1.2809999987307905,
      "v_ub": 1.2810000000000001,
      "tri_W": [
        5,
        2
      ],
      "gap_v_to_target": 2.220446049250313e-16,
      "l2_lb": 1.280999999680515,
      "l3_lb": 1.2810000000555275,
      "l2_cert": true,
      "l3_cert": true,
      "t_l2_s": 0.7321884632110596,
      "t_l3_s": 5.677824258804321
    }
  ]
}