{
  "a_central": [
    {
      "label": "a_centrald0",
      "lo": [
        0.24375,
        0.24375,
        0.24375,
        0.24375
      ],
      "hi": [
        0.25625,
        0.25625,
        0.25625,
        0.25625
      ],
      "B1_max": -0.09271874999999996,
      "B1u_max": -0.0689687499999998,
      "B1diag_max": -0.04396875000000011,
      "F_best": -0.04428124999999987,
      "F_best_W": 15,
      "L_single_vals": [
        [
          27,
          -0.28100000000235587
        ],
        [
          25,
          -0.21318750000001366
        ],
        [
          15,
          -0.04334375010057168
        ]
      ],
      "L_single_best": -0.04334375010057168,
      "L_joint_best": -0.04334375010057168,
      "L_joint_iters": 2,
      "depth": 0,
      "certified": false,
      "split_axis": 1,
      "child1_F": -0.0440371093749997,
      "child2_F": -0.03788476562500015,
      "took_child": 1
    },
    {
      "label": "a_centrald1",
      "lo": [
        0.24375,
        0.24375,
        0.24375,
        0.24375
      ],
      "hi": [
        0.25625,
        0.25,
        0.25625,
        0.25625
      ],
      "B1_max": -0.09271874999999996,
      "B1u_max": -0.06256249999999985,
      "B1diag_max": -0.04396874999999989,
      "F_best": -0.0440371093749997,
      "F_best_W": 15,
      "L_single_vals": [
        [
          27,
          -0.2810000000004176
        ],
        [
          25,
          -0.21318750007286266
        ],
        [
          15,
          -0.0433437500308518
        ]
      ],
      "L_single_best": -0.0433437500308518,
      "L_joint_best": -0.0433437500308518,
      "L_joint_iters": 2,
      "depth": 1,
      "certified": false,
      "split_axis": 2,
      "child1_F": -0.04381249999999988,
      "child2_F": -0.0377187499999997,
      "took_child": 1
    },
    {
      "label": "a_centrald2",
      "lo": [
        0.24375,
        0.24375,
        0.24375,
        0.24375
      ],
      "hi": [
        0.25625,
        0.25,
        0.25,
        0.25625
      ],
      "B1_max": -0.09271874999999996,
      "B1u_max": -0.056156249999999686,
      "B1diag_max": -0.04396874999999989,
      "F_best": -0.04381249999999988,
      "F_best_W": 15,
      "L_single_vals": [
        [
          27,
          -0.28100000000185343
        ],
        [
          25,
          -0.21318750015722543
        ],
        [
          15,
          -0.043343750025794665
        ]
      ],
      "L_single_best": -0.043343750025794665,
      "L_joint_best": -0.043343750025794665,
      "L_joint_iters": 2,
      "depth": 2,
      "certified": false,
      "split_axis": 0,
      "child1_F": -0.03752343750000023,
      "child2_F": -0.043675781249999775,
      "took_child": 2
    },
    {
      "label": "a_centrald3",
      "lo": [
        0.25,
        0.24375,
        0.24375,
        0.24375
      ],
      "hi": [
        0.25625,
        0.25,
        0.25,
        0.25625
      ],
      "B1_max": -0.08053124999999994,
      "B1u_max": -0.056156249999999686,
      "B1diag_max": -0.04381250000000003,
      "F_best": -0.043675781249999775,
      "F_best_W": 15,
      "L_single_vals": [
        [
          27,
          -0.2810000000010092
        ],
        [
          25,
          -0.2131875000000114
        ],
        [
          15,
          -0.043343750027140256
        ]
      ],
      "L_single_best": -0.043343750027140256,
      "L_joint_best": -0.043343750027140256,
      "L_joint_iters": 2,
      "depth": 3,
      "certified": false,
      "split_axis": 3,
      "child1_F": -0.037484374999999646,
      "child2_F": -0.04357812500000002,
      "took_child": 2
    },
    {
      "label": "a_centrald4",
      "lo": [
        0.25,
        0.24375,
        0.24375,
        0.25
      ],
      "hi": [
        0.25625,
        0.25,
        0.25,
        0.25625
      ],
      "B1_max": -0.06818749999999985,
      "B1u_max": -0.056156249999999686,
      "B1diag_max": -0.043500000000000316,
      "F_best": -0.04357812500000002,
      "F_best_W": 15,
      "L_single_vals": [
        [
          27,
          -0.2810000000000063
        ],
        [
          25,
          -0.21318750000002915
        ],
        [
          15,
          -0.043343750009569616
        ]
      ],
      "L_single_best": -0.043343750009569616,
      "L_joint_best": -0.043343750009569616,
      "L_joint_iters": 2,
      "depth": 4,
      "certified": false,
      "split_axis": 1,
      "child1_F": -0.04351708984375007,
      "child2_F": -0.04045556640625012,
      "took_child": 1
    },
    {
      "label": "a_centrald5",
      "lo": [
        0.25,
        0.24375,
        0.24375,
        0.25
      ],
      "hi": [
        0.25625,
        0.246875,
        0.25,
        0.25625
      ],
      "B1_max": -0.06818749999999985,
      "B1u_max": -0.052953124999999934,
      "B1diag_max": -0.043500000000000094,
      "F_best": -0.04351708984375007,
      "F_best_W": 15,
      "L_single_vals": [
        [
          27,
          -0.28100000000454023
        ],
        [
          25,
          -0.21318750000247133
        ],
        [
          15,
          -0.04334375005442292
        ]
      ],
      "L_single_best": -0.04334375005442292,
      "L_joint_best": -0.04334375005442292,
      "L_joint_iters": 2,
      "depth": 5,
      "certified": false,
      "split_axis": 2,
      "child1_F": -0.04346093749999987,
      "child2_F": -0.040414062500000035,
      "took_child": 1
    }
  ],
  "b_offset": [
    {
      "label": "b_offsetd0",
      "lo": [
        0.23124999999999998,
        0.25625000000000003,
        0.25625000000000003,
        0.23124999999999998
      ],
      "hi": [
        0.24375,
        0.26875,
        0.26875,
        0.24375
      ],
      "B1_max": -0.06771874999999983,
      "B1u_max": -0.042718749999999917,
      "B1diag_max": -0.01896874999999998,
      "F_best": -0.01928124999999986,
      "F_best_W": 15,
      "L_single_vals": [
        [
          27,
          -0.2810000000026788
        ],
        [
          25,
          -0.20604464285718246
        ],
        [
          15,
          -0.01834375008888921
        ]
      ],
      "L_single_best": -0.01834375008888921,
      "L_joint_best": -0.01834375008888921,
      "L_joint_iters": 2,
      "depth": 0,
      "certified": false,
      "split_axis": 1,
      "child1_F": -0.0190371093749999,
      "child2_F": -0.012572265624999952,
      "took_child": 1
    },
    {
      "label": "b_offsetd1",
      "lo": [
        0.23124999999999998,
        0.25625000000000003,
        0.25625000000000003,
        0.23124999999999998
      ],
      "hi": [
        0.24375,
        0.2625,
        0.26875,
        0.24375
      ],
      "B1_max": -0.06771874999999983,
      "B1u_max": -0.03662499999999991,
      "B1diag_max": -0.01896874999999998,
      "F_best": -0.0190371093749999,
      "F_best_W": 15,
      "L_single_vals": [
        [
          27,
          -0.28100000000046615
        ],
        [
          25,
          -0.2060446429080133
        ],
        [
          15,
          -0.018343750033010205
        ]
      ],
      "L_single_best": -0.018343750033010205,
      "L_joint_best": -0.018343750033010205,
      "L_joint_iters": 2,
      "depth": 1,
      "certified": false,
      "split_axis": 2,
      "child1_F": -0.018812500000000166,
      "child2_F": -0.012406249999999891,
      "took_child": 1
    },
    {
      "label": "b_offsetd2",
      "lo": [
        0.23124999999999998,
        0.25625000000000003,
        0.25625000000000003,
        0.23124999999999998
      ],
      "hi": [
        0.24375,
        0.2625,
        0.2625,
        0.24375
      ],
      "B1_max": -0.06771874999999983,
      "B1u_max": -0.0305312499999999,
      "B1diag_max": -0.01896874999999998,
      "F_best": -0.018812500000000166,
      "F_best_W": 15,