{
  "cases": [
    {
      "d": 6,
      "S": 12,
      "n_W": 66,
      "cells_tested": 3,
      "E1_maxdiff": 6.661338147750939e-16,
      "E1_inf_disagree": 0,
      "E1_t_base_ms": 2.8476833333722125,
      "E1_t_vec_ms": 0.14557000001029033,
      "E1_speedup": 19.562295343621006,
      "E2_maxdiff_Q": 0.0,
      "E2_maxdiff_g": 2.220446049250313e-16,
      "E2_diff_m": 2.7755575615628914e-17,
      "E2_t_base_us": 30.399500001294655,
      "E2_t_vec_us": 12.667500004681642,
      "E2_speedup": 2.399802643778144,
      "E3_maxdiff": 2.220446049250313e-16,
      "E3_t_base_us": 37.38899999916612,
      "E3_t_vec_us": 11.902500000360305,
      "E3_speedup": 3.1412728416747995,
      "E4_maxdiff": 6.938893903907228e-18,
      "E4_t_base_us": 187.80999998853076,
      "E4_t_vec_us": 2.74800000624964,
      "E4_speedup": 68.34425020429542
    },
    {
      "d": 8,
      "S": 16,
      "n_W": 120,
      "cells_tested": 3,
      "E1_maxdiff": 0.0,
      "E1_inf_disagree": 0,
      "E1_t_base_ms": 5.590539999987717,
      "E1_t_vec_ms": 0.2227800000279482,
      "E1_speedup": 25.094442944996732,
      "E2_maxdiff_Q": 0.0,
      "E2_maxdiff_g": 0.0,
      "E2_diff_m": 0.0,
      "E2_t_base_us": 36.994500005675945,
      "E2_t_vec_us": 16.173000003618654,
      "E2_speedup": 2.2874234834228995,
      "E3_maxdiff": 0.0,
      "E3_t_base_us": 49.242999994021375,
      "E3_t_vec_us": 15.728999997008941,
      "E3_speedup": 3.1307139680453635,
      "E4_maxdiff": 0.0,
      "E4_t_base_us": 437.5879999861354,
      "E4_t_vec_us": 5.157999985385686,
      "E4_speedup": 84.83675867118387
    },
    {
      "d": 10,
      "S": 20,
      "n_W": 190,
      "cells_tested": 3,
      "E1_maxdiff": 6.661338147750939e-16,
      "E1_inf_disagree": 0,
      "E1_t_base_ms": 12.03813666664549,
      "E1_t_vec_ms": 0.3591900000174064,
      "E1_speedup": 33.51467653905209,
      "E2_maxdiff_Q": 0.0,
      "E2_maxdiff_g": 4.440892098500626e-16,
      "E2_diff_m": 2.498001805406602e-16,
      "E2_t_base_us": 41.9294999937847,
      "E2_t_vec_us": 19.047499999942374,
      "E2_speedup": 2.201312507883531,
      "E3_maxdiff": 4.440892098500626e-16,
      "E3_t_base_us": 64.45099999837112,
      "E3_t_vec_us": 18.600000003061723,
      "E3_speedup": 3.465107526223759,
      "E4_maxdiff": 3.469446951953614e-17,
      "E4_t_base_us": 1043.3379999813042,
      "E4_t_vec_us": 16.591999992670026,
      "E4_speedup": 62.88199134777167
    }
  ],
  "lp_min_linear_check_done": true
}