{
  "delta": "69/500",
  "arcsine": {
    "kernel_name": "K1_arcsine",
    "admissible": true,
    "k1": 0.9092765512116033,
    "K2": 4.164492753623188,
    "S1": 87.43521709583737,
    "min_G": 0.9999486594752318,
    "gain_a": 0.07169821192080658,
    "M_cert": 1.274875,
    "M_cert_q": "10199/8000",
    "note": "ok",
    "wall_time": 8.293639659881592
  },
  "multiscale_degenerate": {
    "kernel_name": "K12_multiscale_arc[l1.00_d0.1380]",
    "admissible": true,
    "k1": 0.9092765512116033,
    "K2": 4.164492753623189,
    "S1": 87.43521709583737,
    "min_G": 0.9999486594752318,
    "gain_a": 0.07169821192080658,
    "M_cert": 1.274875,
    "M_cert_q": "10199/8000",
    "note": "ok",
    "wall_time": 6.215368270874023
  },
  "diffs": {
    "k1": 0.0,
    "K2": 8.881784197001252e-16,
    "S1": 0.0,
    "M_cert": 0.0
  },
  "verdict": "CONFIRM",
  "reasons": []
}