{
  "min_w_j_for_j_1_200": 0.0002081737951680412,
  "argmin_j": 147,
  "argmin_xi": 230.4075235109718,
  "arcsine_only_min": 8.538776812079054e-07,
  "arcsine_only_argmin_j": 193,
  "lift_factor": 243.7981455066914,
  "num_w_below_1e-3": 6,
  "num_w_below_1e-4": 0,
  "smallest_w_below_1e-3": [
    [
      45,
      0.0008338657205365043
    ],
    [
      68,
      0.0008987785974159173
    ],
    [
      124,
      0.0006068881035031235
    ],
    [
      147,
      0.0002081737951680412
    ],
    [
      170,
      0.00026076877871235315
    ],
    [
      193,
      0.0005666349682696746
    ]
  ],
  "smallest_w_below_1e-4": [],
  "bochner_min_j_1_500": 4.187415154097119e-05,
  "bochner_argmin_j": 469,
  "bochner_negatives": [],
  "bochner_near_zero_lt_1e-6": [],
  "top10_smallest_qp": [
    [
      147,
      0.0002081737951680412
    ],
    [
      170,
      0.00026076877871235315
    ],
    [
      193,
      0.0005666349682696746
    ],
    [
      124,
      0.0006068881035031235
    ],
    [
      45,
      0.0008338657205365043
    ],
    [
      68,
      0.0008987785974159173
    ],
    [
      198,
      0.001073423312204411
    ],
    [
      197,
      0.001265857260538986
    ],
    [
      174,
      0.0012975133752681275
    ],
    [
      91,
      0.0014779924246516615
    ]
  ]
}