{
  "K_ladder": [
    0,
    16,
    32
  ],
  "stages": [
    {
      "K": 0,
      "n_input": 1,
      "n_calibration": 1,
      "calibration": [
        {
          "K": 0,
          "wall_s": 41.36244487762451,
          "cache_build_s": 0.11460685729980469,
          "verdict": "feas",
          "lambda_star": -4.230495904028503e-06,
          "status": "solsta.optimal",
          "peak_rss_kb": 4784496,
          "peak_rss_gb": 4.56,
          "threads": 16,
          "error": null,
          "hash": "57e58f27bf036d88",
          "lp_val": 0.9999999999999994,
          "src": "split(345b02584d8646a8)",
          "lo_int": [
            0,
            0,
            0,
            0,
            0,
            0,
            0,
            0,
            0,
            0,
            0,
            0,
            0,
            0,
            0,
            0,
            0,
            0,
            0,
            0,
            0,
            0
          ],
          "hi_int": [
            576460752303423488,
            1152921504606846976,
            1152921504606846976,
            1152921504606846976,
            576460752303423488,
            576460752303423488,
            576460752303423488,
            576460752303423488,
            576460752303423488,
            576460752303423488,
            576460752303423488,
            576460752303423488,
            576460752303423488,
            576460752303423488,
            576460752303423488,
            576460752303423488,
            576460752303423488,
            576460752303423488,
            576460752303423488,
            576460752303423488,
            576460752303423488,
            576460752303423488
          ],
          "depth": 18,
          "volume": 1.9073486328125e-06,
          "iters_survived": 2
        }
      ],
      "max_rss_gb_observed": 4.56,
      "n_parallel": 48,
      "threads_per_proc": 4,
      "available_ram_gb_at_start": 749.785701751709,
      "n_cert": 0,
      "n_fail": 1,
      "n_exception": 0,
      "sweep_wall_s": 0.0,
      "avg_solve_s": 41.36244487762451
    },
    {
      "K": 16,
      "n_input": 1,
      "n_calibration": 1,
      "calibration": [
        {
          "K": 16,
          "wall_s": 59.75253176689148,
          "cache_build_s": 0.11371588706970215,
          "verdict": "feas",
          "lambda_star": -6.137604262485336e-07,
          "status": "solsta.optimal",
          "peak_rss_kb": 15863996,
          "peak_rss_gb": 15.13,
          "threads": 16,
          "error": null,
          "hash": "57e58f27bf036d88",
          "lp_val": 0.9999999999999994,
          "src": "split(345b02584d8646a8)",
          "lo_int": [
            0,
            0,
            0,
            0,
            0,
            0,
            0,
            0,
            0,
            0,
            0,
            0,
            0,
            0,
            0,
            0,
            0,
            0,
            0,
            0,
            0,
            0
          ],
          "hi_int": [
            576460752303423488,
            1152921504606846976,
            1152921504606846976,
            1152921504606846976,
            576460752303423488,
            576460752303423488,
            576460752303423488,
            576460752303423488,
            576460752303423488,
            576460752303423488,
            576460752303423488,
            576460752303423488,
            576460752303423488,
            576460752303423488,
            576460752303423488,
            576460752303423488,
            576460752303423488,
            576460752303423488,
            576460752303423488,
            576460752303423488,
            576460752303423488,
            576460752303423488
          ],
          "depth": 18,
          "volume": 1.9073486328125e-06,
          "iters_survived": 2
        }
      ],
      "max_rss_gb_observed": 15.13,
      "n_parallel": 28,
      "threads_per_proc": 6,
      "available_ram_gb_at_start": 749.7771987915039,
      "n_cert": 0,
      "n_fail": 1,
      "n_exception": 0,
      "sweep_wall_s": 0.0,
      "avg_solve_s": 59.75253176689148
    },
    {
      "K": 32,
      "n_input": 1,
      "n_calibration": 1,
      "calibration": [
        {
          "K": 32,
          "wall_s": 88.99472427368164,
          "cache_build_s": 0.11422610282897949,
          "verdict": "feas",
          "lambda_star": -3.955795257912947e-08,
          "status": "solsta.optimal",
          "peak_rss_kb": 40300300,
          "peak_rss_gb": 38.43,
          "threads": 16,
          "error": null,
          "hash": "57e58f27bf036d88",
          "lp_val": 0.9999999999999994,
          "src": "split(345b02584d8646a8)",
          "lo_int": [
            0,
            0,
            0,
            0,
            0,
            0,
            0,
            0,
            0,
            0,
            0,
            0,
            0,
            0,
            0,
            0,
            0,
            0,
            0,
            0,
            0,
            0
          ],
          "hi_int": [
            576460752303423488,
            1152921504606846976,
            1152921504606846976,
            1152921504606846976,
            576460752303423488,
            576460752303423488,
            576460752303423488,
            576460752303423488,
            576460752303423488,
            576460752303423488,
            576460752303423488,
            576460752303423488,
            576460752303423488,
            576460752303423488,
            576460752303423488,
            576460752303423488,
            576460752303423488,
            576460752303423488,
            576460752303423488,
            576460752303423488,
            576460752303423488,
            576460752303423488
          ],
          "depth": 18,
          "volume": 1.9073486328125e-06,
          "iters_survived": 2
        }
      ],
      "max_rss_gb_observed": 38.43,
      "n_parallel": 11,
      "threads_per_proc": 17,
      "available_ram_gb_at_start": 749.7562828063965,
      "n_cert": 0,
      "n_fail": 1,
      "n_exception": 0,
      "sweep_wall_s": 0.0,
      "avg_solve_s": 88.99472427368164
    }
  ],
  "final_survivors": [
    {
      "hash": "57e58f27bf036d88",
      "lo_int": [
        0,
        0,
        0,
        0,
        0,
        0,
        0,
        0,
        0,
        0,
        0,
        0,
        0,
        0,
        0,
        0,
        0,
        0,
        0,
        0,
        0,
        0
      ],
      "hi_int": [
        576460752303423488,
        1152921504606846976,
        1152921504606846976,
        1152921504606846976,
        576460752303423488,
        576460752303423488,
        576460752303423488,
        576460752303423488,
        576460752303423488,
        576460752303423488,
        576460752303423488,
        576460752303423488,
        576460752303423488,
        576460752303423488,
        576460752303423488,
        576460752303423488,
        576460752303423488,
        576460752303423488,
        576460752303423488,
        576460752303423488,
        576460752303423488,
        576460752303423488
      ],
      "depth": 18,
      "volume": 1.9073486328125e-06,
      "lp_val": 0.9999999999999994,
      "src": "split(345b02584d8646a8)",
      "iters_survived": 2
    }
  ],
  "total_input": 1,
  "total_cert": 0,
  "total_wall_s": 191.00517868995667,
  "n_final_survivors": 1
}