{
  "K": 16,
  "n_input": 1,
  "n_calibration": 1,
  "calibration": [
    {
      "K": 16,
      "wall_s": 64.82522940635681,
      "cache_build_s": 0.11973810195922852,
      "verdict": "feas",
      "lambda_star": -5.592463484963235e-08,
      "status": "solsta.optimal",
      "peak_rss_kb": 26897052,
      "peak_rss_gb": 25.65,
      "threads": 16,
      "error": null,
      "hash": "69700699b76079a3",
      "lp_val": 0.9999999999999998,
      "src": "split(57e58f27bf036d88)",
      "lo_int": [
        0,
        0,
        0,
        0,
        0,
        0,
        0,
        0,
        0,
        0,
        0,
        0,
        0,
        0,
        0,
        0,
        0,
        0,
        0,
        0,
        0,
        0
      ],
      "hi_int": [
        576460752303423488,
        576460752303423488,
        576460752303423488,
        576460752303423488,
        576460752303423488,
        576460752303423488,
        576460752303423488,
        576460752303423488,
        576460752303423488,
        576460752303423488,
        576460752303423488,
        576460752303423488,
        576460752303423488,
        576460752303423488,
        576460752303423488,
        576460752303423488,
        288230376151711744,
        288230376151711744,
        288230376151711744,
        288230376151711744,
        288230376151711744,
        288230376151711744
      ],
      "depth": 27,
      "volume": 3.725290298461914e-09,
      "iters_survived": 3
    }
  ],
  "max_rss_gb_observed": 25.65,
  "n_parallel": 16,
  "threads_per_proc": 12,
  "available_ram_gb_at_start": 749.7785987854004,
  "n_cert": 0,
  "n_fail": 1,
  "n_exception": 0,
  "sweep_wall_s": 0.0,
  "avg_solve_s": 64.82522940635681,
  "n_survivors_for_next_stage": 1
}