{
  "K": 0,
  "n_calibration": 2,
  "calibration_results": [
    {
      "K": 0,
      "wall_s": 39.38909363746643,
      "cache_build_s": 0.11644363403320312,
      "verdict": "feas",
      "lambda_star": -1.0293122625689872e-05,
      "status": "solsta.optimal",
      "peak_rss_kb": 4788736,
      "peak_rss_gb": 4.57,
      "threads": 16,
      "error": null,
      "hash": "331804c3667c20d1",
      "lp_val": 1.007267441860465,
      "src": "split(ad4d8f586b6dbd0b)",
      "lo_int": [
        0,
        0,
        0,
        0,
        0,
        0,
        0,
        0,
        0,
        0,
        0,
        0,
        0,
        0,
        0,
        0,
        0,
        0,
        0,
        0,
        0,
        0
      ],
      "hi_int": [
        288230376151711744,
        288230376151711744,
        288230376151711744,
        288230376151711744,
        288230376151711744,
        288230376151711744,
        288230376151711744,
        288230376151711744,
        288230376151711744,
        288230376151711744,
        288230376151711744,
        144115188075855872,
        144115188075855872,
        144115188075855872,
        144115188075855872,
        144115188075855872,
        144115188075855872,
        144115188075855872,
        144115188075855872,
        144115188075855872,
        144115188075855872,
        144115188075855872
      ],
      "depth": 54,
      "volume": 2.7755575615628914e-17,
      "iters_survived": 6
    },
    {
      "K": 0,
      "wall_s": 38.13443112373352,
      "cache_build_s": 0.11677956581115723,
      "verdict": "feas",
      "lambda_star": -4.175313597457124e-06,
      "status": "solsta.optimal",
      "peak_rss_kb": 4788736,
      "peak_rss_gb": 4.57,
      "threads": 16,
      "error": null,
      "hash": "f9149b78b276d93b",
      "lp_val": 1.007267441860465,
      "src": "split(ad4d8f586b6dbd0b)",
      "lo_int": [
        0,
        0,
        0,
        0,
        0,
        0,
        0,
        0,
        0,
        0,
        0,
        144115188075855872,
        0,
        0,
        0,
        0,
        0,
        0,
        0,
        0,
        0,
        0
      ],
      "hi_int": [
        288230376151711744,
        288230376151711744,
        288230376151711744,
        288230376151711744,
        288230376151711744,
        288230376151711744,
        288230376151711744,
        288230376151711744,
        288230376151711744,
        288230376151711744,
        288230376151711744,
        288230376151711744,
        144115188075855872,
        144115188075855872,
        144115188075855872,
        144115188075855872,
        144115188075855872,
        144115188075855872,
        144115188075855872,
        144115188075855872,
        144115188075855872,
        144115188075855872
      ],
      "depth": 54,
      "volume": 2.7755575615628914e-17,
      "iters_survived": 6
    }
  ],
  "max_rss_gb_calib": 4.57,
  "avg_calib_wall_s": 38.761762380599976,
  "available_ram_gb": 749.729850769043,
  "usable_ram_gb": 562.2973880767822,
  "rss_with_safety_gb": 5.941000000000001,
  "n_parallel_by_ram": 94,
  "n_parallel_by_cores": 48,
  "n_parallel_chosen": 48,
  "threads_per_proc": 4,
  "headroom_frac": 0.25,
  "rss_safety_factor": 1.3,
  "min_threads_per_proc": 4,
  "max_threads_per_proc": 48
}