{
  "K": 32,
  "n_calibration": 2,
  "calibration_results": [
    {
      "K": 32,
      "wall_s": 100.38262844085693,
      "cache_build_s": 0.1186375617980957,
      "verdict": "feas",
      "lambda_star": -4.121437330446847e-07,
      "status": "solsta.optimal",
      "peak_rss_kb": 47371660,
      "peak_rss_gb": 45.18,
      "threads": 16,
      "error": null,
      "hash": "ad4d8f586b6dbd0b",
      "lp_val": 1.0072674418604655,
      "src": "split(8d60cce87ab6b1c1)",
      "lo_int": [
        0,
        0,
        0,
        0,
        0,
        0,
        0,
        0,
        0,
        0,
        0,
        0,
        0,
        0,
        0,
        0,
        0,
        0,
        0,
        0,
        0,
        0
      ],
      "hi_int": [
        288230376151711744,
        288230376151711744,
        288230376151711744,
        288230376151711744,
        288230376151711744,
        288230376151711744,
        288230376151711744,
        288230376151711744,
        288230376151711744,
        288230376151711744,
        288230376151711744,
        288230376151711744,
        288230376151711744,
        288230376151711744,
        288230376151711744,
        288230376151711744,
        288230376151711744,
        288230376151711744,
        288230376151711744,
        288230376151711744,
        144115188075855872,
        144115188075855872
      ],
      "depth": 45,
      "volume": 1.4210854715202004e-14,
      "iters_survived": 5
    },
    {
      "K": 32,
      "wall_s": 116.5622832775116,
      "cache_build_s": 0.11669540405273438,
      "verdict": "feas",
      "lambda_star": -7.762868192848718e-07,
      "status": "solsta.optimal",
      "peak_rss_kb": 48028812,
      "peak_rss_gb": 45.8,
      "threads": 16,
      "error": null,
      "hash": "12fcabc1c81348e3",
      "lp_val": 1.00736993589464,
      "src": "split(8d60cce87ab6b1c1)",
      "lo_int": [
        0,
        0,
        0,
        0,
        0,
        0,
        0,
        0,
        0,
        0,
        0,
        0,
        0,
        0,
        0,
        0,
        0,
        0,
        0,
        0,
        144115188075855872,
        0
      ],
      "hi_int": [
        288230376151711744,
        288230376151711744,
        288230376151711744,
        288230376151711744,
        288230376151711744,
        288230376151711744,
        288230376151711744,
        288230376151711744,
        288230376151711744,
        288230376151711744,
        288230376151711744,
        288230376151711744,
        288230376151711744,
        288230376151711744,
        288230376151711744,
        288230376151711744,
        288230376151711744,
        288230376151711744,
        288230376151711744,
        288230376151711744,
        288230376151711744,
        144115188075855872
      ],
      "depth": 45,
      "volume": 1.4210854715202004e-14,
      "iters_survived": 5
    }
  ],
  "max_rss_gb_calib": 45.8,
  "avg_calib_wall_s": 108.47245585918427,
  "available_ram_gb": 749.7279090881348,
  "usable_ram_gb": 562.2959318161011,
  "rss_with_safety_gb": 59.54,
  "n_parallel_by_ram": 9,
  "n_parallel_by_cores": 48,
  "n_parallel_chosen": 9,
  "threads_per_proc": 21,
  "headroom_frac": 0.25,
  "rss_safety_factor": 1.3,
  "min_threads_per_proc": 4,
  "max_threads_per_proc": 48
}