{
  "K3": {
    "best_M": 1.6150495677287031,
    "params": [
      0.23443198416621333,
      0.08523976922480614,
      -0.18770767976721733,
      -4.987558476972921,
      -2.8134190776187458,
      -2.813733692956786,
      0.4424087725929442,
      1.557221764363952,
      1.0822641455062323
    ],
    "describe": {
      "M": 1.6150495677287027,
      "K_l2sq": 3.2348838322872244,
      "integral": 1.0,
      "asymmetry": 0.9969160308043431,
      "n_peaks": 3,
      "peaks": [
        [
          -0.18775,
          2.235789366199829
        ],
        [
          0.08524999999999999,
          3.5937851434008308
        ],
        [
          0.234375,
          10.529109992297421
        ]
      ]
    },
    "verify": {
      "M_fine": 1.6148423381770163,
      "K_fine": 3.234768667572144,
      "NX_fine": 16001,
      "integral_fine": 1.0000336518920343
    }
  },
  "K5": {
    "best_M": 1.5772762881585878,
    "params": [
      -0.13320263812586025,
      0.18660976462116938,
      -0.23485199139371657,
      0.01260086522372086,
      0.06888307109807584,
      -3.8820666248878917,
      -2.8134107167600364,
      -4.647547480795934,
      -3.456143407986053,
      -3.191536963369492,
      -0.8557120056779147,
      0.3122364671995244,
      0.013708133326231648,
      -0.2081524304662509,
      -0.005029939879402557
    ],
    "describe": {
      "M": 1.5772762881585878,
      "K_l2sq": 3.4065499945919084,
      "integral": 0.9999999999999999,
      "asymmetry": 1.0777453679072564,
      "n_peaks": 4,
      "peaks": [
        [
          -0.234875,
          9.687041747397068
        ],
        [
          -0.13324999999999998,
          1.8887651303610802
        ],
        [
          0.030125000000000013,
          3.511232508882938
        ],
        [
          0.18012500000000004,
          2.130683146881946
        ]
      ]
    },
    "verify": {
      "M_fine": 1.5772142496021606,
      "K_fine": 3.4061204250287584,
      "NX_fine": 16001,
      "integral_fine": 1.0000620720405986
    }
  },
  "K10": {
    "best_M": 1.5707282544540113,
    "params": [
      -0.08111222948688634,
      -0.235,
      0.12189781219286168,
      0.234612047206384,
      0.013787186947211266,
      -0.140183309777887,
      0.20020770788695003,
      0.04659341090885674,
      -0.235,
      0.07435089494840781,
      -2.9678810474654695,
      -3.10092593678701,
      -3.076903326907908,
      -3.012178985267891,
      -4.55737334044526,
      -3.562979649243108,
      -2.8134863728507433,
      -3.9236962384496286,
      -3.919092462290234,
      -3.413005819143428,
      -0.02236956957101281,
      0.41872488690562376,
      0.4068750695255583,
      0.002102877267198283,
      0.16734702311609767,
      -1.5326603285801494,
      0.43581940437795436,
      -0.38568732501665975,
      0.5763206185072379,
      0.23403732764991017
    ],
    "describe": {
      "M": 1.5707282544540113,
      "K_l2sq": 2.764162473659105,
      "integral": 1.0,
      "asymmetry": 0.9728356773815993,
      "n_peaks": 4,
      "peaks": [
        [
          -0.234875,
          4.926541245096591
        ],
        [
          -0.12425,
          0.8574674544242847
        ],
        [
          0.015000000000000013,
          5.374327148171682
        ],
        [
          0.05912499999999998,
          3.0938696871195903
        ]
      ]
    },
    "verify": {
      "M_fine": 1.5701607260710033,
      "K_fine": 2.763317629211136,
      "NX_fine": 16001,
      "integral_fine": 1.000085778752584
    }
  }
}