{
  "worker_id": 1,
  "hash": "004894eb65e86a4a",
  "src": "split(ad4d8f586b6dbd0b)",
  "lo_int": [
    0,
    0,
    0,
    0,
    0,
    0,
    0,
    0,
    0,
    0,
    0,
    0,
    0,
    0,
    0,
    0,
    144115188075855872,
    0,
    144115188075855872,
    0,
    0,
    0
  ],
  "hi_int": [
    288230376151711744,
    288230376151711744,
    288230376151711744,
    288230376151711744,
    288230376151711744,
    288230376151711744,
    288230376151711744,
    288230376151711744,
    288230376151711744,
    288230376151711744,
    288230376151711744,
    144115188075855872,
    144115188075855872,
    144115188075855872,
    144115188075855872,
    144115188075855872,
    288230376151711744,
    144115188075855872,
    288230376151711744,
    144115188075855872,
    144115188075855872,
    144115188075855872
  ],
  "depth": 54,
  "volume": 2.7755575615628914e-17,
  "lp_val": 1.0281899109792283,
  "iters_survived": 6,
  "K": 16,
  "wall_s": 102.649005651474,
  "verdict": "feas",
  "lambda_star": -1.6885673427672498e-06,
  "status": "solsta.optimal",
  "peak_rss_kb": 61601716,
  "peak_rss_gb": 58.75,
  "threads": 14,
  "error": null
}