{
  "worker_id": 0,
  "hash": "01162ac09b7ef01c",
  "src": "split(ad4d8f586b6dbd0b)",
  "lo_int": [
    0,
    0,
    0,
    0,
    0,
    0,
    0,
    0,
    0,
    0,
    0,
    144115188075855872,
    0,
    0,
    0,
    0,
    0,
    144115188075855872,
    0,
    0,
    0,
    0
  ],
  "hi_int": [
    288230376151711744,
    288230376151711744,
    288230376151711744,
    288230376151711744,
    288230376151711744,
    288230376151711744,
    288230376151711744,
    288230376151711744,
    288230376151711744,
    288230376151711744,
    288230376151711744,
    288230376151711744,
    144115188075855872,
    144115188075855872,
    144115188075855872,
    144115188075855872,
    144115188075855872,
    288230376151711744,
    144115188075855872,
    144115188075855872,
    144115188075855872,
    144115188075855872
  ],
  "depth": 54,
  "volume": 2.7755575615628914e-17,
  "lp_val": 1.0143319519403753,
  "iters_survived": 6,
  "K": 16,
  "wall_s": 95.38684439659119,
  "verdict": "feas",
  "lambda_star": -2.3173436109817716e-06,
  "status": "solsta.optimal",
  "peak_rss_kb": 60770808,
  "peak_rss_gb": 57.96,
  "threads": 14,
  "error": null
}