{
  "worker_id": 8,
  "hash": "07a8c46c847466b6",
  "src": "split(12fcabc1c81348e3)",
  "lo_int": [
    0,
    0,
    0,
    0,
    0,
    0,
    0,
    0,
    0,
    0,
    0,
    0,
    0,
    144115188075855872,
    0,
    0,
    0,
    0,
    144115188075855872,
    0,
    144115188075855872,
    0
  ],
  "hi_int": [
    288230376151711744,
    288230376151711744,
    288230376151711744,
    288230376151711744,
    288230376151711744,
    288230376151711744,
    288230376151711744,
    288230376151711744,
    288230376151711744,
    288230376151711744,
    288230376151711744,
    144115188075855872,
    144115188075855872,
    288230376151711744,
    144115188075855872,
    144115188075855872,
    144115188075855872,
    144115188075855872,
    288230376151711744,
    144115188075855872,
    288230376151711744,
    144115188075855872
  ],
  "depth": 54,
  "volume": 2.7755575615628914e-17,
  "lp_val": 1.0900457005048085,
  "iters_survived": 6,
  "K": 16,
  "wall_s": 107.12490367889404,
  "verdict": "feas",
  "lambda_star": -3.923177105213728e-07,
  "status": "solsta.optimal",
  "peak_rss_kb": 67864268,
  "peak_rss_gb": 64.72,
  "threads": 14,
  "error": null
}