{
  "worker_id": 1,
  "hash": "07ca2b75e0788be8",
  "src": "split(ad4d8f586b6dbd0b)",
  "lo_int": [
    0,
    0,
    0,
    0,
    0,
    0,
    0,
    0,
    0,
    0,
    0,
    0,
    144115188075855872,
    0,
    0,
    144115188075855872,
    0,
    0,
    144115188075855872,
    0,
    0,
    0
  ],
  "hi_int": [
    288230376151711744,
    288230376151711744,
    288230376151711744,
    288230376151711744,
    288230376151711744,
    288230376151711744,
    288230376151711744,
    288230376151711744,
    288230376151711744,
    288230376151711744,
    288230376151711744,
    144115188075855872,
    288230376151711744,
    144115188075855872,
    144115188075855872,
    288230376151711744,
    144115188075855872,
    144115188075855872,
    288230376151711744,
    144115188075855872,
    144115188075855872,
    144115188075855872
  ],
  "depth": 54,
  "volume": 2.7755575615628914e-17,
  "lp_val": 1.0756216678989767,
  "iters_survived": 6,
  "K": 16,
  "wall_s": 109.43940234184265,
  "verdict": "feas",
  "lambda_star": -2.2086403449240085e-06,
  "status": "solsta.optimal",
  "peak_rss_kb": 58725092,
  "peak_rss_gb": 56.0,
  "threads": 14,
  "error": null
}