{
  "worker_id": 3,
  "hash": "08c6bafc8be01a7f",
  "src": "split(15d4e341ea7c9e0f)",
  "lo_int": [
    0,
    0,
    0,
    0,
    0,
    0,
    0,
    0,
    0,
    0,
    0,
    144115188075855872,
    0,
    0,
    0,
    0,
    0,
    144115188075855872,
    0,
    0,
    144115188075855872,
    144115188075855872
  ],
  "hi_int": [
    288230376151711744,
    288230376151711744,
    288230376151711744,
    288230376151711744,
    288230376151711744,
    288230376151711744,
    288230376151711744,
    288230376151711744,
    288230376151711744,
    288230376151711744,
    288230376151711744,
    288230376151711744,
    144115188075855872,
    144115188075855872,
    144115188075855872,
    144115188075855872,
    144115188075855872,
    288230376151711744,
    144115188075855872,
    144115188075855872,
    288230376151711744,
    288230376151711744
  ],
  "depth": 54,
  "volume": 2.7755575615628914e-17,
  "lp_val": 1.1894718309859154,
  "iters_survived": 6,
  "K": 16,
  "wall_s": 145.85922598838806,
  "verdict": "infeas",
  "lambda_star": 0.9999999979727081,
  "status": "solsta.optimal",
  "peak_rss_kb": 67157992,
  "peak_rss_gb": 64.05,
  "threads": 14,
  "error": null
}