{
  "worker_id": 0,
  "hash": "0c6519e19ecd0d85",
  "src": "split(12fcabc1c81348e3)",
  "lo_int": [
    0,
    0,
    0,
    0,
    0,
    0,
    0,
    0,
    0,
    0,
    0,
    0,
    144115188075855872,
    144115188075855872,
    0,
    144115188075855872,
    0,
    0,
    0,
    0,
    144115188075855872,
    0
  ],
  "hi_int": [
    288230376151711744,
    288230376151711744,
    288230376151711744,
    288230376151711744,
    288230376151711744,
    288230376151711744,
    288230376151711744,
    288230376151711744,
    288230376151711744,
    288230376151711744,
    288230376151711744,
    144115188075855872,
    288230376151711744,
    288230376151711744,
    144115188075855872,
    288230376151711744,
    144115188075855872,
    144115188075855872,
    144115188075855872,
    144115188075855872,
    288230376151711744,
    144115188075855872
  ],
  "depth": 54,
  "volume": 2.7755575615628914e-17,
  "lp_val": 1.2572418136020156,
  "iters_survived": 6,
  "K": 16,
  "wall_s": 129.27855396270752,
  "verdict": "infeas",
  "lambda_star": 0.9999999999737029,
  "status": "solsta.optimal",
  "peak_rss_kb": 64922780,
  "peak_rss_gb": 61.92,
  "threads": 14,
  "error": null
}