{
  "worker_id": 6,
  "hash": "0ddab062af0dbaea",
  "src": "split(ad4d8f586b6dbd0b)",
  "lo_int": [
    0,
    0,
    0,
    0,
    0,
    0,
    0,
    0,
    0,
    0,
    0,
    0,
    0,
    144115188075855872,
    0,
    0,
    0,
    0,
    0,
    144115188075855872,
    0,
    0
  ],
  "hi_int": [
    288230376151711744,
    288230376151711744,
    288230376151711744,
    288230376151711744,
    288230376151711744,
    288230376151711744,
    288230376151711744,
    288230376151711744,
    288230376151711744,
    288230376151711744,
    288230376151711744,
    144115188075855872,
    144115188075855872,
    288230376151711744,
    144115188075855872,
    144115188075855872,
    144115188075855872,
    144115188075855872,
    144115188075855872,
    288230376151711744,
    144115188075855872,
    144115188075855872
  ],
  "depth": 54,
  "volume": 2.7755575615628914e-17,
  "lp_val": 1.0158026747020559,
  "iters_survived": 6,
  "K": 16,
  "wall_s": 109.25758934020996,
  "verdict": "feas",
  "lambda_star": -1.772764604518455e-06,
  "status": "solsta.optimal",
  "peak_rss_kb": 68011052,
  "peak_rss_gb": 64.86,
  "threads": 14,
  "error": null
}