{
  "worker_id": 2,
  "hash": "0e7ea9986e08d8cc",
  "src": "split(ad4d8f586b6dbd0b)",
  "lo_int": [
    0,
    0,
    0,
    0,
    0,
    0,
    0,
    0,
    0,
    0,
    0,
    0,
    0,
    144115188075855872,
    144115188075855872,
    0,
    144115188075855872,
    0,
    0,
    0,
    0,
    0
  ],
  "hi_int": [
    288230376151711744,
    288230376151711744,
    288230376151711744,
    288230376151711744,
    288230376151711744,
    288230376151711744,
    288230376151711744,
    288230376151711744,
    288230376151711744,
    288230376151711744,
    288230376151711744,
    144115188075855872,
    144115188075855872,
    288230376151711744,
    288230376151711744,
    144115188075855872,
    288230376151711744,
    144115188075855872,
    144115188075855872,
    144115188075855872,
    144115188075855872,
    144115188075855872
  ],
  "depth": 54,
  "volume": 2.7755575615628914e-17,
  "lp_val": 1.1302150231522679,
  "iters_survived": 6,
  "K": 16,
  "wall_s": 128.54920363426208,
  "verdict": "infeas",
  "lambda_star": 0.999999657413475,
  "status": "solsta.optimal",
  "peak_rss_kb": 37082516,
  "peak_rss_gb": 35.36,
  "threads": 14,
  "error": null
}