{
  "worker_id": 3,
  "hash": "11355b4d48b713c5",
  "src": "split(12fcabc1c81348e3)",
  "lo_int": [
    0,
    0,
    0,
    0,
    0,
    0,
    0,
    0,
    0,
    0,
    0,
    144115188075855872,
    0,
    0,
    0,
    0,
    0,
    144115188075855872,
    0,
    144115188075855872,
    144115188075855872,
    0
  ],
  "hi_int": [
    288230376151711744,
    288230376151711744,
    288230376151711744,
    288230376151711744,
    288230376151711744,
    288230376151711744,
    288230376151711744,
    288230376151711744,
    288230376151711744,
    288230376151711744,
    288230376151711744,
    288230376151711744,
    144115188075855872,
    144115188075855872,
    144115188075855872,
    144115188075855872,
    144115188075855872,
    288230376151711744,
    144115188075855872,
    288230376151711744,
    288230376151711744,
    144115188075855872
  ],
  "depth": 54,
  "volume": 2.7755575615628914e-17,
  "lp_val": 1.2236626357860219,
  "iters_survived": 6,
  "K": 16,
  "wall_s": 146.94807314872742,
  "verdict": "infeas",
  "lambda_star": 1.000000000000053,
  "status": "solsta.optimal",
  "peak_rss_kb": 67157992,
  "peak_rss_gb": 64.05,
  "threads": 14,
  "error": null
}