{
  "worker_id": 4,
  "hash": "12da0dfaa8fb3458",
  "src": "split(ad4d8f586b6dbd0b)",
  "lo_int": [
    0,
    0,
    0,
    0,
    0,
    0,
    0,
    0,
    0,
    0,
    0,
    0,
    144115188075855872,
    0,
    0,
    144115188075855872,
    0,
    0,
    0,
    0,
    0,
    0
  ],
  "hi_int": [
    288230376151711744,
    288230376151711744,
    288230376151711744,
    288230376151711744,
    288230376151711744,
    288230376151711744,
    288230376151711744,
    288230376151711744,
    288230376151711744,
    288230376151711744,
    288230376151711744,
    144115188075855872,
    288230376151711744,
    144115188075855872,
    144115188075855872,
    288230376151711744,
    144115188075855872,
    144115188075855872,
    144115188075855872,
    144115188075855872,
    144115188075855872,
    144115188075855872
  ],
  "depth": 54,
  "volume": 2.7755575615628914e-17,
  "lp_val": 1.016241227252966,
  "iters_survived": 6,
  "K": 16,
  "wall_s": 100.17409563064575,
  "verdict": "feas",
  "lambda_star": -5.483234238086885e-07,
  "status": "solsta.optimal",
  "peak_rss_kb": 42948368,
  "peak_rss_gb": 40.96,
  "threads": 14,
  "error": null
}