{
  "worker_id": 1,
  "hash": "1609f4b02fb46981",
  "src": "split(15d4e341ea7c9e0f)",
  "lo_int": [
    0,
    0,
    0,
    0,
    0,
    0,
    0,
    0,
    0,
    0,
    0,
    0,
    0,
    144115188075855872,
    0,
    0,
    0,
    0,
    0,
    144115188075855872,
    144115188075855872,
    144115188075855872
  ],
  "hi_int": [
    288230376151711744,
    288230376151711744,
    288230376151711744,
    288230376151711744,
    288230376151711744,
    288230376151711744,
    288230376151711744,
    288230376151711744,
    288230376151711744,
    288230376151711744,
    288230376151711744,
    144115188075855872,
    144115188075855872,
    288230376151711744,
    144115188075855872,
    144115188075855872,
    144115188075855872,
    144115188075855872,
    144115188075855872,
    288230376151711744,
    288230376151711744,
    288230376151711744
  ],
  "depth": 54,
  "volume": 2.7755575615628914e-17,
  "lp_val": 1.2388075010165112,
  "iters_survived": 6,
  "K": 16,
  "wall_s": 144.3739824295044,
  "verdict": "infeas",
  "lambda_star": 0.9999547568097731,
  "status": "solsta.optimal",
  "peak_rss_kb": 67961232,
  "peak_rss_gb": 64.81,
  "threads": 14,
  "error": null
}