{
  "worker_id": 6,
  "hash": "17ae4b7f2a6274fd",
  "src": "split(ad4d8f586b6dbd0b)",
  "lo_int": [
    0,
    0,
    0,
    0,
    0,
    0,
    0,
    0,
    0,
    0,
    0,
    0,
    0,
    0,
    144115188075855872,
    0,
    144115188075855872,
    0,
    144115188075855872,
    0,
    0,
    0
  ],
  "hi_int": [
    288230376151711744,
    288230376151711744,
    288230376151711744,
    288230376151711744,
    288230376151711744,
    288230376151711744,
    288230376151711744,
    288230376151711744,
    288230376151711744,
    288230376151711744,
    288230376151711744,
    144115188075855872,
    144115188075855872,
    144115188075855872,
    288230376151711744,
    144115188075855872,
    288230376151711744,
    144115188075855872,
    288230376151711744,
    144115188075855872,
    144115188075855872,
    144115188075855872
  ],
  "depth": 54,
  "volume": 2.7755575615628914e-17,
  "lp_val": 1.1360723576821063,
  "iters_survived": 6,
  "K": 16,
  "wall_s": 104.8678252696991,
  "verdict": "feas",
  "lambda_star": -6.872301121993684e-07,
  "status": "solsta.optimal",
  "peak_rss_kb": 64554512,
  "peak_rss_gb": 61.56,
  "threads": 14,
  "error": null
}