{
  "worker_id": 9,
  "hash": "1a2960eab15570e3",
  "src": "split(ad4d8f586b6dbd0b)",
  "lo_int": [
    0,
    0,
    0,
    0,
    0,
    0,
    0,
    0,
    0,
    0,
    0,
    0,
    144115188075855872,
    144115188075855872,
    0,
    0,
    0,
    144115188075855872,
    0,
    0,
    0,
    0
  ],
  "hi_int": [
    288230376151711744,
    288230376151711744,
    288230376151711744,
    288230376151711744,
    288230376151711744,
    288230376151711744,
    288230376151711744,
    288230376151711744,
    288230376151711744,
    288230376151711744,
    288230376151711744,
    144115188075855872,
    288230376151711744,
    288230376151711744,
    144115188075855872,
    144115188075855872,
    144115188075855872,
    288230376151711744,
    144115188075855872,
    144115188075855872,
    144115188075855872,
    144115188075855872
  ],
  "depth": 54,
  "volume": 2.7755575615628914e-17,
  "lp_val": 1.1057822184868906,
  "iters_survived": 6,
  "K": 16,
  "wall_s": 119.97351169586182,
  "verdict": "feas",
  "lambda_star": -1.7783924979056048e-06,
  "status": "solsta.optimal",
  "peak_rss_kb": 41654676,
  "peak_rss_gb": 39.72,
  "threads": 14,
  "error": null
}