{
  "worker_id": 2,
  "hash": "1b1ff06fb24a1295",
  "src": "split(12fcabc1c81348e3)",
  "lo_int": [
    0,
    0,
    0,
    0,
    0,
    0,
    0,
    0,
    0,
    0,
    0,
    0,
    0,
    144115188075855872,
    0,
    0,
    144115188075855872,
    0,
    0,
    144115188075855872,
    144115188075855872,
    0
  ],
  "hi_int": [
    288230376151711744,
    288230376151711744,
    288230376151711744,
    288230376151711744,
    288230376151711744,
    288230376151711744,
    288230376151711744,
    288230376151711744,
    288230376151711744,
    288230376151711744,
    288230376151711744,
    144115188075855872,
    144115188075855872,
    288230376151711744,
    144115188075855872,
    144115188075855872,
    288230376151711744,
    144115188075855872,
    144115188075855872,
    288230376151711744,
    288230376151711744,
    144115188075855872
  ],
  "depth": 54,
  "volume": 2.7755575615628914e-17,
  "lp_val": 1.2362673186634068,
  "iters_survived": 6,
  "K": 16,
  "wall_s": 144.11704063415527,
  "verdict": "infeas",
  "lambda_star": 0.9999999999849911,
  "status": "solsta.optimal",
  "peak_rss_kb": 69448756,
  "peak_rss_gb": 66.23,
  "threads": 14,
  "error": null
}