{
  "worker_id": 2,
  "hash": "1c35351996010ffa",
  "src": "split(ad4d8f586b6dbd0b)",
  "lo_int": [
    0,
    0,
    0,
    0,
    0,
    0,
    0,
    0,
    0,
    0,
    0,
    0,
    0,
    0,
    0,
    0,
    0,
    144115188075855872,
    144115188075855872,
    0,
    0,
    0
  ],
  "hi_int": [
    288230376151711744,
    288230376151711744,
    288230376151711744,
    288230376151711744,
    288230376151711744,
    288230376151711744,
    288230376151711744,
    288230376151711744,
    288230376151711744,
    288230376151711744,
    288230376151711744,
    144115188075855872,
    144115188075855872,
    144115188075855872,
    144115188075855872,
    144115188075855872,
    144115188075855872,
    288230376151711744,
    288230376151711744,
    144115188075855872,
    144115188075855872,
    144115188075855872
  ],
  "depth": 54,
  "volume": 2.7755575615628914e-17,
  "lp_val": 1.0361310865988174,
  "iters_survived": 6,
  "K": 16,
  "wall_s": 99.73448419570923,
  "verdict": "feas",
  "lambda_star": -2.7182273095598464e-07,
  "status": "solsta.optimal",
  "peak_rss_kb": 64625412,
  "peak_rss_gb": 61.63,
  "threads": 14,
  "error": null
}