{
  "worker_id": 11,
  "hash": "1d280e5584d59319",
  "src": "split(12fcabc1c81348e3)",
  "lo_int": [
    0,
    0,
    0,
    0,
    0,
    0,
    0,
    0,
    0,
    0,
    0,
    144115188075855872,
    0,
    0,
    0,
    144115188075855872,
    0,
    0,
    0,
    144115188075855872,
    144115188075855872,
    0
  ],
  "hi_int": [
    288230376151711744,
    288230376151711744,
    288230376151711744,
    288230376151711744,
    288230376151711744,
    288230376151711744,
    288230376151711744,
    288230376151711744,
    288230376151711744,
    288230376151711744,
    288230376151711744,
    288230376151711744,
    144115188075855872,
    144115188075855872,
    144115188075855872,
    288230376151711744,
    144115188075855872,
    144115188075855872,
    144115188075855872,
    288230376151711744,
    288230376151711744,
    144115188075855872
  ],
  "depth": 54,
  "volume": 2.7755575615628914e-17,
  "lp_val": 1.226754332685455,
  "iters_survived": 6,
  "K": 16,
  "wall_s": 144.76450300216675,
  "verdict": "infeas",
  "lambda_star": 0.9999999999678085,
  "status": "solsta.optimal",
  "peak_rss_kb": 70217488,
  "peak_rss_gb": 66.96,
  "threads": 14,
  "error": null
}