{
  "worker_id": 8,
  "hash": "1e20bae9ba497eb4",
  "src": "split(ad4d8f586b6dbd0b)",
  "lo_int": [
    0,
    0,
    0,
    0,
    0,
    0,
    0,
    0,
    0,
    0,
    0,
    144115188075855872,
    144115188075855872,
    0,
    0,
    0,
    0,
    0,
    144115188075855872,
    0,
    0,
    0
  ],
  "hi_int": [
    288230376151711744,
    288230376151711744,
    288230376151711744,
    288230376151711744,
    288230376151711744,
    288230376151711744,
    288230376151711744,
    288230376151711744,
    288230376151711744,
    288230376151711744,
    288230376151711744,
    288230376151711744,
    288230376151711744,
    144115188075855872,
    144115188075855872,
    144115188075855872,
    144115188075855872,
    144115188075855872,
    288230376151711744,
    144115188075855872,
    144115188075855872,
    144115188075855872
  ],
  "depth": 54,
  "volume": 2.7755575615628914e-17,
  "lp_val": 1.078896112635958,
  "iters_survived": 6,
  "K": 16,
  "wall_s": 100.13495659828186,
  "verdict": "feas",
  "lambda_star": -8.274272614175902e-07,
  "status": "solsta.optimal",
  "peak_rss_kb": 46459344,
  "peak_rss_gb": 44.31,
  "threads": 14,
  "error": null
}