{
  "worker_id": 2,
  "hash": "1f89aafc25b63255",
  "src": "split(12fcabc1c81348e3)",
  "lo_int": [
    0,
    0,
    0,
    0,
    0,
    0,
    0,
    0,
    0,
    0,
    0,
    0,
    144115188075855872,
    0,
    144115188075855872,
    0,
    0,
    0,
    0,
    0,
    144115188075855872,
    0
  ],
  "hi_int": [
    288230376151711744,
    288230376151711744,
    288230376151711744,
    288230376151711744,
    288230376151711744,
    288230376151711744,
    288230376151711744,
    288230376151711744,
    288230376151711744,
    288230376151711744,
    288230376151711744,
    144115188075855872,
    288230376151711744,
    144115188075855872,
    288230376151711744,
    144115188075855872,
    144115188075855872,
    144115188075855872,
    144115188075855872,
    144115188075855872,
    288230376151711744,
    144115188075855872
  ],
  "depth": 54,
  "volume": 2.7755575615628914e-17,
  "lp_val": 1.0410646805099626,
  "iters_survived": 6,
  "K": 16,
  "wall_s": 111.15219283103943,
  "verdict": "feas",
  "lambda_star": -1.717069559054215e-06,
  "status": "solsta.optimal",
  "peak_rss_kb": 69379220,
  "peak_rss_gb": 66.17,
  "threads": 14,
  "error": null
}