{
  "worker_id": 11,
  "hash": "20894f360b09ac59",
  "src": "split(ad4d8f586b6dbd0b)",
  "lo_int": [
    0,
    0,
    0,
    0,
    0,
    0,
    0,
    0,
    0,
    0,
    0,
    144115188075855872,
    0,
    0,
    0,
    144115188075855872,
    0,
    0,
    144115188075855872,
    0,
    0,
    0
  ],
  "hi_int": [
    288230376151711744,
    288230376151711744,
    288230376151711744,
    288230376151711744,
    288230376151711744,
    288230376151711744,
    288230376151711744,
    288230376151711744,
    288230376151711744,
    288230376151711744,
    288230376151711744,
    288230376151711744,
    144115188075855872,
    144115188075855872,
    144115188075855872,
    288230376151711744,
    144115188075855872,
    144115188075855872,
    288230376151711744,
    144115188075855872,
    144115188075855872,
    144115188075855872
  ],
  "depth": 54,
  "volume": 2.7755575615628914e-17,
  "lp_val": 1.0610342494826766,
  "iters_survived": 6,
  "K": 16,
  "wall_s": 129.76181077957153,
  "verdict": "feas",
  "lambda_star": -1.9222264605281147e-06,
  "status": "solsta.optimal",
  "peak_rss_kb": 61067244,
  "peak_rss_gb": 58.24,
  "threads": 14,
  "error": null
}