{
  "worker_id": 4,
  "hash": "2cde4ba4193de858",
  "src": "split(e82d7abfe44e73f9)",
  "lo_int": [
    0,
    0,
    0,
    0,
    0,
    0,
    0,
    0,
    0,
    0,
    0,
    0,
    0,
    144115188075855872,
    144115188075855872,
    0,
    0,
    0,
    0,
    144115188075855872,
    0,
    144115188075855872
  ],
  "hi_int": [
    288230376151711744,
    288230376151711744,
    288230376151711744,
    288230376151711744,
    288230376151711744,
    288230376151711744,
    288230376151711744,
    288230376151711744,
    288230376151711744,
    288230376151711744,
    288230376151711744,
    144115188075855872,
    144115188075855872,
    288230376151711744,
    288230376151711744,
    144115188075855872,
    144115188075855872,
    144115188075855872,
    144115188075855872,
    288230376151711744,
    144115188075855872,
    288230376151711744
  ],
  "depth": 54,
  "volume": 2.7755575615628914e-17,
  "lp_val": 1.2433510638297873,
  "iters_survived": 6,
  "K": 16,
  "wall_s": 131.24766278266907,
  "verdict": "infeas",
  "lambda_star": 0.9999996644180595,
  "status": "solsta.optimal",
  "peak_rss_kb": 69351876,
  "peak_rss_gb": 66.14,
  "threads": 14,
  "error": null
}