{
  "worker_id": 4,
  "hash": "32c76c4cefb6cffa",
  "src": "split(15d4e341ea7c9e0f)",
  "lo_int": [
    0,
    0,
    0,
    0,
    0,
    0,
    0,
    0,
    0,
    0,
    0,
    0,
    144115188075855872,
    0,
    144115188075855872,
    0,
    0,
    0,
    0,
    0,
    144115188075855872,
    144115188075855872
  ],
  "hi_int": [
    288230376151711744,
    288230376151711744,
    288230376151711744,
    288230376151711744,
    288230376151711744,
    288230376151711744,
    288230376151711744,
    288230376151711744,
    288230376151711744,
    288230376151711744,
    288230376151711744,
    144115188075855872,
    288230376151711744,
    144115188075855872,
    288230376151711744,
    144115188075855872,
    144115188075855872,
    144115188075855872,
    144115188075855872,
    144115188075855872,
    288230376151711744,
    288230376151711744
  ],
  "depth": 54,
  "volume": 2.7755575615628914e-17,
  "lp_val": 1.2395833333333337,
  "iters_survived": 6,
  "K": 16,
  "wall_s": 153.74326133728027,
  "verdict": "infeas",
  "lambda_star": 0.999965228461855,
  "status": "solsta.optimal",
  "peak_rss_kb": 69351876,
  "peak_rss_gb": 66.14,
  "threads": 14,
  "error": null
}