{
  "worker_id": 6,
  "hash": "3635916c03f80ac6",
  "src": "split(ad4d8f586b6dbd0b)",
  "lo_int": [
    0,
    0,
    0,
    0,
    0,
    0,
    0,
    0,
    0,
    0,
    0,
    0,
    144115188075855872,
    0,
    0,
    0,
    0,
    144115188075855872,
    0,
    0,
    0,
    0
  ],
  "hi_int": [
    288230376151711744,
    288230376151711744,
    288230376151711744,
    288230376151711744,
    288230376151711744,
    288230376151711744,
    288230376151711744,
    288230376151711744,
    288230376151711744,
    288230376151711744,
    288230376151711744,
    144115188075855872,
    288230376151711744,
    144115188075855872,
    144115188075855872,
    144115188075855872,
    144115188075855872,
    288230376151711744,
    144115188075855872,
    144115188075855872,
    144115188075855872,
    144115188075855872
  ],
  "depth": 54,
  "volume": 2.7755575615628914e-17,
  "lp_val": 1.0152647676839133,
  "iters_survived": 6,
  "K": 16,
  "wall_s": 100.03959441184998,
  "verdict": "feas",
  "lambda_star": -7.922509277916467e-07,
  "status": "solsta.optimal",
  "peak_rss_kb": 44822028,
  "peak_rss_gb": 42.75,
  "threads": 14,
  "error": null
}