{
  "worker_id": 5,
  "hash": "3b03e6542eda6467",
  "src": "split(12fcabc1c81348e3)",
  "lo_int": [
    0,
    0,
    0,
    0,
    0,
    0,
    0,
    0,
    0,
    0,
    0,
    0,
    144115188075855872,
    0,
    0,
    144115188075855872,
    0,
    0,
    0,
    144115188075855872,
    144115188075855872,
    0
  ],
  "hi_int": [
    288230376151711744,
    288230376151711744,
    288230376151711744,
    288230376151711744,
    288230376151711744,
    288230376151711744,
    288230376151711744,
    288230376151711744,
    288230376151711744,
    288230376151711744,
    288230376151711744,
    144115188075855872,
    288230376151711744,
    144115188075855872,
    144115188075855872,
    288230376151711744,
    144115188075855872,
    144115188075855872,
    144115188075855872,
    288230376151711744,
    288230376151711744,
    144115188075855872
  ],
  "depth": 54,
  "volume": 2.7755575615628914e-17,
  "lp_val": 1.2158008800157611,
  "iters_survived": 6,
  "K": 16,
  "wall_s": 124.91456270217896,
  "verdict": "infeas",
  "lambda_star": 1.0000000000190203,
  "status": "solsta.optimal",
  "peak_rss_kb": 66678044,
  "peak_rss_gb": 63.59,
  "threads": 14,
  "error": null
}