{
  "worker_id": 11,
  "hash": "3ff735ca6dd0e9d7",
  "src": "split(ad4d8f586b6dbd0b)",
  "lo_int": [
    0,
    0,
    0,
    0,
    0,
    0,
    0,
    0,
    0,
    0,
    0,
    144115188075855872,
    0,
    0,
    0,
    0,
    0,
    144115188075855872,
    144115188075855872,
    0,
    0,
    0
  ],
  "hi_int": [
    288230376151711744,
    288230376151711744,
    288230376151711744,
    288230376151711744,
    288230376151711744,
    288230376151711744,
    288230376151711744,
    288230376151711744,
    288230376151711744,
    288230376151711744,
    288230376151711744,
    288230376151711744,
    144115188075855872,
    144115188075855872,
    144115188075855872,
    144115188075855872,
    144115188075855872,
    288230376151711744,
    288230376151711744,
    144115188075855872,
    144115188075855872,
    144115188075855872
  ],
  "depth": 54,
  "volume": 2.7755575615628914e-17,
  "lp_val": 1.1186209772080997,
  "iters_survived": 6,
  "K": 16,
  "wall_s": 100.92638826370239,
  "verdict": "feas",
  "lambda_star": -1.6199322565550002e-06,
  "status": "solsta.optimal",
  "peak_rss_kb": 61067244,
  "peak_rss_gb": 58.24,
  "threads": 14,
  "error": null
}