{
  "worker_id": 11,
  "hash": "43f717e757b07e7d",
  "src": "split(ad4d8f586b6dbd0b)",
  "lo_int": [
    0,
    0,
    0,
    0,
    0,
    0,
    0,
    0,
    0,
    0,
    0,
    0,
    0,
    0,
    0,
    144115188075855872,
    0,
    0,
    144115188075855872,
    0,
    0,
    0
  ],
  "hi_int": [
    288230376151711744,
    288230376151711744,
    288230376151711744,
    288230376151711744,
    288230376151711744,
    288230376151711744,
    288230376151711744,
    288230376151711744,
    288230376151711744,
    288230376151711744,
    288230376151711744,
    144115188075855872,
    144115188075855872,
    144115188075855872,
    144115188075855872,
    288230376151711744,
    144115188075855872,
    144115188075855872,
    288230376151711744,
    144115188075855872,
    144115188075855872,
    144115188075855872
  ],
  "depth": 54,
  "volume": 2.7755575615628914e-17,
  "lp_val": 1.0223529411764705,
  "iters_survived": 6,
  "K": 16,
  "wall_s": 114.78540062904358,
  "verdict": "feas",
  "lambda_star": -9.550179842249833e-08,
  "status": "solsta.optimal",
  "peak_rss_kb": 67453060,
  "peak_rss_gb": 64.33,
  "threads": 14,
  "error": null
}