{
  "worker_id": 7,
  "hash": "46a46c152ef799e6",
  "src": "split(12fcabc1c81348e3)",
  "lo_int": [
    0,
    0,
    0,
    0,
    0,
    0,
    0,
    0,
    0,
    0,
    0,
    0,
    0,
    144115188075855872,
    0,
    0,
    144115188075855872,
    0,
    144115188075855872,
    0,
    144115188075855872,
    0
  ],
  "hi_int": [
    288230376151711744,
    288230376151711744,
    288230376151711744,
    288230376151711744,
    288230376151711744,
    288230376151711744,
    288230376151711744,
    288230376151711744,
    288230376151711744,
    288230376151711744,
    288230376151711744,
    144115188075855872,
    144115188075855872,
    288230376151711744,
    144115188075855872,
    144115188075855872,
    288230376151711744,
    144115188075855872,
    288230376151711744,
    144115188075855872,
    288230376151711744,
    144115188075855872
  ],
  "depth": 54,
  "volume": 2.7755575615628914e-17,
  "lp_val": 1.224278846153846,
  "iters_survived": 6,
  "K": 16,
  "wall_s": 122.93247818946838,
  "verdict": "infeas",
  "lambda_star": 1.0000000000014664,
  "status": "solsta.optimal",
  "peak_rss_kb": 61229296,
  "peak_rss_gb": 58.39,
  "threads": 14,
  "error": null
}