{
  "worker_id": 9,
  "hash": "47c2b36c5cc048c5",
  "src": "split(e82d7abfe44e73f9)",
  "lo_int": [
    0,
    0,
    0,
    0,
    0,
    0,
    0,
    0,
    0,
    0,
    0,
    0,
    144115188075855872,
    0,
    0,
    0,
    0,
    144115188075855872,
    0,
    144115188075855872,
    0,
    144115188075855872
  ],
  "hi_int": [
    288230376151711744,
    288230376151711744,
    288230376151711744,
    288230376151711744,
    288230376151711744,
    288230376151711744,
    288230376151711744,
    288230376151711744,
    288230376151711744,
    288230376151711744,
    288230376151711744,
    144115188075855872,
    288230376151711744,
    144115188075855872,
    144115188075855872,
    144115188075855872,
    144115188075855872,
    288230376151711744,
    144115188075855872,
    288230376151711744,
    144115188075855872,
    288230376151711744
  ],
  "depth": 54,
  "volume": 2.7755575615628914e-17,
  "lp_val": 1.2015659908400358,
  "iters_survived": 6,
  "K": 16,
  "wall_s": 99.82213282585144,
  "verdict": "feas",
  "lambda_star": -6.676972914791582e-07,
  "status": "solsta.optimal",
  "peak_rss_kb": 68846104,
  "peak_rss_gb": 65.66,
  "threads": 14,
  "error": null
}