{
  "worker_id": 5,
  "hash": "4815c8b0f97fb45d",
  "src": "split(12fcabc1c81348e3)",
  "lo_int": [
    0,
    0,
    0,
    0,
    0,
    0,
    0,
    0,
    0,
    0,
    0,
    0,
    0,
    0,
    0,
    144115188075855872,
    0,
    0,
    0,
    0,
    144115188075855872,
    0
  ],
  "hi_int": [
    288230376151711744,
    288230376151711744,
    288230376151711744,
    288230376151711744,
    288230376151711744,
    288230376151711744,
    288230376151711744,
    288230376151711744,
    288230376151711744,
    288230376151711744,
    288230376151711744,
    144115188075855872,
    144115188075855872,
    144115188075855872,
    144115188075855872,
    288230376151711744,
    144115188075855872,
    144115188075855872,
    144115188075855872,
    144115188075855872,
    288230376151711744,
    144115188075855872
  ],
  "depth": 54,
  "volume": 2.7755575615628914e-17,
  "lp_val": 1.011594489023894,
  "iters_survived": 6,
  "K": 16,
  "wall_s": 101.51323652267456,
  "verdict": "feas",
  "lambda_star": -1.7505578620594444e-06,
  "status": "solsta.optimal",
  "peak_rss_kb": 58745104,
  "peak_rss_gb": 56.02,
  "threads": 14,
  "error": null
}