{
  "worker_id": 9,
  "hash": "499809fa9ca468e2",
  "src": "split(e82d7abfe44e73f9)",
  "lo_int": [
    0,
    0,
    0,
    0,
    0,
    0,
    0,
    0,
    0,
    0,
    0,
    144115188075855872,
    0,
    0,
    0,
    144115188075855872,
    0,
    0,
    0,
    144115188075855872,
    0,
    144115188075855872
  ],
  "hi_int": [
    288230376151711744,
    288230376151711744,
    288230376151711744,
    288230376151711744,
    288230376151711744,
    288230376151711744,
    288230376151711744,
    288230376151711744,
    288230376151711744,
    288230376151711744,
    288230376151711744,
    288230376151711744,
    144115188075855872,
    144115188075855872,
    144115188075855872,
    288230376151711744,
    144115188075855872,
    144115188075855872,
    144115188075855872,
    288230376151711744,
    144115188075855872,
    288230376151711744
  ],
  "depth": 54,
  "volume": 2.7755575615628914e-17,
  "lp_val": 1.1818017499142197,
  "iters_survived": 6,
  "K": 16,
  "wall_s": 102.08150601387024,
  "verdict": "feas",
  "lambda_star": -1.09978588076231e-06,
  "status": "solsta.optimal",
  "peak_rss_kb": 68846104,
  "peak_rss_gb": 65.66,
  "threads": 14,
  "error": null
}