{
  "worker_id": 3,
  "hash": "49e29419f0688d87",
  "src": "split(e82d7abfe44e73f9)",
  "lo_int": [
    0,
    0,
    0,
    0,
    0,
    0,
    0,
    0,
    0,
    0,
    0,
    0,
    144115188075855872,
    0,
    0,
    144115188075855872,
    0,
    144115188075855872,
    0,
    0,
    0,
    144115188075855872
  ],
  "hi_int": [
    288230376151711744,
    288230376151711744,
    288230376151711744,
    288230376151711744,
    288230376151711744,
    288230376151711744,
    288230376151711744,
    288230376151711744,
    288230376151711744,
    288230376151711744,
    288230376151711744,
    144115188075855872,
    288230376151711744,
    144115188075855872,
    144115188075855872,
    288230376151711744,
    144115188075855872,
    288230376151711744,
    144115188075855872,
    144115188075855872,
    144115188075855872,
    288230376151711744
  ],
  "depth": 54,
  "volume": 2.7755575615628914e-17,
  "lp_val": 1.1560739001482945,
  "iters_survived": 6,
  "K": 16,
  "wall_s": 128.72385573387146,
  "verdict": "feas",
  "lambda_star": -2.1571434395065297e-06,
  "status": "solsta.optimal",
  "peak_rss_kb": 67157992,
  "peak_rss_gb": 64.05,
  "threads": 14,
  "error": null
}