{
  "worker_id": 1,
  "hash": "4a8712718455c4c3",
  "src": "split(ad4d8f586b6dbd0b)",
  "lo_int": [
    0,
    0,
    0,
    0,
    0,
    0,
    0,
    0,
    0,
    0,
    0,
    0,
    0,
    0,
    144115188075855872,
    0,
    0,
    0,
    0,
    0,
    0,
    0
  ],
  "hi_int": [
    288230376151711744,
    288230376151711744,
    288230376151711744,
    288230376151711744,
    288230376151711744,
    288230376151711744,
    288230376151711744,
    288230376151711744,
    288230376151711744,
    288230376151711744,
    288230376151711744,
    144115188075855872,
    144115188075855872,
    144115188075855872,
    288230376151711744,
    144115188075855872,
    144115188075855872,
    144115188075855872,
    144115188075855872,
    144115188075855872,
    144115188075855872,
    144115188075855872
  ],
  "depth": 54,
  "volume": 2.7755575615628914e-17,
  "lp_val": 1.0077433628318582,
  "iters_survived": 6,
  "K": 16,
  "wall_s": 95.17346239089966,
  "verdict": "feas",
  "lambda_star": -6.180417163865062e-07,
  "status": "solsta.optimal",
  "peak_rss_kb": 53897504,
  "peak_rss_gb": 51.4,
  "threads": 14,
  "error": null
}