{
  "worker_id": 7,
  "hash": "4d6ac16b8db5c287",
  "src": "split(e82d7abfe44e73f9)",
  "lo_int": [
    0,
    0,
    0,
    0,
    0,
    0,
    0,
    0,
    0,
    0,
    0,
    0,
    144115188075855872,
    0,
    144115188075855872,
    0,
    0,
    0,
    144115188075855872,
    0,
    0,
    144115188075855872
  ],
  "hi_int": [
    288230376151711744,
    288230376151711744,
    288230376151711744,
    288230376151711744,
    288230376151711744,
    288230376151711744,
    288230376151711744,
    288230376151711744,
    288230376151711744,
    288230376151711744,
    288230376151711744,
    144115188075855872,
    288230376151711744,
    144115188075855872,
    288230376151711744,
    144115188075855872,
    144115188075855872,
    144115188075855872,
    288230376151711744,
    144115188075855872,
    144115188075855872,
    288230376151711744
  ],
  "depth": 54,
  "volume": 2.7755575615628914e-17,
  "lp_val": 1.164815512048193,
  "iters_survived": 6,
  "K": 16,
  "wall_s": 163.37663745880127,
  "verdict": "infeas",
  "lambda_star": 0.9999998223118015,
  "status": "solsta.optimal",
  "peak_rss_kb": 69028280,
  "peak_rss_gb": 65.83,
  "threads": 14,
  "error": null
}