{
  "worker_id": 8,
  "hash": "5685e1acbe3686bd",
  "src": "split(ad4d8f586b6dbd0b)",
  "lo_int": [
    0,
    0,
    0,
    0,
    0,
    0,
    0,
    0,
    0,
    0,
    0,
    0,
    0,
    144115188075855872,
    0,
    0,
    0,
    144115188075855872,
    144115188075855872,
    0,
    0,
    0
  ],
  "hi_int": [
    288230376151711744,
    288230376151711744,
    288230376151711744,
    288230376151711744,
    288230376151711744,
    288230376151711744,
    288230376151711744,
    288230376151711744,
    288230376151711744,
    288230376151711744,
    288230376151711744,
    144115188075855872,
    144115188075855872,
    288230376151711744,
    144115188075855872,
    144115188075855872,
    144115188075855872,
    288230376151711744,
    288230376151711744,
    144115188075855872,
    144115188075855872,
    144115188075855872
  ],
  "depth": 54,
  "volume": 2.7755575615628914e-17,
  "lp_val": 1.1354987194582584,
  "iters_survived": 6,
  "K": 16,
  "wall_s": 100.62494611740112,
  "verdict": "feas",
  "lambda_star": -9.914166207509926e-07,
  "status": "solsta.optimal",
  "peak_rss_kb": 52927192,
  "peak_rss_gb": 50.48,
  "threads": 14,
  "error": null
}