{
  "worker_id": 12,
  "hash": "58e262682d01c80d",
  "src": "split(ad4d8f586b6dbd0b)",
  "lo_int": [
    0,
    0,
    0,
    0,
    0,
    0,
    0,
    0,
    0,
    0,
    0,
    144115188075855872,
    144115188075855872,
    0,
    0,
    144115188075855872,
    0,
    0,
    0,
    0,
    0,
    0
  ],
  "hi_int": [
    288230376151711744,
    288230376151711744,
    288230376151711744,
    288230376151711744,
    288230376151711744,
    288230376151711744,
    288230376151711744,
    288230376151711744,
    288230376151711744,
    288230376151711744,
    288230376151711744,
    288230376151711744,
    288230376151711744,
    144115188075855872,
    144115188075855872,
    288230376151711744,
    144115188075855872,
    144115188075855872,
    144115188075855872,
    144115188075855872,
    144115188075855872,
    144115188075855872
  ],
  "depth": 54,
  "volume": 2.7755575615628914e-17,
  "lp_val": 1.0800290994082224,
  "iters_survived": 6,
  "K": 16,
  "wall_s": 151.49838209152222,
  "verdict": "infeas",
  "lambda_star": 1.000000000000785,
  "status": "solsta.optimal",
  "peak_rss_kb": 49145068,
  "peak_rss_gb": 46.87,
  "threads": 14,
  "error": null
}