{
  "worker_id": 7,
  "hash": "5b664bc63db7c93e",
  "src": "split(ad4d8f586b6dbd0b)",
  "lo_int": [
    0,
    0,
    0,
    0,
    0,
    0,
    0,
    0,
    0,
    0,
    0,
    0,
    0,
    144115188075855872,
    144115188075855872,
    0,
    0,
    0,
    0,
    144115188075855872,
    0,
    0
  ],
  "hi_int": [
    288230376151711744,
    288230376151711744,
    288230376151711744,
    288230376151711744,
    288230376151711744,
    288230376151711744,
    288230376151711744,
    288230376151711744,
    288230376151711744,
    288230376151711744,
    288230376151711744,
    144115188075855872,
    144115188075855872,
    288230376151711744,
    288230376151711744,
    144115188075855872,
    144115188075855872,
    144115188075855872,
    144115188075855872,
    288230376151711744,
    144115188075855872,
    144115188075855872
  ],
  "depth": 54,
  "volume": 2.7755575615628914e-17,
  "lp_val": 1.1199428245101521,
  "iters_survived": 6,
  "K": 16,
  "wall_s": 111.61802268028259,
  "verdict": "feas",
  "lambda_star": -7.959249702211583e-07,
  "status": "solsta.optimal",
  "peak_rss_kb": 60484548,
  "peak_rss_gb": 57.68,
  "threads": 14,
  "error": null
}