{
  "worker_id": 12,
  "hash": "6203d881754c9c98",
  "src": "split(ad4d8f586b6dbd0b)",
  "lo_int": [
    0,
    0,
    0,
    0,
    0,
    0,
    0,
    0,
    0,
    0,
    0,
    144115188075855872,
    0,
    0,
    0,
    0,
    144115188075855872,
    144115188075855872,
    0,
    0,
    0,
    0
  ],
  "hi_int": [
    288230376151711744,
    288230376151711744,
    288230376151711744,
    288230376151711744,
    288230376151711744,
    288230376151711744,
    288230376151711744,
    288230376151711744,
    288230376151711744,
    288230376151711744,
    288230376151711744,
    288230376151711744,
    144115188075855872,
    144115188075855872,
    144115188075855872,
    144115188075855872,
    288230376151711744,
    288230376151711744,
    144115188075855872,
    144115188075855872,
    144115188075855872,
    144115188075855872
  ],
  "depth": 54,
  "volume": 2.7755575615628914e-17,
  "lp_val": 1.1135332183733795,
  "iters_survived": 6,
  "K": 16,
  "wall_s": 136.65262985229492,
  "verdict": "infeas",
  "lambda_star": 0.9999662166885234,
  "status": "solsta.optimal",
  "peak_rss_kb": 58527736,
  "peak_rss_gb": 55.82,
  "threads": 14,
  "error": null
}