{
  "worker_id": 4,
  "hash": "66339690d3a4b6df",
  "src": "split(e82d7abfe44e73f9)",
  "lo_int": [
    0,
    0,
    0,
    0,
    0,
    0,
    0,
    0,
    0,
    0,
    0,
    144115188075855872,
    0,
    0,
    0,
    0,
    144115188075855872,
    0,
    0,
    0,
    0,
    144115188075855872
  ],
  "hi_int": [
    288230376151711744,
    288230376151711744,
    288230376151711744,
    288230376151711744,
    288230376151711744,
    288230376151711744,
    288230376151711744,
    288230376151711744,
    288230376151711744,
    288230376151711744,
    288230376151711744,
    288230376151711744,
    144115188075855872,
    144115188075855872,
    144115188075855872,
    144115188075855872,
    288230376151711744,
    144115188075855872,
    144115188075855872,
    144115188075855872,
    144115188075855872,
    288230376151711744
  ],
  "depth": 54,
  "volume": 2.7755575615628914e-17,
  "lp_val": 1.0323535313001608,
  "iters_survived": 6,
  "K": 16,
  "wall_s": 103.85710859298706,
  "verdict": "feas",
  "lambda_star": -2.0358429761450515e-06,
  "status": "solsta.optimal",
  "peak_rss_kb": 69272608,
  "peak_rss_gb": 66.06,
  "threads": 14,
  "error": null
}