{
  "worker_id": 9,
  "hash": "6c265710478e0912",
  "src": "split(ad4d8f586b6dbd0b)",
  "lo_int": [
    0,
    0,
    0,
    0,
    0,
    0,
    0,
    0,
    0,
    0,
    0,
    144115188075855872,
    0,
    0,
    144115188075855872,
    0,
    0,
    144115188075855872,
    144115188075855872,
    0,
    0,
    0
  ],
  "hi_int": [
    288230376151711744,
    288230376151711744,
    288230376151711744,
    288230376151711744,
    288230376151711744,
    288230376151711744,
    288230376151711744,
    288230376151711744,
    288230376151711744,
    288230376151711744,
    288230376151711744,
    288230376151711744,
    144115188075855872,
    144115188075855872,
    288230376151711744,
    144115188075855872,
    144115188075855872,
    288230376151711744,
    288230376151711744,
    144115188075855872,
    144115188075855872,
    144115188075855872
  ],
  "depth": 54,
  "volume": 2.7755575615628914e-17,
  "lp_val": 1.2621268656716418,
  "iters_survived": 6,
  "K": 16,
  "wall_s": 115.40600991249084,
  "verdict": "infeas",
  "lambda_star": 1.0000000000223537,
  "status": "solsta.optimal",
  "peak_rss_kb": 64407688,
  "peak_rss_gb": 61.42,
  "threads": 14,
  "error": null
}