{
  "worker_id": 5,
  "hash": "6c64134820ffb4f0",
  "src": "split(12fcabc1c81348e3)",
  "lo_int": [
    0,
    0,
    0,
    0,
    0,
    0,
    0,
    0,
    0,
    0,
    0,
    0,
    144115188075855872,
    0,
    0,
    0,
    0,
    0,
    0,
    144115188075855872,
    144115188075855872,
    0
  ],
  "hi_int": [
    288230376151711744,
    288230376151711744,
    288230376151711744,
    288230376151711744,
    288230376151711744,
    288230376151711744,
    288230376151711744,
    288230376151711744,
    288230376151711744,
    288230376151711744,
    288230376151711744,
    144115188075855872,
    288230376151711744,
    144115188075855872,
    144115188075855872,
    144115188075855872,
    144115188075855872,
    144115188075855872,
    144115188075855872,
    288230376151711744,
    288230376151711744,
    144115188075855872
  ],
  "depth": 54,
  "volume": 2.7755575615628914e-17,
  "lp_val": 1.1028721871475466,
  "iters_survived": 6,
  "K": 16,
  "wall_s": 99.73077535629272,
  "verdict": "feas",
  "lambda_star": -1.7933348311328657e-06,
  "status": "solsta.optimal",
  "peak_rss_kb": 66678044,
  "peak_rss_gb": 63.59,
  "threads": 14,
  "error": null
}