{
  "worker_id": 3,
  "hash": "6ddb2dd336800b76",
  "src": "split(ad4d8f586b6dbd0b)",
  "lo_int": [
    0,
    0,
    0,
    0,
    0,
    0,
    0,
    0,
    0,
    0,
    0,
    144115188075855872,
    0,
    144115188075855872,
    0,
    0,
    144115188075855872,
    144115188075855872,
    0,
    0,
    0,
    0
  ],
  "hi_int": [
    288230376151711744,
    288230376151711744,
    288230376151711744,
    288230376151711744,
    288230376151711744,
    288230376151711744,
    288230376151711744,
    288230376151711744,
    288230376151711744,
    288230376151711744,
    288230376151711744,
    288230376151711744,
    144115188075855872,
    288230376151711744,
    144115188075855872,
    144115188075855872,
    288230376151711744,
    288230376151711744,
    144115188075855872,
    144115188075855872,
    144115188075855872,
    144115188075855872
  ],
  "depth": 54,
  "volume": 2.7755575615628914e-17,
  "lp_val": 1.256065400843882,
  "iters_survived": 6,
  "K": 16,
  "wall_s": 102.32230997085571,
  "verdict": "infeas",
  "lambda_star": 0.9999999999803366,
  "status": "solsta.optimal",
  "peak_rss_kb": 59009732,
  "peak_rss_gb": 56.28,
  "threads": 14,
  "error": null
}