{
  "worker_id": 12,
  "hash": "70f4b2dad5ce21b7",
  "src": "split(12fcabc1c81348e3)",
  "lo_int": [
    0,
    0,
    0,
    0,
    0,
    0,
    0,
    0,
    0,
    0,
    0,
    0,
    144115188075855872,
    0,
    0,
    0,
    0,
    144115188075855872,
    0,
    144115188075855872,
    144115188075855872,
    0
  ],
  "hi_int": [
    288230376151711744,
    288230376151711744,
    288230376151711744,
    288230376151711744,
    288230376151711744,
    288230376151711744,
    288230376151711744,
    288230376151711744,
    288230376151711744,
    288230376151711744,
    288230376151711744,
    144115188075855872,
    288230376151711744,
    144115188075855872,
    144115188075855872,
    144115188075855872,
    144115188075855872,
    288230376151711744,
    144115188075855872,
    288230376151711744,
    288230376151711744,
    144115188075855872
  ],
  "depth": 54,
  "volume": 2.7755575615628914e-17,
  "lp_val": 1.23655303030303,
  "iters_survived": 6,
  "K": 16,
  "wall_s": 124.90751576423645,
  "verdict": "feas",
  "lambda_star": -1.8442160555183653e-06,
  "status": "solsta.optimal",
  "peak_rss_kb": 64637464,
  "peak_rss_gb": 61.64,
  "threads": 14,
  "error": null
}