{
  "worker_id": 0,
  "hash": "745975b77f98005a",
  "src": "split(12fcabc1c81348e3)",
  "lo_int": [
    0,
    0,
    0,
    0,
    0,
    0,
    0,
    0,
    0,
    0,
    0,
    0,
    0,
    0,
    144115188075855872,
    0,
    0,
    0,
    0,
    144115188075855872,
    144115188075855872,
    0
  ],
  "hi_int": [
    288230376151711744,
    288230376151711744,
    288230376151711744,
    288230376151711744,
    288230376151711744,
    288230376151711744,
    288230376151711744,
    288230376151711744,
    288230376151711744,
    288230376151711744,
    288230376151711744,
    144115188075855872,
    144115188075855872,
    144115188075855872,
    288230376151711744,
    144115188075855872,
    144115188075855872,
    144115188075855872,
    144115188075855872,
    288230376151711744,
    288230376151711744,
    144115188075855872
  ],
  "depth": 54,
  "volume": 2.7755575615628914e-17,
  "lp_val": 1.1330620520940218,
  "iters_survived": 6,
  "K": 16,
  "wall_s": 117.50091743469238,
  "verdict": "feas",
  "lambda_star": -2.1082579500119253e-06,
  "status": "solsta.optimal",
  "peak_rss_kb": 64922780,
  "peak_rss_gb": 61.92,
  "threads": 14,
  "error": null
}