{
  "worker_id": 10,
  "hash": "7c2023bfa31c7428",
  "src": "split(15d4e341ea7c9e0f)",
  "lo_int": [
    0,
    0,
    0,
    0,
    0,
    0,
    0,
    0,
    0,
    0,
    0,
    0,
    0,
    0,
    144115188075855872,
    0,
    0,
    0,
    144115188075855872,
    0,
    144115188075855872,
    144115188075855872
  ],
  "hi_int": [
    288230376151711744,
    288230376151711744,
    288230376151711744,
    288230376151711744,
    288230376151711744,
    288230376151711744,
    288230376151711744,
    288230376151711744,
    288230376151711744,
    288230376151711744,
    288230376151711744,
    144115188075855872,
    144115188075855872,
    144115188075855872,
    288230376151711744,
    144115188075855872,
    144115188075855872,
    144115188075855872,
    288230376151711744,
    144115188075855872,
    288230376151711744,
    288230376151711744
  ],
  "depth": 54,
  "volume": 2.7755575615628914e-17,
  "lp_val": 1.2106606874109218,
  "iters_survived": 6,
  "K": 16,
  "wall_s": 92.66019868850708,
  "verdict": "feas",
  "lambda_star": -1.9239738184395756e-06,
  "status": "solsta.optimal",
  "peak_rss_kb": 67072728,
  "peak_rss_gb": 63.97,
  "threads": 14,
  "error": null
}