{
  "worker_id": 8,
  "hash": "7e77c5a217bdc90b",
  "src": "split(12fcabc1c81348e3)",
  "lo_int": [
    0,
    0,
    0,
    0,
    0,
    0,
    0,
    0,
    0,
    0,
    0,
    0,
    0,
    0,
    0,
    0,
    0,
    0,
    0,
    0,
    144115188075855872,
    0
  ],
  "hi_int": [
    288230376151711744,
    288230376151711744,
    288230376151711744,
    288230376151711744,
    288230376151711744,
    288230376151711744,
    288230376151711744,
    288230376151711744,
    288230376151711744,
    288230376151711744,
    288230376151711744,
    144115188075855872,
    144115188075855872,
    144115188075855872,
    144115188075855872,
    144115188075855872,
    144115188075855872,
    144115188075855872,
    144115188075855872,
    144115188075855872,
    288230376151711744,
    144115188075855872
  ],
  "depth": 54,
  "volume": 2.7755575615628914e-17,
  "lp_val": 1.0074394496798806,
  "iters_survived": 6,
  "K": 16,
  "wall_s": 95.11052012443542,
  "verdict": "feas",
  "lambda_star": -3.4050970540074623e-07,
  "status": "solsta.optimal",
  "peak_rss_kb": 65895768,
  "peak_rss_gb": 62.84,
  "threads": 14,
  "error": null
}