{
  "worker_id": 3,
  "hash": "8214eeb8b837aae0",
  "src": "split(e82d7abfe44e73f9)",
  "lo_int": [
    0,
    0,
    0,
    0,
    0,
    0,
    0,
    0,
    0,
    0,
    0,
    144115188075855872,
    0,
    0,
    0,
    144115188075855872,
    0,
    0,
    144115188075855872,
    0,
    0,
    144115188075855872
  ],
  "hi_int": [
    288230376151711744,
    288230376151711744,
    288230376151711744,
    288230376151711744,
    288230376151711744,
    288230376151711744,
    288230376151711744,
    288230376151711744,
    288230376151711744,
    288230376151711744,
    288230376151711744,
    288230376151711744,
    144115188075855872,
    144115188075855872,
    144115188075855872,
    288230376151711744,
    144115188075855872,
    144115188075855872,
    288230376151711744,
    144115188075855872,
    144115188075855872,
    288230376151711744
  ],
  "depth": 54,
  "volume": 2.7755575615628914e-17,
  "lp_val": 1.1586178184845959,
  "iters_survived": 6,
  "K": 16,
  "wall_s": 151.8310739994049,
  "verdict": "feas",
  "lambda_star": -1.3869523573169429e-06,
  "status": "solsta.optimal",
  "peak_rss_kb": 67157992,
  "peak_rss_gb": 64.05,
  "threads": 14,
  "error": null
}