{
  "worker_id": 12,
  "hash": "826b4d7ed00f03a3",
  "src": "split(ad4d8f586b6dbd0b)",
  "lo_int": [
    0,
    0,
    0,
    0,
    0,
    0,
    0,
    0,
    0,
    0,
    0,
    0,
    144115188075855872,
    144115188075855872,
    0,
    0,
    0,
    0,
    0,
    144115188075855872,
    0,
    0
  ],
  "hi_int": [
    288230376151711744,
    288230376151711744,
    288230376151711744,
    288230376151711744,
    288230376151711744,
    288230376151711744,
    288230376151711744,
    288230376151711744,
    288230376151711744,
    288230376151711744,
    288230376151711744,
    144115188075855872,
    288230376151711744,
    288230376151711744,
    144115188075855872,
    144115188075855872,
    144115188075855872,
    144115188075855872,
    144115188075855872,
    288230376151711744,
    144115188075855872,
    144115188075855872
  ],
  "depth": 54,
  "volume": 2.7755575615628914e-17,
  "lp_val": 1.1002939847159976,
  "iters_survived": 6,
  "K": 16,
  "wall_s": 104.87608051300049,
  "verdict": "feas",
  "lambda_star": -8.257991181037545e-07,
  "status": "solsta.optimal",
  "peak_rss_kb": 60748112,
  "peak_rss_gb": 57.93,
  "threads": 14,
  "error": null
}