{
  "worker_id": 8,
  "hash": "82c1b34f3d214e9d",
  "src": "split(ad4d8f586b6dbd0b)",
  "lo_int": [
    0,
    0,
    0,
    0,
    0,
    0,
    0,
    0,
    0,
    0,
    0,
    144115188075855872,
    0,
    0,
    0,
    0,
    144115188075855872,
    0,
    144115188075855872,
    144115188075855872,
    0,
    0
  ],
  "hi_int": [
    288230376151711744,
    288230376151711744,
    288230376151711744,
    288230376151711744,
    288230376151711744,
    288230376151711744,
    288230376151711744,
    288230376151711744,
    288230376151711744,
    288230376151711744,
    288230376151711744,
    288230376151711744,
    144115188075855872,
    144115188075855872,
    144115188075855872,
    144115188075855872,
    288230376151711744,
    144115188075855872,
    288230376151711744,
    288230376151711744,
    144115188075855872,
    144115188075855872
  ],
  "depth": 54,
  "volume": 2.7755575615628914e-17,
  "lp_val": 1.259078847611827,
  "iters_survived": 6,
  "K": 16,
  "wall_s": 148.95474696159363,
  "verdict": "infeas",
  "lambda_star": 0.9999971902225507,
  "status": "solsta.optimal",
  "peak_rss_kb": 66917712,
  "peak_rss_gb": 63.82,
  "threads": 14,
  "error": null
}