{
  "worker_id": 9,
  "hash": "83f0eee2d584f078",
  "src": "split(12fcabc1c81348e3)",
  "lo_int": [
    0,
    0,
    0,
    0,
    0,
    0,
    0,
    0,
    0,
    0,
    0,
    0,
    144115188075855872,
    0,
    0,
    0,
    0,
    0,
    0,
    0,
    144115188075855872,
    0
  ],
  "hi_int": [
    288230376151711744,
    288230376151711744,
    288230376151711744,
    288230376151711744,
    288230376151711744,
    288230376151711744,
    288230376151711744,
    288230376151711744,
    288230376151711744,
    288230376151711744,
    288230376151711744,
    144115188075855872,
    288230376151711744,
    144115188075855872,
    144115188075855872,
    144115188075855872,
    144115188075855872,
    144115188075855872,
    144115188075855872,
    144115188075855872,
    288230376151711744,
    144115188075855872
  ],
  "depth": 54,
  "volume": 2.7755575615628914e-17,
  "lp_val": 1.0100590759229575,
  "iters_survived": 6,
  "K": 16,
  "wall_s": 79.13654780387878,
  "verdict": "feas",
  "lambda_star": -2.158457522277461e-06,
  "status": "solsta.optimal",
  "peak_rss_kb": 67091212,
  "peak_rss_gb": 63.98,
  "threads": 14,
  "error": null
}