{
  "worker_id": 11,
  "hash": "8fdbfae77edbf006",
  "src": "split(ad4d8f586b6dbd0b)",
  "lo_int": [
    0,
    0,
    0,
    0,
    0,
    0,
    0,
    0,
    0,
    0,
    0,
    0,
    144115188075855872,
    0,
    144115188075855872,
    0,
    0,
    144115188075855872,
    0,
    0,
    0,
    0
  ],
  "hi_int": [
    288230376151711744,
    288230376151711744,
    288230376151711744,
    288230376151711744,
    288230376151711744,
    288230376151711744,
    288230376151711744,
    288230376151711744,
    288230376151711744,
    288230376151711744,
    288230376151711744,
    144115188075855872,
    288230376151711744,
    144115188075855872,
    288230376151711744,
    144115188075855872,
    144115188075855872,
    288230376151711744,
    144115188075855872,
    144115188075855872,
    144115188075855872,
    144115188075855872
  ],
  "depth": 54,
  "volume": 2.7755575615628914e-17,
  "lp_val": 1.082426920462271,
  "iters_survived": 6,
  "K": 16,
  "wall_s": 105.26759052276611,
  "verdict": "feas",
  "lambda_star": -1.1835212735325745e-06,
  "status": "solsta.optimal",
  "peak_rss_kb": 50354920,
  "peak_rss_gb": 48.02,
  "threads": 14,
  "error": null
}