{
  "worker_id": 6,
  "hash": "924944eaffca0e62",
  "src": "split(ad4d8f586b6dbd0b)",
  "lo_int": [
    0,
    0,
    0,
    0,
    0,
    0,
    0,
    0,
    0,
    0,
    0,
    0,
    0,
    144115188075855872,
    0,
    0,
    0,
    0,
    144115188075855872,
    144115188075855872,
    0,
    0
  ],
  "hi_int": [
    288230376151711744,
    288230376151711744,
    288230376151711744,
    288230376151711744,
    288230376151711744,
    288230376151711744,
    288230376151711744,
    288230376151711744,
    288230376151711744,
    288230376151711744,
    288230376151711744,
    144115188075855872,
    144115188075855872,
    288230376151711744,
    144115188075855872,
    144115188075855872,
    144115188075855872,
    144115188075855872,
    288230376151711744,
    288230376151711744,
    144115188075855872,
    144115188075855872
  ],
  "depth": 54,
  "volume": 2.7755575615628914e-17,
  "lp_val": 1.1339833401690618,
  "iters_survived": 6,
  "K": 16,
  "wall_s": 103.5719223022461,
  "verdict": "feas",
  "lambda_star": -5.898544437662958e-07,
  "status": "solsta.optimal",
  "peak_rss_kb": 68011052,
  "peak_rss_gb": 64.86,
  "threads": 14,
  "error": null
}