{
  "worker_id": 5,
  "hash": "9410687ff560ee49",
  "src": "split(ad4d8f586b6dbd0b)",
  "lo_int": [
    0,
    0,
    0,
    0,
    0,
    0,
    0,
    0,
    0,
    0,
    0,
    0,
    0,
    0,
    0,
    0,
    144115188075855872,
    144115188075855872,
    144115188075855872,
    0,
    0,
    0
  ],
  "hi_int": [
    288230376151711744,
    288230376151711744,
    288230376151711744,
    288230376151711744,
    288230376151711744,
    288230376151711744,
    288230376151711744,
    288230376151711744,
    288230376151711744,
    288230376151711744,
    288230376151711744,
    144115188075855872,
    144115188075855872,
    144115188075855872,
    144115188075855872,
    144115188075855872,
    288230376151711744,
    288230376151711744,
    288230376151711744,
    144115188075855872,
    144115188075855872,
    144115188075855872
  ],
  "depth": 54,
  "volume": 2.7755575615628914e-17,
  "lp_val": 1.2327586206896555,
  "iters_survived": 6,
  "K": 16,
  "wall_s": 131.9765818119049,
  "verdict": "infeas",
  "lambda_star": 0.9999999999999998,
  "status": "solsta.optimal",
  "peak_rss_kb": 58745104,
  "peak_rss_gb": 56.02,
  "threads": 14,
  "error": null
}