{
  "worker_id": 3,
  "hash": "98a45a4c9b528bac",
  "src": "split(ad4d8f586b6dbd0b)",
  "lo_int": [
    0,
    0,
    0,
    0,
    0,
    0,
    0,
    0,
    0,
    0,
    0,
    0,
    0,
    0,
    0,
    0,
    144115188075855872,
    0,
    0,
    0,
    0,
    0
  ],
  "hi_int": [
    288230376151711744,
    288230376151711744,
    288230376151711744,
    288230376151711744,
    288230376151711744,
    288230376151711744,
    288230376151711744,
    288230376151711744,
    288230376151711744,
    288230376151711744,
    288230376151711744,
    144115188075855872,
    144115188075855872,
    144115188075855872,
    144115188075855872,
    144115188075855872,
    288230376151711744,
    144115188075855872,
    144115188075855872,
    144115188075855872,
    144115188075855872,
    144115188075855872
  ],
  "depth": 54,
  "volume": 2.7755575615628914e-17,
  "lp_val": 1.0098619072433557,
  "iters_survived": 6,
  "K": 16,
  "wall_s": 72.14666557312012,
  "verdict": "feas",
  "lambda_star": -2.5384754758020445e-06,
  "status": "solsta.optimal",
  "peak_rss_kb": 48683092,
  "peak_rss_gb": 46.43,
  "threads": 14,
  "error": null
}