{
  "worker_id": 2,
  "hash": "9988731d7da634bf",
  "src": "split(ad4d8f586b6dbd0b)",
  "lo_int": [
    0,
    0,
    0,
    0,
    0,
    0,
    0,
    0,
    0,
    0,
    0,
    0,
    0,
    144115188075855872,
    0,
    144115188075855872,
    0,
    0,
    144115188075855872,
    0,
    0,
    0
  ],
  "hi_int": [
    288230376151711744,
    288230376151711744,
    288230376151711744,
    288230376151711744,
    288230376151711744,
    288230376151711744,
    288230376151711744,
    288230376151711744,
    288230376151711744,
    288230376151711744,
    288230376151711744,
    144115188075855872,
    144115188075855872,
    288230376151711744,
    144115188075855872,
    288230376151711744,
    144115188075855872,
    144115188075855872,
    288230376151711744,
    144115188075855872,
    144115188075855872,
    144115188075855872
  ],
  "depth": 54,
  "volume": 2.7755575615628914e-17,
  "lp_val": 1.098111263736264,
  "iters_survived": 6,
  "K": 16,
  "wall_s": 86.81343698501587,
  "verdict": "feas",
  "lambda_star": -1.561567216243727e-06,
  "status": "solsta.optimal",
  "peak_rss_kb": 59233044,
  "peak_rss_gb": 56.49,
  "threads": 14,
  "error": null
}