{
  "worker_id": 8,
  "hash": "9a9b59f0ceca4efd",
  "src": "split(e82d7abfe44e73f9)",
  "lo_int": [
    0,
    0,
    0,
    0,
    0,
    0,
    0,
    0,
    0,
    0,
    0,
    144115188075855872,
    144115188075855872,
    0,
    144115188075855872,
    0,
    0,
    0,
    0,
    0,
    0,
    144115188075855872
  ],
  "hi_int": [
    288230376151711744,
    288230376151711744,
    288230376151711744,
    288230376151711744,
    288230376151711744,
    288230376151711744,
    288230376151711744,
    288230376151711744,
    288230376151711744,
    288230376151711744,
    288230376151711744,
    288230376151711744,
    288230376151711744,
    144115188075855872,
    288230376151711744,
    144115188075855872,
    144115188075855872,
    144115188075855872,
    144115188075855872,
    144115188075855872,
    144115188075855872,
    288230376151711744
  ],
  "depth": 54,
  "volume": 2.7755575615628914e-17,
  "lp_val": 1.2334096109839816,
  "iters_survived": 6,
  "K": 16,
  "wall_s": 107.8013756275177,
  "verdict": "infeas",
  "lambda_star": 0.9999589954369728,
  "status": "solsta.optimal",
  "peak_rss_kb": 67973324,
  "peak_rss_gb": 64.82,
  "threads": 14,
  "error": null
}