{
  "worker_id": 8,
  "hash": "9cff3c82916ff4b2",
  "src": "split(ad4d8f586b6dbd0b)",
  "lo_int": [
    0,
    0,
    0,
    0,
    0,
    0,
    0,
    0,
    0,
    0,
    0,
    0,
    144115188075855872,
    0,
    0,
    144115188075855872,
    0,
    0,
    0,
    144115188075855872,
    0,
    0
  ],
  "hi_int": [
    288230376151711744,
    288230376151711744,
    288230376151711744,
    288230376151711744,
    288230376151711744,
    288230376151711744,
    288230376151711744,
    288230376151711744,
    288230376151711744,
    288230376151711744,
    288230376151711744,
    144115188075855872,
    288230376151711744,
    144115188075855872,
    144115188075855872,
    288230376151711744,
    144115188075855872,
    144115188075855872,
    144115188075855872,
    288230376151711744,
    144115188075855872,
    144115188075855872
  ],
  "depth": 54,
  "volume": 2.7755575615628914e-17,
  "lp_val": 1.0460914137216122,
  "iters_survived": 6,
  "K": 16,
  "wall_s": 126.28507852554321,
  "verdict": "feas",
  "lambda_star": -1.2056554326984653e-06,
  "status": "solsta.optimal",
  "peak_rss_kb": 62824060,
  "peak_rss_gb": 59.91,
  "threads": 14,
  "error": null
}