{
  "worker_id": 7,
  "hash": "9e7762848d211ce0",
  "src": "split(ad4d8f586b6dbd0b)",
  "lo_int": [
    0,
    0,
    0,
    0,
    0,
    0,
    0,
    0,
    0,
    0,
    0,
    0,
    0,
    0,
    144115188075855872,
    0,
    0,
    0,
    144115188075855872,
    0,
    0,
    0
  ],
  "hi_int": [
    288230376151711744,
    288230376151711744,
    288230376151711744,
    288230376151711744,
    288230376151711744,
    288230376151711744,
    288230376151711744,
    288230376151711744,
    288230376151711744,
    288230376151711744,
    288230376151711744,
    144115188075855872,
    144115188075855872,
    144115188075855872,
    288230376151711744,
    144115188075855872,
    144115188075855872,
    144115188075855872,
    288230376151711744,
    144115188075855872,
    144115188075855872,
    144115188075855872
  ],
  "depth": 54,
  "volume": 2.7755575615628914e-17,
  "lp_val": 1.0184762212378493,
  "iters_survived": 6,
  "K": 16,
  "wall_s": 100.53690266609192,
  "verdict": "feas",
  "lambda_star": -5.377698322788139e-07,
  "status": "solsta.optimal",
  "peak_rss_kb": 57731988,
  "peak_rss_gb": 55.06,
  "threads": 14,
  "error": null
}