{
  "worker_id": 7,
  "hash": "9e951e638a30ae09",
  "src": "split(e82d7abfe44e73f9)",
  "lo_int": [
    0,
    0,
    0,
    0,
    0,
    0,
    0,
    0,
    0,
    0,
    0,
    0,
    0,
    144115188075855872,
    0,
    0,
    0,
    0,
    0,
    144115188075855872,
    0,
    144115188075855872
  ],
  "hi_int": [
    288230376151711744,
    288230376151711744,
    288230376151711744,
    288230376151711744,
    288230376151711744,
    288230376151711744,
    288230376151711744,
    288230376151711744,
    288230376151711744,
    288230376151711744,
    288230376151711744,
    144115188075855872,
    144115188075855872,
    288230376151711744,
    144115188075855872,
    144115188075855872,
    144115188075855872,
    144115188075855872,
    144115188075855872,
    288230376151711744,
    144115188075855872,
    288230376151711744
  ],
  "depth": 54,
  "volume": 2.7755575615628914e-17,
  "lp_val": 1.0678049010500834,
  "iters_survived": 6,
  "K": 16,
  "wall_s": 108.5669493675232,
  "verdict": "feas",
  "lambda_star": -7.041856241178421e-07,
  "status": "solsta.optimal",
  "peak_rss_kb": 69028280,
  "peak_rss_gb": 65.83,
  "threads": 14,
  "error": null
}