{
  "worker_id": 10,
  "hash": "a14c26da47ebac58",
  "src": "split(15d4e341ea7c9e0f)",
  "lo_int": [
    0,
    0,
    0,
    0,
    0,
    0,
    0,
    0,
    0,
    0,
    0,
    0,
    0,
    144115188075855872,
    0,
    0,
    144115188075855872,
    0,
    0,
    0,
    144115188075855872,
    144115188075855872
  ],
  "hi_int": [
    288230376151711744,
    288230376151711744,
    288230376151711744,
    288230376151711744,
    288230376151711744,
    288230376151711744,
    288230376151711744,
    288230376151711744,
    288230376151711744,
    288230376151711744,
    288230376151711744,
    144115188075855872,
    144115188075855872,
    288230376151711744,
    144115188075855872,
    144115188075855872,
    288230376151711744,
    144115188075855872,
    144115188075855872,
    144115188075855872,
    288230376151711744,
    288230376151711744
  ],
  "depth": 54,
  "volume": 2.7755575615628914e-17,
  "lp_val": 1.1965873538613534,
  "iters_survived": 6,
  "K": 16,
  "wall_s": 98.16669082641602,
  "verdict": "feas",
  "lambda_star": -1.1597253343264235e-06,
  "status": "solsta.optimal",
  "peak_rss_kb": 66562792,
  "peak_rss_gb": 63.48,
  "threads": 14,
  "error": null
}