{
  "worker_id": 6,
  "hash": "a2e1fb6133748c2f",
  "src": "split(e82d7abfe44e73f9)",
  "lo_int": [
    0,
    0,
    0,
    0,
    0,
    0,
    0,
    0,
    0,
    0,
    0,
    144115188075855872,
    0,
    0,
    0,
    0,
    0,
    144115188075855872,
    0,
    144115188075855872,
    0,
    144115188075855872
  ],
  "hi_int": [
    288230376151711744,
    288230376151711744,
    288230376151711744,
    288230376151711744,
    288230376151711744,
    288230376151711744,
    288230376151711744,
    288230376151711744,
    288230376151711744,
    288230376151711744,
    288230376151711744,
    288230376151711744,
    144115188075855872,
    144115188075855872,
    144115188075855872,
    144115188075855872,
    144115188075855872,
    288230376151711744,
    144115188075855872,
    288230376151711744,
    144115188075855872,
    288230376151711744
  ],
  "depth": 54,
  "volume": 2.7755575615628914e-17,
  "lp_val": 1.2054598768810685,
  "iters_survived": 6,
  "K": 16,
  "wall_s": 126.0712661743164,
  "verdict": "feas",
  "lambda_star": -1.8410680413930585e-06,
  "status": "solsta.optimal",
  "peak_rss_kb": 68011052,
  "peak_rss_gb": 64.86,
  "threads": 14,
  "error": null
}