{
  "worker_id": 10,
  "hash": "a3d45242e8f2a601",
  "src": "split(ad4d8f586b6dbd0b)",
  "lo_int": [
    0,
    0,
    0,
    0,
    0,
    0,
    0,
    0,
    0,
    0,
    0,
    144115188075855872,
    144115188075855872,
    0,
    144115188075855872,
    0,
    0,
    0,
    0,
    0,
    0,
    0
  ],
  "hi_int": [
    288230376151711744,
    288230376151711744,
    288230376151711744,
    288230376151711744,
    288230376151711744,
    288230376151711744,
    288230376151711744,
    288230376151711744,
    288230376151711744,
    288230376151711744,
    288230376151711744,
    288230376151711744,
    288230376151711744,
    144115188075855872,
    288230376151711744,
    144115188075855872,
    144115188075855872,
    144115188075855872,
    144115188075855872,
    144115188075855872,
    144115188075855872,
    144115188075855872
  ],
  "depth": 54,
  "volume": 2.7755575615628914e-17,
  "lp_val": 1.0904675468272,
  "iters_survived": 6,
  "K": 16,
  "wall_s": 126.28789710998535,
  "verdict": "feas",
  "lambda_star": -1.7740308574841275e-06,
  "status": "solsta.optimal",
  "peak_rss_kb": 50414388,
  "peak_rss_gb": 48.08,
  "threads": 14,
  "error": null
}