{
  "worker_id": 9,
  "hash": "a4076fbed5decf7a",
  "src": "split(12fcabc1c81348e3)",
  "lo_int": [
    0,
    0,
    0,
    0,
    0,
    0,
    0,
    0,
    0,
    0,
    0,
    0,
    0,
    144115188075855872,
    0,
    0,
    0,
    0,
    0,
    0,
    144115188075855872,
    0
  ],
  "hi_int": [
    288230376151711744,
    288230376151711744,
    288230376151711744,
    288230376151711744,
    288230376151711744,
    288230376151711744,
    288230376151711744,
    288230376151711744,
    288230376151711744,
    288230376151711744,
    288230376151711744,
    144115188075855872,
    144115188075855872,
    288230376151711744,
    144115188075855872,
    144115188075855872,
    144115188075855872,
    144115188075855872,
    144115188075855872,
    144115188075855872,
    288230376151711744,
    144115188075855872
  ],
  "depth": 54,
  "volume": 2.7755575615628914e-17,
  "lp_val": 1.0107817201643239,
  "iters_survived": 6,
  "K": 16,
  "wall_s": 74.9475531578064,
  "verdict": "feas",
  "lambda_star": -2.5185251662276983e-06,
  "status": "solsta.optimal",
  "peak_rss_kb": 66493616,
  "peak_rss_gb": 63.41,
  "threads": 14,
  "error": null
}