{
  "worker_id": 9,
  "hash": "a4a356619c7dfebf",
  "src": "split(ad4d8f586b6dbd0b)",
  "lo_int": [
    0,
    0,
    0,
    0,
    0,
    0,
    0,
    0,
    0,
    0,
    0,
    144115188075855872,
    144115188075855872,
    0,
    0,
    0,
    0,
    0,
    0,
    144115188075855872,
    0,
    0
  ],
  "hi_int": [
    288230376151711744,
    288230376151711744,
    288230376151711744,
    288230376151711744,
    288230376151711744,
    288230376151711744,
    288230376151711744,
    288230376151711744,
    288230376151711744,
    288230376151711744,
    288230376151711744,
    288230376151711744,
    288230376151711744,
    144115188075855872,
    144115188075855872,
    144115188075855872,
    144115188075855872,
    144115188075855872,
    144115188075855872,
    288230376151711744,
    144115188075855872,
    144115188075855872
  ],
  "depth": 54,
  "volume": 2.7755575615628914e-17,
  "lp_val": 1.0853933718864104,
  "iters_survived": 6,
  "K": 16,
  "wall_s": 103.87574124336243,
  "verdict": "feas",
  "lambda_star": -1.222633360090923e-06,
  "status": "solsta.optimal",
  "peak_rss_kb": 63131744,
  "peak_rss_gb": 60.21,
  "threads": 14,
  "error": null
}