{
  "worker_id": 5,
  "hash": "a57d28f1017d581c",
  "src": "split(ad4d8f586b6dbd0b)",
  "lo_int": [
    0,
    0,
    0,
    0,
    0,
    0,
    0,
    0,
    0,
    0,
    0,
    144115188075855872,
    0,
    144115188075855872,
    0,
    0,
    0,
    0,
    0,
    0,
    0,
    0
  ],
  "hi_int": [
    288230376151711744,
    288230376151711744,
    288230376151711744,
    288230376151711744,
    288230376151711744,
    288230376151711744,
    288230376151711744,
    288230376151711744,
    288230376151711744,
    288230376151711744,
    288230376151711744,
    288230376151711744,
    144115188075855872,
    288230376151711744,
    144115188075855872,
    144115188075855872,
    144115188075855872,
    144115188075855872,
    144115188075855872,
    144115188075855872,
    144115188075855872,
    144115188075855872
  ],
  "depth": 54,
  "volume": 2.7755575615628914e-17,
  "lp_val": 1.014589515331355,
  "iters_survived": 6,
  "K": 16,
  "wall_s": 120.16689085960388,
  "verdict": "feas",
  "lambda_star": -5.115660511727745e-07,
  "status": "solsta.optimal",
  "peak_rss_kb": 37219332,
  "peak_rss_gb": 35.5,
  "threads": 14,
  "error": null
}