{
  "worker_id": 4,
  "hash": "aa07226dd0ebc023",
  "src": "split(12fcabc1c81348e3)",
  "lo_int": [
    0,
    0,
    0,
    0,
    0,
    0,
    0,
    0,
    0,
    0,
    0,
    0,
    0,
    0,
    0,
    0,
    0,
    144115188075855872,
    0,
    144115188075855872,
    144115188075855872,
    0
  ],
  "hi_int": [
    288230376151711744,
    288230376151711744,
    288230376151711744,
    288230376151711744,
    288230376151711744,
    288230376151711744,
    288230376151711744,
    288230376151711744,
    288230376151711744,
    288230376151711744,
    288230376151711744,
    144115188075855872,
    144115188075855872,
    144115188075855872,
    144115188075855872,
    144115188075855872,
    144115188075855872,
    288230376151711744,
    144115188075855872,
    288230376151711744,
    288230376151711744,
    144115188075855872
  ],
  "depth": 54,
  "volume": 2.7755575615628914e-17,
  "lp_val": 1.1454984847254917,
  "iters_survived": 6,
  "K": 16,
  "wall_s": 121.18393898010254,
  "verdict": "feas",
  "lambda_star": -8.062651879165311e-07,
  "status": "solsta.optimal",
  "peak_rss_kb": 69272608,
  "peak_rss_gb": 66.06,
  "threads": 14,
  "error": null
}