{
  "worker_id": 4,
  "hash": "ad91650af71926ef",
  "src": "split(ad4d8f586b6dbd0b)",
  "lo_int": [
    0,
    0,
    0,
    0,
    0,
    0,
    0,
    0,
    0,
    0,
    0,
    144115188075855872,
    0,
    0,
    144115188075855872,
    0,
    0,
    144115188075855872,
    0,
    0,
    0,
    0
  ],
  "hi_int": [
    288230376151711744,
    288230376151711744,
    288230376151711744,
    288230376151711744,
    288230376151711744,
    288230376151711744,
    288230376151711744,
    288230376151711744,
    288230376151711744,
    288230376151711744,
    288230376151711744,
    288230376151711744,
    144115188075855872,
    144115188075855872,
    288230376151711744,
    144115188075855872,
    144115188075855872,
    288230376151711744,
    144115188075855872,
    144115188075855872,
    144115188075855872,
    144115188075855872
  ],
  "depth": 54,
  "volume": 2.7755575615628914e-17,
  "lp_val": 1.057394919939001,
  "iters_survived": 6,
  "K": 16,
  "wall_s": 116.18980503082275,
  "verdict": "feas",
  "lambda_star": -1.6634781791152015e-06,
  "status": "solsta.optimal",
  "peak_rss_kb": 58819676,
  "peak_rss_gb": 56.09,
  "threads": 14,
  "error": null
}