{
  "worker_id": 1,
  "hash": "aee6080b96ea2e3b",
  "src": "split(e82d7abfe44e73f9)",
  "lo_int": [
    0,
    0,
    0,
    0,
    0,
    0,
    0,
    0,
    0,
    0,
    0,
    0,
    0,
    0,
    144115188075855872,
    144115188075855872,
    0,
    0,
    0,
    0,
    0,
    144115188075855872
  ],
  "hi_int": [
    288230376151711744,
    288230376151711744,
    288230376151711744,
    288230376151711744,
    288230376151711744,
    288230376151711744,
    288230376151711744,
    288230376151711744,
    288230376151711744,
    288230376151711744,
    288230376151711744,
    144115188075855872,
    144115188075855872,
    144115188075855872,
    288230376151711744,
    288230376151711744,
    144115188075855872,
    144115188075855872,
    144115188075855872,
    144115188075855872,
    144115188075855872,
    288230376151711744
  ],
  "depth": 54,
  "volume": 2.7755575615628914e-17,
  "lp_val": 1.1051330750654056,
  "iters_survived": 6,
  "K": 16,
  "wall_s": 119.29180002212524,
  "verdict": "feas",
  "lambda_star": -4.880338721832002e-07,
  "status": "solsta.optimal",
  "peak_rss_kb": 67961232,
  "peak_rss_gb": 64.81,
  "threads": 14,
  "error": null
}