{
  "worker_id": 3,
  "hash": "b2d568749c2eb619",
  "src": "split(ad4d8f586b6dbd0b)",
  "lo_int": [
    0,
    0,
    0,
    0,
    0,
    0,
    0,
    0,
    0,
    0,
    0,
    0,
    0,
    144115188075855872,
    0,
    0,
    144115188075855872,
    0,
    0,
    0,
    0,
    0
  ],
  "hi_int": [
    288230376151711744,
    288230376151711744,
    288230376151711744,
    288230376151711744,
    288230376151711744,
    288230376151711744,
    288230376151711744,
    288230376151711744,
    288230376151711744,
    288230376151711744,
    288230376151711744,
    144115188075855872,
    144115188075855872,
    288230376151711744,
    144115188075855872,
    144115188075855872,
    288230376151711744,
    144115188075855872,
    144115188075855872,
    144115188075855872,
    144115188075855872,
    144115188075855872
  ],
  "depth": 54,
  "volume": 2.7755575615628914e-17,
  "lp_val": 1.0192696562388486,
  "iters_survived": 6,
  "K": 16,
  "wall_s": 115.55267810821533,
  "verdict": "feas",
  "lambda_star": -6.10836457068037e-07,
  "status": "solsta.optimal",
  "peak_rss_kb": 45143504,
  "peak_rss_gb": 43.05,
  "threads": 14,
  "error": null
}