{
  "worker_id": 5,
  "hash": "ba3244e6b8c07276",
  "src": "split(ad4d8f586b6dbd0b)",
  "lo_int": [
    0,
    0,
    0,
    0,
    0,
    0,
    0,
    0,
    0,
    0,
    0,
    0,
    0,
    0,
    144115188075855872,
    0,
    0,
    0,
    0,
    144115188075855872,
    0,
    0
  ],
  "hi_int": [
    288230376151711744,
    288230376151711744,
    288230376151711744,
    288230376151711744,
    288230376151711744,
    288230376151711744,
    288230376151711744,
    288230376151711744,
    288230376151711744,
    288230376151711744,
    288230376151711744,
    144115188075855872,
    144115188075855872,
    144115188075855872,
    288230376151711744,
    144115188075855872,
    144115188075855872,
    144115188075855872,
    144115188075855872,
    288230376151711744,
    144115188075855872,
    144115188075855872
  ],
  "depth": 54,
  "volume": 2.7755575615628914e-17,
  "lp_val": 1.0159640413875883,
  "iters_survived": 6,
  "K": 16,
  "wall_s": 97.85041809082031,
  "verdict": "feas",
  "lambda_star": -9.990329569694315e-07,
  "status": "solsta.optimal",
  "peak_rss_kb": 58745104,
  "peak_rss_gb": 56.02,
  "threads": 14,
  "error": null
}