{
  "worker_id": 11,
  "hash": "bc0b833ee6e79ba6",
  "src": "split(ad4d8f586b6dbd0b)",
  "lo_int": [
    0,
    0,
    0,
    0,
    0,
    0,
    0,
    0,
    0,
    0,
    0,
    0,
    0,
    0,
    0,
    144115188075855872,
    0,
    144115188075855872,
    0,
    144115188075855872,
    0,
    0
  ],
  "hi_int": [
    288230376151711744,
    288230376151711744,
    288230376151711744,
    288230376151711744,
    288230376151711744,
    288230376151711744,
    288230376151711744,
    288230376151711744,
    288230376151711744,
    288230376151711744,
    288230376151711744,
    144115188075855872,
    144115188075855872,
    144115188075855872,
    144115188075855872,
    288230376151711744,
    144115188075855872,
    288230376151711744,
    144115188075855872,
    288230376151711744,
    144115188075855872,
    144115188075855872
  ],
  "depth": 54,
  "volume": 2.7755575615628914e-17,
  "lp_val": 1.1437751179451343,
  "iters_survived": 6,
  "K": 16,
  "wall_s": 104.55229568481445,
  "verdict": "feas",
  "lambda_star": -5.477692524772544e-07,
  "status": "solsta.optimal",
  "peak_rss_kb": 70217488,
  "peak_rss_gb": 66.96,
  "threads": 14,
  "error": null
}