{
  "worker_id": 8,
  "hash": "be62df9cb18e18bf",
  "src": "split(12fcabc1c81348e3)",
  "lo_int": [
    0,
    0,
    0,
    0,
    0,
    0,
    0,
    0,
    0,
    0,
    0,
    0,
    144115188075855872,
    0,
    0,
    0,
    0,
    144115188075855872,
    0,
    0,
    144115188075855872,
    0
  ],
  "hi_int": [
    288230376151711744,
    288230376151711744,
    288230376151711744,
    288230376151711744,
    288230376151711744,
    288230376151711744,
    288230376151711744,
    288230376151711744,
    288230376151711744,
    288230376151711744,
    288230376151711744,
    144115188075855872,
    288230376151711744,
    144115188075855872,
    144115188075855872,
    144115188075855872,
    144115188075855872,
    288230376151711744,
    144115188075855872,
    144115188075855872,
    288230376151711744,
    144115188075855872
  ],
  "depth": 54,
  "volume": 2.7755575615628914e-17,
  "lp_val": 1.0668355558075029,
  "iters_survived": 6,
  "K": 16,
  "wall_s": 108.31104588508606,
  "verdict": "feas",
  "lambda_star": -2.532578394358594e-06,
  "status": "solsta.optimal",
  "peak_rss_kb": 66917712,
  "peak_rss_gb": 63.82,
  "threads": 14,
  "error": null
}