{
  "worker_id": 10,
  "hash": "bf39ac4e53832820",
  "src": "split(ad4d8f586b6dbd0b)",
  "lo_int": [
    0,
    0,
    0,
    0,
    0,
    0,
    0,
    0,
    0,
    0,
    0,
    144115188075855872,
    0,
    0,
    0,
    0,
    0,
    0,
    144115188075855872,
    144115188075855872,
    0,
    0
  ],
  "hi_int": [
    288230376151711744,
    288230376151711744,
    288230376151711744,
    288230376151711744,
    288230376151711744,
    288230376151711744,
    288230376151711744,
    288230376151711744,
    288230376151711744,
    288230376151711744,
    288230376151711744,
    288230376151711744,
    144115188075855872,
    144115188075855872,
    144115188075855872,
    144115188075855872,
    144115188075855872,
    144115188075855872,
    288230376151711744,
    288230376151711744,
    144115188075855872,
    144115188075855872
  ],
  "depth": 54,
  "volume": 2.7755575615628914e-17,
  "lp_val": 1.1052008606089267,
  "iters_survived": 6,
  "K": 16,
  "wall_s": 99.36122369766235,
  "verdict": "feas",
  "lambda_star": -4.703815130651075e-07,
  "status": "solsta.optimal",
  "peak_rss_kb": 66170372,
  "peak_rss_gb": 63.1,
  "threads": 14,
  "error": null
}