{
  "worker_id": 6,
  "hash": "c0fdbc38933831a2",
  "src": "split(ad4d8f586b6dbd0b)",
  "lo_int": [
    0,
    0,
    0,
    0,
    0,
    0,
    0,
    0,
    0,
    0,
    0,
    144115188075855872,
    0,
    0,
    144115188075855872,
    0,
    0,
    0,
    144115188075855872,
    0,
    0,
    0
  ],
  "hi_int": [
    288230376151711744,
    288230376151711744,
    288230376151711744,
    288230376151711744,
    288230376151711744,
    288230376151711744,
    288230376151711744,
    288230376151711744,
    288230376151711744,
    288230376151711744,
    288230376151711744,
    288230376151711744,
    144115188075855872,
    144115188075855872,
    288230376151711744,
    144115188075855872,
    144115188075855872,
    144115188075855872,
    288230376151711744,
    144115188075855872,
    144115188075855872,
    144115188075855872
  ],
  "depth": 54,
  "volume": 2.7755575615628914e-17,
  "lp_val": 1.0414627492923665,
  "iters_survived": 6,
  "K": 16,
  "wall_s": 106.81306052207947,
  "verdict": "feas",
  "lambda_star": -2.682060725650915e-06,
  "status": "solsta.optimal",
  "peak_rss_kb": 64554512,
  "peak_rss_gb": 61.56,
  "threads": 14,
  "error": null
}