{
  "worker_id": 3,
  "hash": "c1a494daf85fc06c",
  "src": "split(ad4d8f586b6dbd0b)",
  "lo_int": [
    0,
    0,
    0,
    0,
    0,
    0,
    0,
    0,
    0,
    0,
    0,
    0,
    0,
    0,
    144115188075855872,
    0,
    144115188075855872,
    144115188075855872,
    0,
    0,
    0,
    0
  ],
  "hi_int": [
    288230376151711744,
    288230376151711744,
    288230376151711744,
    288230376151711744,
    288230376151711744,
    288230376151711744,
    288230376151711744,
    288230376151711744,
    288230376151711744,
    288230376151711744,
    288230376151711744,
    144115188075855872,
    144115188075855872,
    144115188075855872,
    288230376151711744,
    144115188075855872,
    288230376151711744,
    288230376151711744,
    144115188075855872,
    144115188075855872,
    144115188075855872,
    144115188075855872
  ],
  "depth": 54,
  "volume": 2.7755575615628914e-17,
  "lp_val": 1.1571115188790817,
  "iters_survived": 6,
  "K": 16,
  "wall_s": 105.98126745223999,
  "verdict": "feas",
  "lambda_star": -2.1595815576586464e-06,
  "status": "solsta.optimal",
  "peak_rss_kb": 56910024,
  "peak_rss_gb": 54.27,
  "threads": 14,
  "error": null
}