{
  "worker_id": 12,
  "hash": "c5d94bd71903d942",
  "src": "split(ad4d8f586b6dbd0b)",
  "lo_int": [
    0,
    0,
    0,
    0,
    0,
    0,
    0,
    0,
    0,
    0,
    0,
    144115188075855872,
    0,
    0,
    144115188075855872,
    0,
    144115188075855872,
    0,
    0,
    0,
    0,
    0
  ],
  "hi_int": [
    288230376151711744,
    288230376151711744,
    288230376151711744,
    288230376151711744,
    288230376151711744,
    288230376151711744,
    288230376151711744,
    288230376151711744,
    288230376151711744,
    288230376151711744,
    288230376151711744,
    288230376151711744,
    144115188075855872,
    144115188075855872,
    288230376151711744,
    144115188075855872,
    288230376151711744,
    144115188075855872,
    144115188075855872,
    144115188075855872,
    144115188075855872,
    144115188075855872
  ],
  "depth": 54,
  "volume": 2.7755575615628914e-17,
  "lp_val": 1.084011642822825,
  "iters_survived": 6,
  "K": 16,
  "wall_s": 101.7420334815979,
  "verdict": "feas",
  "lambda_star": -2.1277715207501965e-06,
  "status": "solsta.optimal",
  "peak_rss_kb": 47565876,
  "peak_rss_gb": 45.36,
  "threads": 14,
  "error": null
}