{
  "worker_id": 4,
  "hash": "c6d68242f6994753",
  "src": "split(12fcabc1c81348e3)",
  "lo_int": [
    0,
    0,
    0,
    0,
    0,
    0,
    0,
    0,
    0,
    0,
    0,
    144115188075855872,
    0,
    0,
    0,
    144115188075855872,
    0,
    0,
    0,
    0,
    144115188075855872,
    0
  ],
  "hi_int": [
    288230376151711744,
    288230376151711744,
    288230376151711744,
    288230376151711744,
    288230376151711744,
    288230376151711744,
    288230376151711744,
    288230376151711744,
    288230376151711744,
    288230376151711744,
    288230376151711744,
    288230376151711744,
    144115188075855872,
    144115188075855872,
    144115188075855872,
    288230376151711744,
    144115188075855872,
    144115188075855872,
    144115188075855872,
    144115188075855872,
    288230376151711744,
    144115188075855872
  ],
  "depth": 54,
  "volume": 2.7755575615628914e-17,
  "lp_val": 1.0151973384229878,
  "iters_survived": 6,
  "K": 16,
  "wall_s": 112.14541602134705,
  "verdict": "feas",
  "lambda_star": -5.687258215293726e-07,
  "status": "solsta.optimal",
  "peak_rss_kb": 69272608,
  "peak_rss_gb": 66.06,
  "threads": 14,
  "error": null
}