{
  "worker_id": 12,
  "hash": "c841182d2ac8356b",
  "src": "split(e82d7abfe44e73f9)",
  "lo_int": [
    0,
    0,
    0,
    0,
    0,
    0,
    0,
    0,
    0,
    0,
    0,
    0,
    0,
    0,
    0,
    0,
    0,
    0,
    0,
    0,
    0,
    144115188075855872
  ],
  "hi_int": [
    288230376151711744,
    288230376151711744,
    288230376151711744,
    288230376151711744,
    288230376151711744,
    288230376151711744,
    288230376151711744,
    288230376151711744,
    288230376151711744,
    288230376151711744,
    288230376151711744,
    144115188075855872,
    144115188075855872,
    144115188075855872,
    144115188075855872,
    144115188075855872,
    144115188075855872,
    144115188075855872,
    144115188075855872,
    144115188075855872,
    144115188075855872,
    288230376151711744
  ],
  "depth": 54,
  "volume": 2.7755575615628914e-17,
  "lp_val": 0.9999999999999996,
  "iters_survived": 6,
  "K": 16,
  "wall_s": 71.6638970375061,
  "verdict": "feas",
  "lambda_star": -9.471687825072559e-07,
  "status": "solsta.optimal",
  "peak_rss_kb": 64637464,
  "peak_rss_gb": 61.64,
  "threads": 14,
  "error": null
}