{
  "worker_id": 11,
  "hash": "c84c02d42206813e",
  "src": "split(12fcabc1c81348e3)",
  "lo_int": [
    0,
    0,
    0,
    0,
    0,
    0,
    0,
    0,
    0,
    0,
    0,
    0,
    0,
    0,
    144115188075855872,
    0,
    0,
    0,
    0,
    0,
    144115188075855872,
    0
  ],
  "hi_int": [
    288230376151711744,
    288230376151711744,
    288230376151711744,
    288230376151711744,
    288230376151711744,
    288230376151711744,
    288230376151711744,
    288230376151711744,
    288230376151711744,
    288230376151711744,
    288230376151711744,
    144115188075855872,
    144115188075855872,
    144115188075855872,
    288230376151711744,
    144115188075855872,
    144115188075855872,
    144115188075855872,
    144115188075855872,
    144115188075855872,
    288230376151711744,
    144115188075855872
  ],
  "depth": 54,
  "volume": 2.7755575615628914e-17,
  "lp_val": 1.0110221507012855,
  "iters_survived": 6,
  "K": 16,
  "wall_s": 105.38913989067078,
  "verdict": "feas",
  "lambda_star": -2.0355261393418476e-06,
  "status": "solsta.optimal",
  "peak_rss_kb": 70217488,
  "peak_rss_gb": 66.96,
  "threads": 14,
  "error": null
}