{
  "worker_id": 0,
  "hash": "ca006b03d7b8bb88",
  "src": "split(e82d7abfe44e73f9)",
  "lo_int": [
    0,
    0,
    0,
    0,
    0,
    0,
    0,
    0,
    0,
    0,
    0,
    144115188075855872,
    0,
    0,
    0,
    0,
    0,
    0,
    0,
    144115188075855872,
    0,
    144115188075855872
  ],
  "hi_int": [
    288230376151711744,
    288230376151711744,
    288230376151711744,
    288230376151711744,
    288230376151711744,
    288230376151711744,
    288230376151711744,
    288230376151711744,
    288230376151711744,
    288230376151711744,
    288230376151711744,
    288230376151711744,
    144115188075855872,
    144115188075855872,
    144115188075855872,
    144115188075855872,
    144115188075855872,
    144115188075855872,
    144115188075855872,
    288230376151711744,
    144115188075855872,
    288230376151711744
  ],
  "depth": 54,
  "volume": 2.7755575615628914e-17,
  "lp_val": 1.0370675038720052,
  "iters_survived": 6,
  "K": 16,
  "wall_s": 117.01367926597595,
  "verdict": "feas",
  "lambda_star": -7.255062645846406e-07,
  "status": "solsta.optimal",
  "peak_rss_kb": 66154076,
  "peak_rss_gb": 63.09,
  "threads": 14,
  "error": null
}