{
  "worker_id": 12,
  "hash": "cb06e50317abfa72",
  "src": "split(12fcabc1c81348e3)",
  "lo_int": [
    0,
    0,
    0,
    0,
    0,
    0,
    0,
    0,
    0,
    0,
    0,
    144115188075855872,
    0,
    0,
    0,
    0,
    0,
    144115188075855872,
    0,
    0,
    144115188075855872,
    0
  ],
  "hi_int": [
    288230376151711744,
    288230376151711744,
    288230376151711744,
    288230376151711744,
    288230376151711744,
    288230376151711744,
    288230376151711744,
    288230376151711744,
    288230376151711744,
    288230376151711744,
    288230376151711744,
    288230376151711744,
    144115188075855872,
    144115188075855872,
    144115188075855872,
    144115188075855872,
    144115188075855872,
    288230376151711744,
    144115188075855872,
    144115188075855872,
    288230376151711744,
    144115188075855872
  ],
  "depth": 54,
  "volume": 2.7755575615628914e-17,
  "lp_val": 1.0662492896920108,
  "iters_survived": 6,
  "K": 16,
  "wall_s": 107.694833278656,
  "verdict": "feas",
  "lambda_star": -6.121069093834062e-07,
  "status": "solsta.optimal",
  "peak_rss_kb": 62726060,
  "peak_rss_gb": 59.82,
  "threads": 14,
  "error": null
}