{
  "worker_id": 2,
  "hash": "cf3fdcccf6f9812f",
  "src": "split(12fcabc1c81348e3)",
  "lo_int": [
    0,
    0,
    0,
    0,
    0,
    0,
    0,
    0,
    0,
    0,
    0,
    0,
    144115188075855872,
    0,
    0,
    0,
    144115188075855872,
    0,
    144115188075855872,
    0,
    144115188075855872,
    0
  ],
  "hi_int": [
    288230376151711744,
    288230376151711744,
    288230376151711744,
    288230376151711744,
    288230376151711744,
    288230376151711744,
    288230376151711744,
    288230376151711744,
    288230376151711744,
    288230376151711744,
    288230376151711744,
    144115188075855872,
    288230376151711744,
    144115188075855872,
    144115188075855872,
    144115188075855872,
    288230376151711744,
    144115188075855872,
    288230376151711744,
    144115188075855872,
    288230376151711744,
    144115188075855872
  ],
  "depth": 54,
  "volume": 2.7755575615628914e-17,
  "lp_val": 1.2350990597716585,
  "iters_survived": 6,
  "K": 16,
  "wall_s": 144.35884952545166,
  "verdict": "infeas",
  "lambda_star": 0.9999999999999563,
  "status": "solsta.optimal",
  "peak_rss_kb": 69379220,
  "peak_rss_gb": 66.17,
  "threads": 14,
  "error": null
}