{
  "worker_id": 1,
  "hash": "d1295112431a5c54",
  "src": "split(ad4d8f586b6dbd0b)",
  "lo_int": [
    0,
    0,
    0,
    0,
    0,
    0,
    0,
    0,
    0,
    0,
    0,
    144115188075855872,
    144115188075855872,
    0,
    0,
    0,
    0,
    144115188075855872,
    0,
    0,
    0,
    0
  ],
  "hi_int": [
    288230376151711744,
    288230376151711744,
    288230376151711744,
    288230376151711744,
    288230376151711744,
    288230376151711744,
    288230376151711744,
    288230376151711744,
    288230376151711744,
    288230376151711744,
    288230376151711744,
    288230376151711744,
    288230376151711744,
    144115188075855872,
    144115188075855872,
    144115188075855872,
    144115188075855872,
    288230376151711744,
    144115188075855872,
    144115188075855872,
    144115188075855872,
    144115188075855872
  ],
  "depth": 54,
  "volume": 2.7755575615628914e-17,
  "lp_val": 1.0716721542803382,
  "iters_survived": 6,
  "K": 16,
  "wall_s": 115.00044918060303,
  "verdict": "feas",
  "lambda_star": -2.3625056537623994e-06,
  "status": "solsta.optimal",
  "peak_rss_kb": 49871344,
  "peak_rss_gb": 47.56,
  "threads": 14,
  "error": null
}