{
  "worker_id": 5,
  "hash": "d4113b02335bf28c",
  "src": "split(e82d7abfe44e73f9)",
  "lo_int": [
    0,
    0,
    0,
    0,
    0,
    0,
    0,
    0,
    0,
    0,
    0,
    144115188075855872,
    0,
    0,
    144115188075855872,
    0,
    0,
    0,
    0,
    0,
    0,
    144115188075855872
  ],
  "hi_int": [
    288230376151711744,
    288230376151711744,
    288230376151711744,
    288230376151711744,
    288230376151711744,
    288230376151711744,
    288230376151711744,
    288230376151711744,
    288230376151711744,
    288230376151711744,
    288230376151711744,
    288230376151711744,
    144115188075855872,
    144115188075855872,
    288230376151711744,
    144115188075855872,
    144115188075855872,
    144115188075855872,
    144115188075855872,
    144115188075855872,
    144115188075855872,
    288230376151711744
  ],
  "depth": 54,
  "volume": 2.7755575615628914e-17,
  "lp_val": 1.0000000000000002,
  "iters_survived": 6,
  "K": 16,
  "wall_s": 100.77052402496338,
  "verdict": "feas",
  "lambda_star": -1.284900010189901e-06,
  "status": "solsta.optimal",
  "peak_rss_kb": 66678044,
  "peak_rss_gb": 63.59,
  "threads": 14,
  "error": null
}