{
  "worker_id": 8,
  "hash": "d70a85231ad37385",
  "src": "split(15d4e341ea7c9e0f)",
  "lo_int": [
    0,
    0,
    0,
    0,
    0,
    0,
    0,
    0,
    0,
    0,
    0,
    0,
    0,
    144115188075855872,
    0,
    144115188075855872,
    0,
    0,
    0,
    0,
    144115188075855872,
    144115188075855872
  ],
  "hi_int": [
    288230376151711744,
    288230376151711744,
    288230376151711744,
    288230376151711744,
    288230376151711744,
    288230376151711744,
    288230376151711744,
    288230376151711744,
    288230376151711744,
    288230376151711744,
    288230376151711744,
    144115188075855872,
    144115188075855872,
    288230376151711744,
    144115188075855872,
    288230376151711744,
    144115188075855872,
    144115188075855872,
    144115188075855872,
    144115188075855872,
    288230376151711744,
    288230376151711744
  ],
  "depth": 54,
  "volume": 2.7755575615628914e-17,
  "lp_val": 1.2283333333333335,
  "iters_survived": 6,
  "K": 16,
  "wall_s": 110.96224331855774,
  "verdict": "feas",
  "lambda_star": -7.149260902123707e-07,
  "status": "solsta.optimal",
  "peak_rss_kb": 67973324,
  "peak_rss_gb": 64.82,
  "threads": 14,
  "error": null
}