{
  "worker_id": 11,
  "hash": "d73cce97fc032e5d",
  "src": "split(ad4d8f586b6dbd0b)",
  "lo_int": [
    0,
    0,
    0,
    0,
    0,
    0,
    0,
    0,
    0,
    0,
    0,
    0,
    0,
    144115188075855872,
    144115188075855872,
    0,
    0,
    0,
    0,
    0,
    0,
    0
  ],
  "hi_int": [
    288230376151711744,
    288230376151711744,
    288230376151711744,
    288230376151711744,
    288230376151711744,
    288230376151711744,
    288230376151711744,
    288230376151711744,
    288230376151711744,
    288230376151711744,
    288230376151711744,
    144115188075855872,
    144115188075855872,
    288230376151711744,
    288230376151711744,
    144115188075855872,
    144115188075855872,
    144115188075855872,
    144115188075855872,
    144115188075855872,
    144115188075855872,
    144115188075855872
  ],
  "depth": 54,
  "volume": 2.7755575615628914e-17,
  "lp_val": 1.0226562499999996,
  "iters_survived": 6,
  "K": 16,
  "wall_s": 139.0607397556305,
  "verdict": "infeas",
  "lambda_star": 0.9999999999889883,
  "status": "solsta.optimal",
  "peak_rss_kb": 44028992,
  "peak_rss_gb": 41.99,
  "threads": 14,
  "error": null
}