{
  "worker_id": 11,
  "hash": "d80a208a98725e7b",
  "src": "split(e82d7abfe44e73f9)",
  "lo_int": [
    0,
    0,
    0,
    0,
    0,
    0,
    0,
    0,
    0,
    0,
    0,
    144115188075855872,
    0,
    144115188075855872,
    0,
    0,
    0,
    0,
    144115188075855872,
    0,
    0,
    144115188075855872
  ],
  "hi_int": [
    288230376151711744,
    288230376151711744,
    288230376151711744,
    288230376151711744,
    288230376151711744,
    288230376151711744,
    288230376151711744,
    288230376151711744,
    288230376151711744,
    288230376151711744,
    288230376151711744,
    288230376151711744,
    144115188075855872,
    288230376151711744,
    144115188075855872,
    144115188075855872,
    144115188075855872,
    144115188075855872,
    288230376151711744,
    144115188075855872,
    144115188075855872,
    288230376151711744
  ],
  "depth": 54,
  "volume": 2.7755575615628914e-17,
  "lp_val": 1.162445619091951,
  "iters_survived": 6,
  "K": 16,
  "wall_s": 92.96372842788696,
  "verdict": "feas",
  "lambda_star": -2.3046606796899442e-06,
  "status": "solsta.optimal",
  "peak_rss_kb": 70217488,
  "peak_rss_gb": 66.96,
  "threads": 14,
  "error": null
}