{
  "worker_id": 9,
  "hash": "d893f883514b33a3",
  "src": "split(ad4d8f586b6dbd0b)",
  "lo_int": [
    0,
    0,
    0,
    0,
    0,
    0,
    0,
    0,
    0,
    0,
    0,
    0,
    0,
    0,
    144115188075855872,
    0,
    144115188075855872,
    0,
    0,
    144115188075855872,
    0,
    0
  ],
  "hi_int": [
    288230376151711744,
    288230376151711744,
    288230376151711744,
    288230376151711744,
    288230376151711744,
    288230376151711744,
    288230376151711744,
    288230376151711744,
    288230376151711744,
    288230376151711744,
    288230376151711744,
    144115188075855872,
    144115188075855872,
    144115188075855872,
    288230376151711744,
    144115188075855872,
    288230376151711744,
    144115188075855872,
    144115188075855872,
    288230376151711744,
    144115188075855872,
    144115188075855872
  ],
  "depth": 54,
  "volume": 2.7755575615628914e-17,
  "lp_val": 1.1070497600823521,
  "iters_survived": 6,
  "K": 16,
  "wall_s": 97.43292236328125,
  "verdict": "feas",
  "lambda_star": -1.943020285658764e-06,
  "status": "solsta.optimal",
  "peak_rss_kb": 64130724,
  "peak_rss_gb": 61.16,
  "threads": 14,
  "error": null
}