{
  "worker_id": 2,
  "hash": "dbf9649c34ba0a1d",
  "src": "split(e82d7abfe44e73f9)",
  "lo_int": [
    0,
    0,
    0,
    0,
    0,
    0,
    0,
    0,
    0,
    0,
    0,
    0,
    0,
    0,
    0,
    0,
    144115188075855872,
    144115188075855872,
    0,
    0,
    0,
    144115188075855872
  ],
  "hi_int": [
    288230376151711744,
    288230376151711744,
    288230376151711744,
    288230376151711744,
    288230376151711744,
    288230376151711744,
    288230376151711744,
    288230376151711744,
    288230376151711744,
    288230376151711744,
    288230376151711744,
    144115188075855872,
    144115188075855872,
    144115188075855872,
    144115188075855872,
    144115188075855872,
    288230376151711744,
    288230376151711744,
    144115188075855872,
    144115188075855872,
    144115188075855872,
    288230376151711744
  ],
  "depth": 54,
  "volume": 2.7755575615628914e-17,
  "lp_val": 1.1312985054326086,
  "iters_survived": 6,
  "K": 16,
  "wall_s": 115.15411734580994,
  "verdict": "feas",
  "lambda_star": -1.2937571173403164e-06,
  "status": "solsta.optimal",
  "peak_rss_kb": 69448756,
  "peak_rss_gb": 66.23,
  "threads": 14,
  "error": null
}