{
  "worker_id": 9,
  "hash": "dd7c557f85c63672",
  "src": "split(ad4d8f586b6dbd0b)",
  "lo_int": [
    0,
    0,
    0,
    0,
    0,
    0,
    0,
    0,
    0,
    0,
    0,
    0,
    144115188075855872,
    0,
    144115188075855872,
    0,
    0,
    0,
    144115188075855872,
    0,
    0,
    0
  ],
  "hi_int": [
    288230376151711744,
    288230376151711744,
    288230376151711744,
    288230376151711744,
    288230376151711744,
    288230376151711744,
    288230376151711744,
    288230376151711744,
    288230376151711744,
    288230376151711744,
    288230376151711744,
    144115188075855872,
    288230376151711744,
    144115188075855872,
    288230376151711744,
    144115188075855872,
    144115188075855872,
    144115188075855872,
    288230376151711744,
    144115188075855872,
    144115188075855872,
    144115188075855872
  ],
  "depth": 54,
  "volume": 2.7755575615628914e-17,
  "lp_val": 1.0711229147031667,
  "iters_survived": 6,
  "K": 16,
  "wall_s": 111.31230235099792,
  "verdict": "feas",
  "lambda_star": -1.210220879954895e-06,
  "status": "solsta.optimal",
  "peak_rss_kb": 56195464,
  "peak_rss_gb": 53.59,
  "threads": 14,
  "error": null
}