{
  "worker_id": 10,
  "hash": "dedf7b5844190b66",
  "src": "split(e82d7abfe44e73f9)",
  "lo_int": [
    0,
    0,
    0,
    0,
    0,
    0,
    0,
    0,
    0,
    0,
    0,
    0,
    0,
    0,
    144115188075855872,
    0,
    0,
    0,
    0,
    144115188075855872,
    0,
    144115188075855872
  ],
  "hi_int": [
    288230376151711744,
    288230376151711744,
    288230376151711744,
    288230376151711744,
    288230376151711744,
    288230376151711744,
    288230376151711744,
    288230376151711744,
    288230376151711744,
    288230376151711744,
    288230376151711744,
    144115188075855872,
    144115188075855872,
    144115188075855872,
    288230376151711744,
    144115188075855872,
    144115188075855872,
    144115188075855872,
    144115188075855872,
    288230376151711744,
    144115188075855872,
    288230376151711744
  ],
  "depth": 54,
  "volume": 2.7755575615628914e-17,
  "lp_val": 1.0791785645463623,
  "iters_survived": 6,
  "K": 16,
  "wall_s": 117.24248909950256,
  "verdict": "feas",
  "lambda_star": -8.842468436820063e-07,
  "status": "solsta.optimal",
  "peak_rss_kb": 66562792,
  "peak_rss_gb": 63.48,
  "threads": 14,
  "error": null
}