{
  "worker_id": 6,
  "hash": "e3ca3fd52d30b523",
  "src": "split(12fcabc1c81348e3)",
  "lo_int": [
    0,
    0,
    0,
    0,
    0,
    0,
    0,
    0,
    0,
    0,
    0,
    0,
    144115188075855872,
    0,
    0,
    0,
    0,
    144115188075855872,
    144115188075855872,
    0,
    144115188075855872,
    0
  ],
  "hi_int": [
    288230376151711744,
    288230376151711744,
    288230376151711744,
    288230376151711744,
    288230376151711744,
    288230376151711744,
    288230376151711744,
    288230376151711744,
    288230376151711744,
    288230376151711744,
    288230376151711744,
    144115188075855872,
    288230376151711744,
    144115188075855872,
    144115188075855872,
    144115188075855872,
    144115188075855872,
    288230376151711744,
    288230376151711744,
    144115188075855872,
    288230376151711744,
    144115188075855872
  ],
  "depth": 54,
  "volume": 2.7755575615628914e-17,
  "lp_val": 1.2642728365384617,
  "iters_survived": 6,
  "K": 16,
  "wall_s": 120.06841254234314,
  "verdict": "infeas",
  "lambda_star": 0.9999999994658553,
  "status": "solsta.optimal",
  "peak_rss_kb": 68011052,
  "peak_rss_gb": 64.86,
  "threads": 14,
  "error": null
}