{
  "worker_id": 3,
  "hash": "e72438d57bb9aa12",
  "src": "split(ad4d8f586b6dbd0b)",
  "lo_int": [
    0,
    0,
    0,
    0,
    0,
    0,
    0,
    0,
    0,
    0,
    0,
    0,
    0,
    0,
    0,
    144115188075855872,
    0,
    144115188075855872,
    144115188075855872,
    0,
    0,
    0
  ],
  "hi_int": [
    288230376151711744,
    288230376151711744,
    288230376151711744,
    288230376151711744,
    288230376151711744,
    288230376151711744,
    288230376151711744,
    288230376151711744,
    288230376151711744,
    288230376151711744,
    288230376151711744,
    144115188075855872,
    144115188075855872,
    144115188075855872,
    144115188075855872,
    288230376151711744,
    144115188075855872,
    288230376151711744,
    288230376151711744,
    144115188075855872,
    144115188075855872,
    144115188075855872
  ],
  "depth": 54,
  "volume": 2.7755575615628914e-17,
  "lp_val": 1.1769027199626179,
  "iters_survived": 6,
  "K": 16,
  "wall_s": 153.09196066856384,
  "verdict": "infeas",
  "lambda_star": 0.9999935430056757,
  "status": "solsta.optimal",
  "peak_rss_kb": 59009732,
  "peak_rss_gb": 56.28,
  "threads": 14,
  "error": null
}