{
  "worker_id": 5,
  "hash": "eebdf14b5ddd1452",
  "src": "split(ad4d8f586b6dbd0b)",
  "lo_int": [
    0,
    0,
    0,
    0,
    0,
    0,
    0,
    0,
    0,
    0,
    0,
    0,
    0,
    0,
    0,
    144115188075855872,
    0,
    0,
    0,
    0,
    0,
    0
  ],
  "hi_int": [
    288230376151711744,
    288230376151711744,
    288230376151711744,
    288230376151711744,
    288230376151711744,
    288230376151711744,
    288230376151711744,
    288230376151711744,
    288230376151711744,
    288230376151711744,
    288230376151711744,
    144115188075855872,
    144115188075855872,
    144115188075855872,
    144115188075855872,
    288230376151711744,
    144115188075855872,
    144115188075855872,
    144115188075855872,
    144115188075855872,
    144115188075855872,
    144115188075855872
  ],
  "depth": 54,
  "volume": 2.7755575615628914e-17,
  "lp_val": 1.0089941470249257,
  "iters_survived": 6,
  "K": 16,
  "wall_s": 98.51283860206604,
  "verdict": "feas",
  "lambda_star": -9.941700954705054e-07,
  "status": "solsta.optimal",
  "peak_rss_kb": 55218980,
  "peak_rss_gb": 52.66,
  "threads": 14,
  "error": null
}