{
  "worker_id": 4,
  "hash": "f4256ccc10cc6394",
  "src": "split(15d4e341ea7c9e0f)",
  "lo_int": [
    0,
    0,
    0,
    0,
    0,
    0,
    0,
    0,
    0,
    0,
    0,
    144115188075855872,
    0,
    0,
    0,
    0,
    0,
    0,
    0,
    0,
    144115188075855872,
    144115188075855872
  ],
  "hi_int": [
    288230376151711744,
    288230376151711744,
    288230376151711744,
    288230376151711744,
    288230376151711744,
    288230376151711744,
    288230376151711744,
    288230376151711744,
    288230376151711744,
    288230376151711744,
    288230376151711744,
    288230376151711744,
    144115188075855872,
    144115188075855872,
    144115188075855872,
    144115188075855872,
    144115188075855872,
    144115188075855872,
    144115188075855872,
    144115188075855872,
    288230376151711744,
    288230376151711744
  ],
  "depth": 54,
  "volume": 2.7755575615628914e-17,
  "lp_val": 1.0711175429008686,
  "iters_survived": 6,
  "K": 16,
  "wall_s": 108.76073169708252,
  "verdict": "feas",
  "lambda_star": -9.709513526875324e-07,
  "status": "solsta.optimal",
  "peak_rss_kb": 69351876,
  "peak_rss_gb": 66.14,
  "threads": 14,
  "error": null
}