{
  "worker_id": 1,
  "hash": "f44fa09696326994",
  "src": "split(ad4d8f586b6dbd0b)",
  "lo_int": [
    0,
    0,
    0,
    0,
    0,
    0,
    0,
    0,
    0,
    0,
    0,
    144115188075855872,
    0,
    144115188075855872,
    0,
    0,
    144115188075855872,
    0,
    0,
    0,
    0,
    0
  ],
  "hi_int": [
    288230376151711744,
    288230376151711744,
    288230376151711744,
    288230376151711744,
    288230376151711744,
    288230376151711744,
    288230376151711744,
    288230376151711744,
    288230376151711744,
    288230376151711744,
    288230376151711744,
    288230376151711744,
    144115188075855872,
    288230376151711744,
    144115188075855872,
    144115188075855872,
    288230376151711744,
    144115188075855872,
    144115188075855872,
    144115188075855872,
    144115188075855872,
    144115188075855872
  ],
  "depth": 54,
  "volume": 2.7755575615628914e-17,
  "lp_val": 1.0687129885221263,
  "iters_survived": 6,
  "K": 16,
  "wall_s": 119.51356196403503,
  "verdict": "feas",
  "lambda_star": -6.150840801547176e-07,
  "status": "solsta.optimal",
  "peak_rss_kb": 33000736,
  "peak_rss_gb": 31.47,
  "threads": 14,
  "error": null
}