{
  "worker_id": 9,
  "hash": "f55e9969941e473b",
  "src": "split(12fcabc1c81348e3)",
  "lo_int": [
    0,
    0,
    0,
    0,
    0,
    0,
    0,
    0,
    0,
    0,
    0,
    144115188075855872,
    0,
    144115188075855872,
    144115188075855872,
    0,
    0,
    0,
    0,
    0,
    144115188075855872,
    0
  ],
  "hi_int": [
    288230376151711744,
    288230376151711744,
    288230376151711744,
    288230376151711744,
    288230376151711744,
    288230376151711744,
    288230376151711744,
    288230376151711744,
    288230376151711744,
    288230376151711744,
    288230376151711744,
    288230376151711744,
    144115188075855872,
    288230376151711744,
    288230376151711744,
    144115188075855872,
    144115188075855872,
    144115188075855872,
    144115188075855872,
    144115188075855872,
    288230376151711744,
    144115188075855872
  ],
  "depth": 54,
  "volume": 2.7755575615628914e-17,
  "lp_val": 1.2411476355247983,
  "iters_survived": 6,
  "K": 16,
  "wall_s": 89.66639351844788,
  "verdict": "infeas",
  "lambda_star": 0.9999999996319393,
  "status": "solsta.optimal",
  "peak_rss_kb": 67091212,
  "peak_rss_gb": 63.98,
  "threads": 14,
  "error": null
}