{
  "worker_id": 9,
  "hash": "f5acdcdeaae44f29",
  "src": "split(15d4e341ea7c9e0f)",
  "lo_int": [
    0,
    0,
    0,
    0,
    0,
    0,
    0,
    0,
    0,
    0,
    0,
    0,
    0,
    0,
    144115188075855872,
    0,
    0,
    0,
    0,
    144115188075855872,
    144115188075855872,
    144115188075855872
  ],
  "hi_int": [
    288230376151711744,
    288230376151711744,
    288230376151711744,
    288230376151711744,
    288230376151711744,
    288230376151711744,
    288230376151711744,
    288230376151711744,
    288230376151711744,
    288230376151711744,
    288230376151711744,
    144115188075855872,
    144115188075855872,
    144115188075855872,
    288230376151711744,
    144115188075855872,
    144115188075855872,
    144115188075855872,
    144115188075855872,
    288230376151711744,
    288230376151711744,
    288230376151711744
  ],
  "depth": 54,
  "volume": 2.7755575615628914e-17,
  "lp_val": 1.2452191398555479,
  "iters_survived": 6,
  "K": 16,
  "wall_s": 160.43574953079224,
  "verdict": "infeas",
  "lambda_star": 0.9999999999831529,
  "status": "solsta.optimal",
  "peak_rss_kb": 70526012,
  "peak_rss_gb": 67.26,
  "threads": 14,
  "error": null
}