{
  "worker_id": 7,
  "hash": "f7397bde654292d4",
  "src": "split(ad4d8f586b6dbd0b)",
  "lo_int": [
    0,
    0,
    0,
    0,
    0,
    0,
    0,
    0,
    0,
    0,
    0,
    0,
    0,
    0,
    0,
    144115188075855872,
    0,
    144115188075855872,
    0,
    0,
    0,
    0
  ],
  "hi_int": [
    288230376151711744,
    288230376151711744,
    288230376151711744,
    288230376151711744,
    288230376151711744,
    288230376151711744,
    288230376151711744,
    288230376151711744,
    288230376151711744,
    288230376151711744,
    288230376151711744,
    144115188075855872,
    144115188075855872,
    144115188075855872,
    144115188075855872,
    288230376151711744,
    144115188075855872,
    288230376151711744,
    144115188075855872,
    144115188075855872,
    144115188075855872,
    144115188075855872
  ],
  "depth": 54,
  "volume": 2.7755575615628914e-17,
  "lp_val": 1.0282308657465495,
  "iters_survived": 6,
  "K": 16,
  "wall_s": 87.41138124465942,
  "verdict": "feas",
  "lambda_star": -7.195717512646997e-07,
  "status": "solsta.optimal",
  "peak_rss_kb": 55526788,
  "peak_rss_gb": 52.95,
  "threads": 14,
  "error": null
}