{
  "worker_id": 11,
  "hash": "f76c9be3b3cecab3",
  "src": "split(ad4d8f586b6dbd0b)",
  "lo_int": [
    0,
    0,
    0,
    0,
    0,
    0,
    0,
    0,
    0,
    0,
    0,
    0,
    144115188075855872,
    144115188075855872,
    0,
    0,
    0,
    0,
    0,
    0,
    0,
    0
  ],
  "hi_int": [
    288230376151711744,
    288230376151711744,
    288230376151711744,
    288230376151711744,
    288230376151711744,
    288230376151711744,
    288230376151711744,
    288230376151711744,
    288230376151711744,
    288230376151711744,
    288230376151711744,
    144115188075855872,
    288230376151711744,
    288230376151711744,
    144115188075855872,
    144115188075855872,
    144115188075855872,
    144115188075855872,
    144115188075855872,
    144115188075855872,
    144115188075855872,
    144115188075855872
  ],
  "depth": 54,
  "volume": 2.7755575615628914e-17,
  "lp_val": 1.0196865443425074,
  "iters_survived": 6,
  "K": 16,
  "wall_s": 97.63578605651855,
  "verdict": "feas",
  "lambda_star": -1.410205506413149e-06,
  "status": "solsta.optimal",
  "peak_rss_kb": 35043440,
  "peak_rss_gb": 33.42,
  "threads": 14,
  "error": null
}