{
  "worker_id": 12,
  "hash": "f86a42c525c9b9bd",
  "src": "split(e82d7abfe44e73f9)",
  "lo_int": [
    0,
    0,
    0,
    0,
    0,
    0,
    0,
    0,
    0,
    0,
    0,
    0,
    144115188075855872,
    0,
    0,
    144115188075855872,
    0,
    0,
    0,
    0,
    0,
    144115188075855872
  ],
  "hi_int": [
    288230376151711744,
    288230376151711744,
    288230376151711744,
    288230376151711744,
    288230376151711744,
    288230376151711744,
    288230376151711744,
    288230376151711744,
    288230376151711744,
    288230376151711744,
    288230376151711744,
    144115188075855872,
    288230376151711744,
    144115188075855872,
    144115188075855872,
    288230376151711744,
    144115188075855872,
    144115188075855872,
    144115188075855872,
    144115188075855872,
    144115188075855872,
    288230376151711744
  ],
  "depth": 54,
  "volume": 2.7755575615628914e-17,
  "lp_val": 1.0078296703296705,
  "iters_survived": 6,
  "K": 16,
  "wall_s": 98.71613645553589,
  "verdict": "feas",
  "lambda_star": -1.8612593816566792e-06,
  "status": "solsta.optimal",
  "peak_rss_kb": 64637464,
  "peak_rss_gb": 61.64,
  "threads": 14,
  "error": null
}