{
  "worker_id": 4,
  "hash": "fa43152c9977f8d1",
  "src": "split(e82d7abfe44e73f9)",
  "lo_int": [
    0,
    0,
    0,
    0,
    0,
    0,
    0,
    0,
    0,
    0,
    0,
    0,
    0,
    0,
    144115188075855872,
    0,
    0,
    144115188075855872,
    0,
    0,
    0,
    144115188075855872
  ],
  "hi_int": [
    288230376151711744,
    288230376151711744,
    288230376151711744,
    288230376151711744,
    288230376151711744,
    288230376151711744,
    288230376151711744,
    288230376151711744,
    288230376151711744,
    288230376151711744,
    288230376151711744,
    144115188075855872,
    144115188075855872,
    144115188075855872,
    288230376151711744,
    144115188075855872,
    144115188075855872,
    288230376151711744,
    144115188075855872,
    144115188075855872,
    144115188075855872,
    288230376151711744
  ],
  "depth": 54,
  "volume": 2.7755575615628914e-17,
  "lp_val": 1.0480225849643605,
  "iters_survived": 6,
  "K": 16,
  "wall_s": 113.97886109352112,
  "verdict": "feas",
  "lambda_star": -1.9657027960781566e-06,
  "status": "solsta.optimal",
  "peak_rss_kb": 69351876,
  "peak_rss_gb": 66.14,
  "threads": 14,
  "error": null
}