{
  "worker_id": 6,
  "hash": "fce6e83e2f5e0d9e",
  "src": "split(ad4d8f586b6dbd0b)",
  "lo_int": [
    0,
    0,
    0,
    0,
    0,
    0,
    0,
    0,
    0,
    0,
    0,
    144115188075855872,
    144115188075855872,
    0,
    0,
    0,
    144115188075855872,
    0,
    0,
    0,
    0,
    0
  ],
  "hi_int": [
    288230376151711744,
    288230376151711744,
    288230376151711744,
    288230376151711744,
    288230376151711744,
    288230376151711744,
    288230376151711744,
    288230376151711744,
    288230376151711744,
    288230376151711744,
    288230376151711744,
    288230376151711744,
    288230376151711744,
    144115188075855872,
    144115188075855872,
    144115188075855872,
    288230376151711744,
    144115188075855872,
    144115188075855872,
    144115188075855872,
    144115188075855872,
    144115188075855872
  ],
  "depth": 54,
  "volume": 2.7755575615628914e-17,
  "lp_val": 1.0848602396986917,
  "iters_survived": 6,
  "K": 16,
  "wall_s": 110.70704126358032,
  "verdict": "feas",
  "lambda_star": -2.404031156298551e-06,
  "status": "solsta.optimal",
  "peak_rss_kb": 54951720,
  "peak_rss_gb": 52.41,
  "threads": 14,
  "error": null
}