{
  "worker_id": 1,
  "hash": "fe0d9a22f9c48b69",
  "src": "split(ad4d8f586b6dbd0b)",
  "lo_int": [
    0,
    0,
    0,
    0,
    0,
    0,
    0,
    0,
    0,
    0,
    0,
    0,
    0,
    0,
    0,
    144115188075855872,
    144115188075855872,
    0,
    0,
    0,
    0,
    0
  ],
  "hi_int": [
    288230376151711744,
    288230376151711744,
    288230376151711744,
    288230376151711744,
    288230376151711744,
    288230376151711744,
    288230376151711744,
    288230376151711744,
    288230376151711744,
    288230376151711744,
    288230376151711744,
    144115188075855872,
    144115188075855872,
    144115188075855872,
    144115188075855872,
    288230376151711744,
    288230376151711744,
    144115188075855872,
    144115188075855872,
    144115188075855872,
    144115188075855872,
    144115188075855872
  ],
  "depth": 54,
  "volume": 2.7755575615628914e-17,
  "lp_val": 1.0310277957336784,
  "iters_survived": 6,
  "K": 16,
  "wall_s": 109.97027969360352,
  "verdict": "feas",
  "lambda_star": -8.934097356833324e-07,
  "status": "solsta.optimal",
  "peak_rss_kb": 51151952,
  "peak_rss_gb": 48.78,
  "threads": 14,
  "error": null
}