{
  "d4_S20": {
    "tri": 1.0670410156249999,
    "tri_sec": 0.7431118488311768,
    "qp": 1.082421875,
    "qp_sec": 0.5313596725463867,
    "joint": 1.0998535156249998,
    "joint_sec": 0.6152925491333008
  },
  "d4_S30": {
    "tri": 1.0829345703125002,
    "tri_sec": 2.1403069496154785,
    "qp": 1.0870361328125,
    "qp_sec": 1.6339757442474365,
    "joint": 1.0972900390625,
    "joint_sec": 1.728745460510254
  },
  "d6_S12": {
    "tri": 1.0065429687499998,
    "tri_sec": 6.215268850326538,
    "qp": 1.091650390625,
    "qp_sec": 6.729641675949097,
    "joint": 1.16650390625,
    "joint_sec": 8.646093606948853
  },
  "d6_S18": {
    "tri": 1.085498046875,
    "tri_sec": 42.941664695739746,
    "qp": 1.11318359375,
    "qp_sec": 38.47515153884888,
    "joint": 1.1700927734374997,
    "joint_sec": 56.371901750564575
  },
  "d8_S10": {
    "tri": 0.859912109375,
    "tri_sec": 54.942524909973145,
    "qp": 1.0347412109374998,
    "qp_sec": 59.30498170852661,
    "joint": 1.155224609375,
    "joint_sec": 80.65699815750122
  }
}