{
  "configuration": {
    "delta_1": 0.138,
    "u": 0.638,
    "n_modes": 119
  },
  "K26_runs_with_loaded_G": [
    {
      "delta_1": 0.138,
      "delta_2": 0.055,
      "lambda_1": 0.9312,
      "lambda_2": 0.06879999999999997,
      "n_modes": 119,
      "xi_max": 10000,
      "prec_bits": 256,
      "arb_grid": 200001,
      "k_1_mid": 0.9144970268207001,
      "k_1_rad": 5.188295926462414e-77,
      "min_G_lower": 0.9988874009315942,
      "lip_remainder_upper": 0.0011024550763043435,
      "G2_OK": true,
      "S_1_upper": 49.82368459869652,
      "K_2_lower": 4.358476307401064,
      "K_2_upper": 4.363662311790607,
      "K_2_bulk_lower": 4.3584763074107205,
      "K_2_bulk_upper": 4.3584763074107205,
      "K_2_tail_upper": 0.005186004370230934,
      "a_gain_lower": 0.12555573122221073,
      "M_cert_lower": 1.2836206460837207,
      "time_K2_seconds": 1.8642082214355469,
      "time_minG_seconds": 0.5073356628417969
    },
    {
      "delta_1": 0.138,
      "delta_2": 0.055,
      "lambda_1": 0.9312,
      "lambda_2": 0.06879999999999997,
      "n_modes": 119,
      "xi_max": 100000,
      "prec_bits": 256,
      "arb_grid": 200001,
      "k_1_mid": 0.9144970268207001,
      "k_1_rad": 5.188295926462414e-77,
      "min_G_lower": 0.9988874009315942,
      "lip_remainder_upper": 0.0011024550763043435,
      "G2_OK": true,
      "S_1_upper": 49.82368459869652,
      "K_2_lower": 4.358638086794,
      "K_2_upper": 4.359156687233137,
      "K_2_bulk_lower": 4.3586380867950565,
      "K_2_bulk_upper": 4.3586380867950565,
      "K_2_tail_upper": 0.0005186004370230933,
      "a_gain_lower": 0.12555573122221073,
      "M_cert_lower": 1.283861195223711,
      "time_K2_seconds": 7.9664306640625,
      "time_minG_seconds": 0.4005603790283203
    }
  ],
  "sweep_runs": [],
  "sweep_best": null,
  "best_overall": {
    "delta_1": 0.138,
    "delta_2": 0.055,
    "lambda_1": 0.9312,
    "lambda_2": 0.06879999999999997,
    "n_modes": 119,
    "xi_max": 100000,
    "prec_bits": 256,
    "arb_grid": 200001,
    "k_1_mid": 0.9144970268207001,
    "k_1_rad": 5.188295926462414e-77,
    "min_G_lower": 0.9988874009315942,
    "lip_remainder_upper": 0.0011024550763043435,
    "G2_OK": true,
    "S_1_upper": 49.82368459869652,
    "K_2_lower": 4.358638086794,
    "K_2_upper": 4.359156687233137,
    "K_2_bulk_lower": 4.3586380867950565,
    "K_2_bulk_upper": 4.3586380867950565,
    "K_2_tail_upper": 0.0005186004370230933,
    "a_gain_lower": 0.12555573122221073,
    "M_cert_lower": 1.283861195223711,
    "time_K2_seconds": 7.9664306640625,
    "time_minG_seconds": 0.4005603790283203
  },
  "baselines": {
    "v2_rigorous_M_cert": 1.27974,
    "greopt_rigorous_M_cert": 1.27624,
    "MV_numerical": 1.27428,
    "CS17_claim_unsound": true,
    "greopt_direct_K2_prediction": 1.283886
  }
}