{
  "config": {
    "n_half": 4,
    "m": 10,
    "d": 8,
    "c_target": 1.281,
    "n_survivors": 100,
    "n_workers": 12
  },
  "tests": {
    "baseline_L": {
      "kills": 25,
      "n": 100,
      "wall_s": 85.08036375045776,
      "wall_per_comp_s": 0.8508036375045777,
      "statuses": {
        "infeasible": 25,
        "optimal": 75
      }
    },
    "M2": {
      "kills": 0,
      "n": 100,
      "wall_s": 0.29770421981811523,
      "wall_per_comp_s": 0.0029770421981811525,
      "surviving_idx": [
        0,
        1,
        2,
        3,
        4,
        5,
        6,
        7,
        8,
        9,
        10,
        11,
        12,
        13,
        14,
        15,
        16,
        17,
        18,
        19,
        20,
        21,
        22,
        23,
        24,
        25,
        26,
        27,
        28,
        29,
        30,
        31,
        32,
        33,
        34,
        35,
        36,
        37,
        38,
        39,
        40,
        41,
        42,
        43,
        44,
        45,
        46,
        47,
        48,
        49,
        50,
        51,
        52,
        53,
        54,
        55,
        56,
        57,
        58,
        59,
        60,
        61,
        62,
        63,
        64,
        65,
        66,
        67,
        68,
        69,
        70,
        71,
        72,
        73,
        74,
        75,
        76,
        77,
        78,
        79,
        80,
        81,
        82,
        83,
        84,
        85,
        86,
        87,
        88,
        89,
        90,
        91,
        92,
        93,
        94,
        95,
        96,
        97,
        98,
        99
      ]
    },
    "proto2a_Qpos": {
      "kills": 0,
      "n": 100,
      "wall_s": 38.050108909606934,
      "wall_per_comp_s": 0.38050108909606933
    },
    "proto2b_Lpos": {
      "kills": 25,
      "n": 100,
      "note": "L-Shor already encodes a_i >= 0 via lo = max(0, c-1)"
    },
    "proto3_innerBnB": {
      "wall_s": 4287.318845748901,
      "wall_per_Lsurv_s": 57.16425127665202,
      "wall_per_comp_s": 42.873188457489015,
      "max_depth": 5,
      "n_L_survs_input": 75,
      "extra_kills_by_depth": {
        "0": 0,
        "1": 0,
        "2": 0,
        "3": 1,
        "4": 1,
        "5": 1
      },
      "total_kills_by_depth_with_L": {
        "0": 25,
        "1": 25,
        "2": 25,
        "3": 26,
        "4": 26,
        "5": 26
      },
      "total_sdp_solves": 504
    },
    "combined": {
      "kills": 26,
      "n": 100,
      "kills_by_M2": 0,
      "kills_by_L": 25,
      "kills_by_BnB_extra_over_L": 1
    }
  }
}