{
  "alpha": 0.13799999999999998,
  "beta": 0.05499999999999999,
  "lambda": 0.9311999999999999,
  "T_cut": 100000.0,
  "I_aa_mid": 2.082230456230688,
  "I_aa_rad": 1.078132993370673e-05,
  "I_ab_mid": 2.72396855443838,
  "I_ab_rad": 2.705133672975535e-05,
  "I_bb_mid": 5.224515712440099,
  "I_bb_rad": 6.787426320897794e-05,
  "K2_mid": 4.358664359400116,
  "K2_rad": 2.6272605566646234e-05,
  "k1_mid": 0.9144970268207002,
  "k1_rad": 2.4494482928191127e-16,
  "S1_mid": 54.673971119601674,
  "S1_rad": 7.291807403112666e-12,
  "M_cert_mid": 1.2799718475341795,
  "M_cert_rad": 1.5243530299358099e-05,
  "M_cert_lower": 1.2799566040038801,
  "M_cert_upper": 1.2799870910644788,
  "rigorous_M_cert_lb": 1.2799566040038801,
  "beats_MV_1.2748": true,
  "beats_CS_1.2802": false,
  "beats_127": true,
  "beats_1275": true
}