{
  "P50": {
    "P": 50,
    "exact_peak": 1.5281483282296748,
    "width_ratio": 22.190496285100064,
    "edges": [
      -0.25,
      -0.24093358346849175,
      -0.23814516737603542,
      -0.22522882375064837,
      -0.2180258362139533,
      -0.2065558280306946,
      -0.1972225124153729,
      -0.19365212339362642,
      -0.18783522768646005,
      -0.18133891501436467,
      -0.1679585633654591,
      -0.15403956723315038,
      -0.14377038319905142,
      -0.13061364278658463,
      -0.12244625179407267,
      -0.11949886529185835,
      -0.11279715836582808,
      -0.1040076810693976,
      -0.0983706737734833,
      -0.07668203044050706,
      -0.05499084930725576,
      -0.033101298123930575,
      -0.028221417456597397,
      -0.023553261765224594,
      -0.014575187149157447,
      -0.0032250103873049333,
      0.020080583389369654,
      0.02977673793569767,
      0.03309401756918582,
      0.05182362178632604,
      0.07302703815495738,
      0.09835686738765892,
      0.10153148742348726,
      0.11513051259275132,
      0.12069333464008945,
      0.1218348065976008,
      0.14168981216571777,
      0.14833273341921516,
      0.15783738279240753,
      0.17130655279155138,
      0.18107934914892398,
      0.1828304853732562,
      0.18456316803503256,
      0.1936142726232088,
      0.203134343497565,
      0.21774959698288024,
      0.22969764082865307,
      0.23477469539546347,
      0.24089824717554428,
      0.24682376168532988,
      0.25
    ],
    "heights": [
      11.179897845099111,
      5.3295525073472305,
      1.5903311012911745,
      0.489572570162039,
      2.498477932584215,
      0.3259496672126638,
      1.9799387915253501,
      5.602938456767128,
      6.565462880519703,
      0.0025391298386282794,
      0.001068453701946853,
      0.0029363306253393337,
      0.00102627035101867,
      1.1827481637219177,
      1.989335849865652,
      0.02242164325219232,
      3.997620044417123,
      2.5105484438205887,
      0.0007409785868202982,
      0.0006191041554975379,
      0.0013484871510401047,
      3.8697067237207943,
      3.828289246091792,
      0.00504599614420871,
      0.7237285837570628,
      2.1921888508884395,
      4.185436808711617,
      0.007977473288149928,
      4.729042500935675,
      3.260744243136578,
      2.256125829691197,
      0.01921227172820113,
      1.322347919963931,
      3.497821253845358,
      0.03897794372393971,
      3.0507475895298795,
      2.1445735226604703,
      2.6953826584324543,
      2.165105550544546,
      1.3073792004338871,
      0.01327651076584998,
      0.019483904768782884,
      0.6584700796318224,
      2.300517141072615,
      2.247448362931085,
      2.558846243953915,
      2.4196303361119815,
      3.0121126951782498,
      2.0239708054290215,
      4.731245347777913
    ]
  },
  "P100": {
    "P": 100,
    "exact_peak": 1.5214418036076713,
    "width_ratio": 23.19584296915278,
    "edges": [
      -0.25,
      -0.24739785693789604,
      -0.24564611055183475,
      -0.2440585506749961,
      -0.24198596842137998,
      -0.23780873726204987,
      -0.2356144755000069,
      -0.22841338658562646,
      -0.2248697107342337,
      -0.21702464209532701,
      -0.20982411495029943,
      -0.20426583175155472,
      -0.20067908397180861,
      -0.1916135050635806,
      -0.1823103054650186,
      -0.1791562110893028,
      -0.17784089033308165,
      -0.16947825363740948,
      -0.16109240433402214,
      -0.15281502467858246,
      -0.1444816171550417,
      -0.14215326727731553,
      -0.13819641069979383,
      -0.13490421004998465,
      -0.12886936060509865,
      -0.12648886518578678,
      -0.12343592770545522,
      -0.11946530352715352,
      -0.11658554265183997,
      -0.11468789005370524,
      -0.10876860304296018,
      -0.10787575922953174,
      -0.10436588636795943,
      -0.09720133432865899,
      -0.0898770988462119,
      -0.08256885117979217,
      -0.07526643676238184,
      -0.06797902543936535,
      -0.060833601631517076,
      -0.05379227985674563,
      -0.05173310200027388,
      -0.04447787409047532,
      -0.03845864355140788,
      -0.029961006452319583,
      -0.019220049124577386,
      -0.008915324242519524,
      -0.003917322419406366,
      -0.003246124245478631,
      -0.0008589584736684581,
      1.511918111488336e-05,
      0.0008814233628038075,
      0.0025042633120542744,
      0.003206615108209752,
      0.004672826428091738,
      0.009894088952033463,
      0.01732386340113916,
      0.02462530315446289,
      0.028947875952055165,
      0.033610869720137215,
      0.038392641206154404,
      0.04453340642562427,
      0.045701142697074405,
      0.05173632344455073,
      0.05650334663212612,
      0.07187651725667855,
      0.08466511680886768,
      0.0917927613725616,
      0.0944722246381532,
      0.1061569408048107,
      0.11451260534362895,
      0.11520669102123747,
      0.11589552009552988,
      0.1165831925952302,
      0.11973523076628315,
      0.12645929739433448,
      0.12712205281326866,
      0.12884323370076473,
      0.13301805796514604,
      0.1370204572902443,
      0.14040137723015225,
      0.1424077622296082,
      0.14988886774231858,
      0.16273615972795233,
      0.17182540784997327,
      0.17913964647202693,
      0.18231072111831098,
      0.18332126443171506,
      0.19162875825722311,
      0.19666874213726468,
      0.20443005678252457,
      0.21122372818426224,
      0.2170394281049033,
      0.22408871958047977,
      0.22559122446398713,
      0.22902959521951488,
      0.2324943631845761,
      0.23780287105925937,
      0.24216242770069685,
      0.2466801350952808,
      0.2491425164218859,
      0.25
    ],