{
  "K": 16,
  "n_calibration": 1,
  "calibration_results": [
    {
      "K": 16,
      "wall_s": 61.3126220703125,
      "cache_build_s": 0.11744260787963867,
      "verdict": "feas",
      "lambda_star": -1.1814672186525007e-07,
      "status": "solsta.optimal",
      "peak_rss_kb": 26490220,
      "peak_rss_gb": 25.26,
      "threads": 16,
      "error": null,
      "hash": "345b02584d8646a8",
      "lp_val": 0.9999999999999998,
      "src": "split(0a09f74c4309e7be)",
      "lo_int": [
        0,
        0,
        0,
        0,
        0,
        0,
        0,
        0,
        0,
        0,
        0,
        0,
        0,
        0,
        0,
        0,
        0,
        0,
        0,
        0,
        0,
        0
      ],
      "hi_int": [
        576460752303423488,
        1152921504606846976,
        1152921504606846976,
        1152921504606846976,
        1152921504606846976,
        1152921504606846976,
        1152921504606846976,
        1152921504606846976,
        1152921504606846976,
        1152921504606846976,
        1152921504606846976,
        1152921504606846976,
        1152921504606846976,
        576460752303423488,
        576460752303423488,
        576460752303423488,
        576460752303423488,
        576460752303423488,
        576460752303423488,
        576460752303423488,
        576460752303423488,
        576460752303423488
      ],
      "depth": 9,
      "volume": 0.0009765625,
      "iters_survived": 1
    }
  ],
  "max_rss_gb_calib": 25.26,
  "avg_calib_wall_s": 61.3126220703125,
  "available_ram_gb": 749.780200958252,
  "usable_ram_gb": 562.335150718689,
  "rss_with_safety_gb": 32.838,
  "n_parallel_by_ram": 17,
  "n_parallel_by_cores": 48,
  "n_parallel_chosen": 17,
  "threads_per_proc": 11,
  "headroom_frac": 0.25,
  "rss_safety_factor": 1.3,
  "min_threads_per_proc": 4,
  "max_threads_per_proc": 48
}