{
  "n_half": 3,
  "m": 10,
  "c_target": 1.28,
  "d": 6,
  "n_q_survivors": 172,
  "A_total_s": 58.95505404472351,
  "A_med_ms": 322.6134777069092,
  "A_p95_ms": 572.8690981864929,
  "A_pruned": 10,
  "B_total_s": 6.446004152297974,
  "B_med_ms": 38.146138191223145,
  "B_p95_ms": 48.03898334503173,
  "B_pruned": 10,
  "C_total_s": 2.842656373977661,
  "C_med_ms": 17.000198364257812,
  "C_p95_ms": 21.430873870849606,
  "C_pruned": 10,
  "A_eq_B": true,
  "A_eq_C": true,
  "speedup_B_vs_A": 9.145984497032364,
  "speedup_C_vs_A": 20.739423373296827
}