{
  "K": 32,
  "n_input": 1,
  "n_calibration": 1,
  "calibration": [
    {
      "K": 32,
      "wall_s": 96.50084924697876,
      "cache_build_s": 0.11632657051086426,
      "verdict": "feas",
      "lambda_star": -9.511749728983753e-07,
      "status": "solsta.optimal",
      "peak_rss_kb": 38608556,
      "peak_rss_gb": 36.82,
      "threads": 16,
      "error": null,
      "hash": "345b02584d8646a8",
      "lp_val": 0.9999999999999998,
      "src": "split(0a09f74c4309e7be)",
      "lo_int": [
        0,
        0,
        0,
        0,
        0,
        0,
        0,
        0,
        0,
        0,
        0,
        0,
        0,
        0,
        0,
        0,
        0,
        0,
        0,
        0,
        0,
        0
      ],
      "hi_int": [
        576460752303423488,
        1152921504606846976,
        1152921504606846976,
        1152921504606846976,
        1152921504606846976,
        1152921504606846976,
        1152921504606846976,
        1152921504606846976,
        1152921504606846976,
        1152921504606846976,
        1152921504606846976,
        1152921504606846976,
        1152921504606846976,
        576460752303423488,
        576460752303423488,
        576460752303423488,
        576460752303423488,
        576460752303423488,
        576460752303423488,
        576460752303423488,
        576460752303423488,
        576460752303423488
      ],
      "depth": 9,
      "volume": 0.0009765625,
      "iters_survived": 1
    }
  ],
  "max_rss_gb_observed": 36.82,
  "n_parallel": 11,
  "threads_per_proc": 17,
  "available_ram_gb_at_start": 749.7881126403809,
  "n_cert": 0,
  "n_fail": 1,
  "n_exception": 0,
  "sweep_wall_s": 0.0,
  "avg_solve_s": 96.50084924697876,
  "n_survivors_for_next_stage": 1
}