{
  "K": 0,
  "n_input": 1,
  "n_calibration": 1,
  "calibration": [
    {
      "K": 0,
      "wall_s": 41.36244487762451,
      "cache_build_s": 0.11460685729980469,
      "verdict": "feas",
      "lambda_star": -4.230495904028503e-06,
      "status": "solsta.optimal",
      "peak_rss_kb": 4784496,
      "peak_rss_gb": 4.56,
      "threads": 16,
      "error": null,
      "hash": "57e58f27bf036d88",
      "lp_val": 0.9999999999999994,
      "src": "split(345b02584d8646a8)",
      "lo_int": [
        0,
        0,
        0,
        0,
        0,
        0,
        0,
        0,
        0,
        0,
        0,
        0,
        0,
        0,
        0,
        0,
        0,
        0,
        0,
        0,
        0,
        0
      ],
      "hi_int": [
        576460752303423488,
        1152921504606846976,
        1152921504606846976,
        1152921504606846976,
        576460752303423488,
        576460752303423488,
        576460752303423488,
        576460752303423488,
        576460752303423488,
        576460752303423488,
        576460752303423488,
        576460752303423488,
        576460752303423488,
        576460752303423488,
        576460752303423488,
        576460752303423488,
        576460752303423488,
        576460752303423488,
        576460752303423488,
        576460752303423488,
        576460752303423488,
        576460752303423488
      ],
      "depth": 18,
      "volume": 1.9073486328125e-06,
      "iters_survived": 2
    }
  ],
  "max_rss_gb_observed": 4.56,
  "n_parallel": 48,
  "threads_per_proc": 4,
  "available_ram_gb_at_start": 749.785701751709,
  "n_cert": 0,
  "n_fail": 1,
  "n_exception": 0,
  "sweep_wall_s": 0.0,
  "avg_solve_s": 41.36244487762451,
  "n_survivors_for_next_stage": 1
}