{
  "d": 22,
  "target": 1.2805,
  "K": 0,
  "n_boxes": 6,
  "threads_tried": [
    4,
    8,
    16
  ],
  "total_cores_assumed": 192,
  "per_threads": {
    "4": {
      "n_successful": 6,
      "median_wall_s": 62.288793325424194,
      "mean_wall_s": 64.69480979442596,
      "min_wall_s": 56.22908163070679,
      "max_wall_s": 88.61277842521667,
      "projected_n_par": 48,
      "projected_throughput_boxes_per_hour": 2774.2
    },
    "8": {
      "n_successful": 6,
      "median_wall_s": 44.42199754714966,
      "mean_wall_s": 46.245413740475975,
      "min_wall_s": 40.999383211135864,
      "max_wall_s": 61.638328075408936,
      "projected_n_par": 24,
      "projected_throughput_boxes_per_hour": 1945.0
    },
    "16": {
      "n_successful": 6,
      "median_wall_s": 34.32514691352844,
      "mean_wall_s": 35.71410262584686,
      "min_wall_s": 32.378133058547974,
      "max_wall_s": 46.26877021789551,
      "projected_n_par": 12,
      "projected_throughput_boxes_per_hour": 1258.6
    }
  },
  "recommendation": {
    "best_threads_per_proc": 4,
    "best_throughput_boxes_per_hour": 2774.2,
    "note": "SET MIN_THREADS_PER_PROC = best_threads_per_proc in cert_pipeline/k_ladder.py if it differs from 4."
  },
  "raw_trials": [
    {
      "wall_solve_s": 88.49765825271606,
      "wall_cache_build_s": 0.11512017250061035,
      "wall_total_s": 88.61277842521667,
      "verdict": "feas",
      "lambda_star": -3.8420027418413453e-07,
      "error": null,
      "peak_rss_gb": 4.58,
      "n_threads": 4,
      "box_hash": "6d2d090dd5a0186b",
      "box_volume": 0.001953125,
      "box_index": 0
    },
    {
      "wall_solve_s": 61.52129507064819,
      "wall_cache_build_s": 0.11703300476074219,
      "wall_total_s": 61.638328075408936,
      "verdict": "feas",
      "lambda_star": -3.8420027929538487e-07,
      "error": null,
      "peak_rss_gb": 4.58,
      "n_threads": 8,
      "box_hash": "6d2d090dd5a0186b",
      "box_volume": 0.001953125,
      "box_index": 0
    },
    {
      "wall_solve_s": 46.15314507484436,
      "wall_cache_build_s": 0.11562514305114746,
      "wall_total_s": 46.26877021789551,
      "verdict": "feas",
      "lambda_star": -3.8420026497042846e-07,
      "error": null,
      "peak_rss_gb": 4.58,
      "n_threads": 16,
      "box_hash": "6d2d090dd5a0186b",
      "box_volume": 0.001953125,
      "box_index": 0
    },
    {
      "wall_solve_s": 62.04586935043335,
      "wall_cache_build_s": 0.1161501407623291,
      "wall_total_s": 62.16201949119568,
      "verdict": "infeas",
      "lambda_star": 0.999998239762826,
      "error": null,
      "peak_rss_gb": 4.58,
      "n_threads": 4,
      "box_hash": "4cfc4c8c291d7fd7",
      "box_volume": 0.001953125,
      "box_index": 1
    },
    {
      "wall_solve_s": 44.607033014297485,
      "wall_cache_build_s": 0.11632823944091797,
      "wall_total_s": 44.7233612537384,
      "verdict": "infeas",
      "lambda_star": 0.9999982397628266,
      "error": null,
      "peak_rss_gb": 4.58,
      "n_threads": 8,
      "box_hash": "4cfc4c8c291d7fd7",
      "box_volume": 0.001953125,
      "box_index": 1
    },
    {
      "wall_solve_s": 34.109936237335205,
      "wall_cache_build_s": 0.11728715896606445,
      "wall_total_s": 34.22722339630127,
      "verdict": "infeas",
      "lambda_star": 0.9999982397628253,
      "error": null,
      "peak_rss_gb": 4.58,
      "n_threads": 16,
      "box_hash": "4cfc4c8c291d7fd7",
      "box_volume": 0.001953125,
      "box_index": 1
    },
    {
      "wall_solve_s": 62.29750299453735,
      "wall_cache_build_s": 0.11806416511535645,
      "wall_total_s": 62.41556715965271,
      "verdict": "infeas",
      "lambda_star": 0.999999428509948,
      "error": null,
      "peak_rss_gb": 4.58,
      "n_threads": 4,
      "box_hash": "3313f6b98718bf36",
      "box_volume": 0.001953125,
      "box_index": 2
    },
    {
      "wall_solve_s": 44.00329661369324,
      "wall_cache_build_s": 0.11733722686767578,
      "wall_total_s": 44.12063384056091,
      "verdict": "infeas",
      "lambda_star": 0.9999994285099485,
      "error": null,
      "peak_rss_gb": 4.58,
      "n_threads": 8,
      "box_hash": "3313f6b98718bf36",
      "box_volume": 0.001953125,
      "box_index": 2
    },
    {
      "wall_solve_s": 34.30568599700928,
      "wall_cache_build_s": 0.11738443374633789,
      "wall_total_s": 34.423070430755615,
      "verdict": "infeas",
      "lambda_star": 0.9999994285099483,
      "error": null,
      "peak_rss_gb": 4.57,
      "n_threads": 16,
      "box_hash": "3313f6b98718bf36",
      "box_volume": 0.001953125,
      "box_index": 2
    },
    {
      "wall_solve_s": 56.111820220947266,
      "wall_cache_build_s": 0.11726140975952148,
      "wall_total_s": 56.22908163070679,
      "verdict": "infeas",
      "lambda_star": 0.9999999999999996,
      "error": null,
      "peak_rss_gb": 4.57,
      "n_threads": 4,
      "box_hash": "cf8db98ff4143ac6",
      "box_volume": 0.001953125,
      "box_index": 3
    },
    {
      "wall_solve_s": 41.13105058670044,
      "wall_cache_build_s": 0.1175224781036377,
      "wall_total_s": 41.24857306480408,
      "verdict": "infeas",
      "lambda_star": 0.9999999999999993,
      "error": null,
      "peak_rss_gb": 4.58,
      "n_threads": 8,
      "box_hash": "cf8db98ff4143ac6",
      "box_volume": 0.001953125,
      "box_index": 3
    },
    {
      "wall_solve_s": 32.261141777038574,
      "wall_cache_build_s": 0.11699128150939941,
      "wall_total_s": 32.378133058547974,
      "verdict": "infeas",
      "lambda_star": 0.9999999999999993,
      "error": null,
      "peak_rss_gb": 4.58,
      "n_threads": 16,
      "box_hash": "cf8db98ff4143ac6",
      "box_volume": 0.001953125,
      "box_index": 3
    },
    {
      "wall_solve_s": 62.34709143638611,
      "wall_cache_build_s": 0.11719822883605957,
      "wall_total_s": 62.46428966522217,
      "verdict": "infeas",
      "lambda_star": 0.9999999994504788,
      "error": null,
      "peak_rss_gb": 4.58,
      "n_threads": 4,
      "box_hash": "b12625ce84d72eb4",
      "box_volume": 0.001953125,
      "box_index": 4
    },
    {
      "wall_solve_s": 44.62484955787659,
      "wall_cache_build_s": 0.11735343933105469,
      "wall_total_s": 44.74220299720764,
      "verdict": "infeas",
      "lambda_star": 0.9999999994504789,
      "error": null,
      "peak_rss_gb": 4.58,
      "n_threads": 8,
      "box_hash": "b12625ce84d72eb4",
      "box_volume": 0.001953125,
      "box_index": 4
    },
    {
      "wall_solve_s": 34.45478582382202,
      "wall_cache_build_s": 0.11703968048095703,
      "wall_total_s": 34.57182550430298,
      "verdict": "infeas",
      "lambda_star": 0.999999999450479,
      "error": null,
      "peak_rss_gb": 4.58,
      "n_threads": 16,
      "box_hash": "b12625ce84d72eb4",
      "box_volume": 0.001953125,
      "box_index": 4
    },
    {
      "wall_solve_s": 56.16783952713013,
      "wall_cache_build_s": 0.11728286743164062,
      "wall_total_s": 56.28512239456177,
      "verdict": "infeas",
      "lambda_star": 1.0,
      "error": null,
      "peak_rss_gb": 4.57,
      "n_threads": 4,
      "box_hash": "43d4d1802d5a22b2",
      "box_volume": 0.001953125,
      "box_index": 5
    },
    {
      "wall_solve_s": 40.882275342941284,
      "wall_cache_build_s": 0.11710786819458008,
      "wall_total_s": 40.999383211135864,
      "verdict": "infeas",
      "lambda_star": 0.9999999999999996,
      "error": null,
      "peak_rss_gb": 4.57,
      "n_threads": 8,
      "box_hash": "43d4d1802d5a22b2",
      "box_volume": 0.001953125,
      "box_index": 5
    },
    {
      "wall_solve_s": 32.29853010177612,
      "wall_cache_build_s": 0.11706304550170898,
      "wall_total_s": 32.41559314727783,
      "verdict": "infeas",
      "lambda_star": 1.0,
      "error": null,
      "peak_rss_gb": 4.57,
      "n_threads": 16,
      "box_hash": "43d4d1802d5a22b2",
      "box_volume": 0.001953125,
      "box_index": 5
    }
  ]
}