{
  "runs": [
    {
      "xi_max": 10000,
      "prec_bits": 256,
      "K2_lower": 4.358476307401064,
      "K2_upper": 4.363662311790607,
      "K2_bulk_lower": 4.3584763074107205,
      "K2_bulk_upper": 4.3584763074107205,
      "tail_upper": 0.005186004370230934,
      "k1_mid": 0.9144970268207001,
      "min_G_lower": 0.99847586697785,
      "S1_upper": 54.6739711196017,
      "gain_a_lower": 0.1143230595250756,
      "M_cert": 1.2795033880461864,
      "G2_OK": true,
      "time_K2_seconds": 1.6837546825408936
    },
    {
      "xi_max": 100000,
      "prec_bits": 256,
      "K2_lower": 4.358638086794,
      "K2_upper": 4.359156687233137,
      "K2_bulk_lower": 4.3586380867950565,
      "K2_bulk_upper": 4.3586380867950565,
      "tail_upper": 0.0005186004370230933,
      "k1_mid": 0.9144970268207001,
      "min_G_lower": 0.99847586697785,
      "S1_upper": 54.6739711196017,
      "gain_a_lower": 0.1143230595250756,
      "M_cert": 1.2797410817951078,
      "G2_OK": true,
      "time_K2_seconds": 9.662743091583252
    },
    {
      "xi_max": 10000,
      "prec_bits": 512,
      "K2_lower": 4.358476307401064,
      "K2_upper": 4.363662311790607,
      "K2_bulk_lower": 4.3584763074107205,
      "K2_bulk_upper": 4.3584763074107205,
      "tail_upper": 0.005186004370230934,
      "k1_mid": 0.9144970268207001,
      "min_G_lower": 0.99847586697785,
      "S1_upper": 54.6739711196017,
      "gain_a_lower": 0.1143230595250756,
      "M_cert": 1.2795033880461864,
      "G2_OK": true,
      "time_K2_seconds": 4.322327375411987
    }
  ],
  "best_M_cert": 1.2797410817951078,
  "target_1.275_met": true,
  "mv_baseline": 1.27428,
  "improvement_over_mv": 0.005461081795107736
}