{
  "worker_id": 1,
  "hash": "15d4e341ea7c9e0f",
  "src": "split(8d60cce87ab6b1c1)",
  "lo_int": [
    0,
    0,
    0,
    0,
    0,
    0,
    0,
    0,
    0,
    0,
    0,
    0,
    0,
    0,
    0,
    0,
    0,
    0,
    0,
    0,
    144115188075855872,
    144115188075855872
  ],
  "hi_int": [
    288230376151711744,
    288230376151711744,
    288230376151711744,
    288230376151711744,
    288230376151711744,
    288230376151711744,
    288230376151711744,
    288230376151711744,
    288230376151711744,
    288230376151711744,
    288230376151711744,
    288230376151711744,
    288230376151711744,
    288230376151711744,
    288230376151711744,
    288230376151711744,
    288230376151711744,
    288230376151711744,
    288230376151711744,
    288230376151711744,
    288230376151711744,
    288230376151711744
  ],
  "depth": 45,
  "volume": 1.4210854715202004e-14,
  "lp_val": 1.0023963730569947,
  "iters_survived": 5,
  "K": 32,
  "wall_s": 125.50092792510986,
  "verdict": "feas",
  "lambda_star": -4.9533854642611126e-08,
  "status": "solsta.optimal",
  "peak_rss_kb": 55934280,
  "peak_rss_gb": 53.34,
  "threads": 21,
  "error": null
}