{
  "worker_id": 0,
  "hash": "e82d7abfe44e73f9",
  "src": "split(8d60cce87ab6b1c1)",
  "lo_int": [
    0,
    0,
    0,
    0,
    0,
    0,
    0,
    0,
    0,
    0,
    0,
    0,
    0,
    0,
    0,
    0,
    0,
    0,
    0,
    0,
    0,
    144115188075855872
  ],
  "hi_int": [
    288230376151711744,
    288230376151711744,
    288230376151711744,
    288230376151711744,
    288230376151711744,
    288230376151711744,
    288230376151711744,
    288230376151711744,
    288230376151711744,
    288230376151711744,
    288230376151711744,
    288230376151711744,
    288230376151711744,
    288230376151711744,
    288230376151711744,
    288230376151711744,
    288230376151711744,
    288230376151711744,
    288230376151711744,
    288230376151711744,
    144115188075855872,
    288230376151711744
  ],
  "depth": 45,
  "volume": 1.4210854715202004e-14,
  "lp_val": 0.9999999999999987,
  "iters_survived": 5,
  "K": 32,
  "wall_s": 88.77270579338074,
  "verdict": "feas",
  "lambda_star": -3.3436915730270944e-08,
  "status": "solsta.optimal",
  "peak_rss_kb": 50361020,
  "peak_rss_gb": 48.03,
  "threads": 21,
  "error": null
}