{
  "K": 32,
  "n_calibration": 1,
  "calibration_results": [
    {
      "K": 32,
      "wall_s": 88.99472427368164,
      "cache_build_s": 0.11422610282897949,
      "verdict": "feas",
      "lambda_star": -3.955795257912947e-08,
      "status": "solsta.optimal",
      "peak_rss_kb": 40300300,
      "peak_rss_gb": 38.43,
      "threads": 16,
      "error": null,
      "hash": "57e58f27bf036d88",
      "lp_val": 0.9999999999999994,
      "src": "split(345b02584d8646a8)",
      "lo_int": [
        0,
        0,
        0,
        0,
        0,
        0,
        0,
        0,
        0,
        0,
        0,
        0,
        0,
        0,
        0,
        0,
        0,
        0,
        0,
        0,
        0,
        0
      ],
      "hi_int": [
        576460752303423488,
        1152921504606846976,
        1152921504606846976,
        1152921504606846976,
        576460752303423488,
        576460752303423488,
        576460752303423488,
        576460752303423488,
        576460752303423488,
        576460752303423488,
        576460752303423488,
        576460752303423488,
        576460752303423488,
        576460752303423488,
        576460752303423488,
        576460752303423488,
        576460752303423488,
        576460752303423488,
        576460752303423488,
        576460752303423488,
        576460752303423488,
        576460752303423488
      ],
      "depth": 18,
      "volume": 1.9073486328125e-06,
      "iters_survived": 2
    }
  ],
  "max_rss_gb_calib": 38.43,
  "avg_calib_wall_s": 88.99472427368164,
  "available_ram_gb": 749.7562828063965,
  "usable_ram_gb": 562.3172121047974,
  "rss_with_safety_gb": 49.959,
  "n_parallel_by_ram": 11,
  "n_parallel_by_cores": 48,
  "n_parallel_chosen": 11,
  "threads_per_proc": 17,
  "headroom_frac": 0.25,
  "rss_safety_factor": 1.3,
  "min_threads_per_proc": 4,
  "max_threads_per_proc": 48
}