{
  "autoconv_P30": {
    "time_s": 0.0018088999931933358,
    "calls": 1666,
    "us_per_call": 1.0857743056382567
  },
  "autoconv_P50": {
    "time_s": 0.0011299000034341589,
    "calls": 1000,
    "us_per_call": 1.1299000034341589
  },
  "autoconv_P100": {
    "time_s": 0.0019857000006595626,
    "calls": 1000,
    "us_per_call": 1.9857000006595629
  },
  "autoconv_P200": {
    "time_s": 0.006426099993404932,
    "calls": 1000,
    "us_per_call": 6.426099993404932
  },
  "lse_grad_P30": {
    "time_s": 0.001397300002281554,
    "calls": 666,
    "us_per_call": 2.0980480514738047
  },
  "lse_grad_P50": {
    "time_s": 0.0021960000012768432,
    "calls": 500,
    "us_per_call": 4.3920000025536865
  },
  "lse_grad_P100": {
    "time_s": 0.005582799989497289,
    "calls": 500,
    "us_per_call": 11.165599978994578
  },
  "lse_grad_P200": {
    "time_s": 0.021875300008105114,
    "calls": 500,
    "us_per_call": 43.75060001621023
  },
  "polyak_P30_50k": {
    "time_s": 0.14126390000456013,
    "iters": 50000,
    "iters_per_sec": 353947.46993666433,
    "final_val": 1.5343993028197715
  },
  "polyak_P50_50k": {
    "time_s": 0.08587389999593142,
    "iters": 50000,
    "iters_per_sec": 582249.088516638,
    "final_val": 1.535388097867996
  },
  "polyak_P100_20k": {
    "time_s": 0.07379080000100657,
    "iters": 20000,
    "iters_per_sec": 271036.49777109316,
    "final_val": 1.5627298763383375
  },
  "full_restart_P30": {
    "time_s": 0.34532530000433326,
    "n_iters_lse": 1000,
    "n_iters_polyak": 50000,
    "lse_val": 1.5354772485365318,
    "pol_val": 1.5354590663221679
  },
  "full_restart_P50": {
    "time_s": 0.2056111999991117,
    "n_iters_lse": 500,
    "n_iters_polyak": 30000,
    "lse_val": 1.525844126815412,
    "pol_val": 1.525828875824954
  },
  "full_restart_P100": {
    "time_s": 0.17160030000377446,
    "n_iters_lse": 200,
    "n_iters_polyak": 10000,
    "lse_val": 1.5210653120269428,
    "pol_val": 1.5210653120269428
  },
  "production_P50": {
    "time_s": 0.6113848999957554,
    "n_iters_lse": 10000,
    "n_iters_polyak": 200000,
    "lse_val": 1.5274391795971711,
    "pol_val": 1.5273125524404678
  }
}