{
  "d": 8,
  "S": 10,
  "c_target": 1.2,
  "max_depth": 4,
  "n_cells": 30,
  "shor_alone_cert": 0,
  "shor_alone_unsolved": 1,
  "cum_cert_depth": {
    "0": 0,
    "1": 6,
    "2": 13,
    "3": 19,
    "4": 22
  },
  "time_split_avg_ms": {
    "0": 36.60775025685628,
    "1": 79.1995922724406,
    "2": 125.87440013885498,
    "3": 177.47364044189453,
    "4": 221.5847333272298
  },
  "time_shor_avg_ms": 28.110973040262856,
  "method_counts": {
    "uncert": 336,
    "Shor:infeasible": 192
  },
  "total_time_s": 218.8285267353058
}