{
  "K": 16,
  "n_calibration": 2,
  "calibration_results": [
    {
      "K": 16,
      "wall_s": 67.27401423454285,
      "cache_build_s": 0.1158146858215332,
      "verdict": "feas",
      "lambda_star": -6.826392619206481e-07,
      "status": "solsta.optimal",
      "peak_rss_kb": 31962972,
      "peak_rss_gb": 30.48,
      "threads": 16,
      "error": null,
      "hash": "ad4d8f586b6dbd0b",
      "lp_val": 1.0072674418604655,
      "src": "split(8d60cce87ab6b1c1)",
      "lo_int": [
        0,
        0,
        0,
        0,
        0,
        0,
        0,
        0,
        0,
        0,
        0,
        0,
        0,
        0,
        0,
        0,
        0,
        0,
        0,
        0,
        0,
        0
      ],
      "hi_int": [
        288230376151711744,
        288230376151711744,
        288230376151711744,
        288230376151711744,
        288230376151711744,
        288230376151711744,
        288230376151711744,
        288230376151711744,
        288230376151711744,
        288230376151711744,
        288230376151711744,
        288230376151711744,
        288230376151711744,
        288230376151711744,
        288230376151711744,
        288230376151711744,
        288230376151711744,
        288230376151711744,
        288230376151711744,
        288230376151711744,
        144115188075855872,
        144115188075855872
      ],
      "depth": 45,
      "volume": 1.4210854715202004e-14,
      "iters_survived": 5
    },
    {
      "K": 16,
      "wall_s": 85.42618489265442,
      "cache_build_s": 0.1157982349395752,
      "verdict": "feas",
      "lambda_star": -2.9405216518225987e-07,
      "status": "solsta.optimal",
      "peak_rss_kb": 31751880,
      "peak_rss_gb": 30.28,
      "threads": 16,
      "error": null,
      "hash": "12fcabc1c81348e3",
      "lp_val": 1.00736993589464,
      "src": "split(8d60cce87ab6b1c1)",
      "lo_int": [
        0,
        0,
        0,
        0,
        0,
        0,
        0,
        0,
        0,
        0,
        0,
        0,
        0,
        0,
        0,
        0,
        0,
        0,
        0,
        0,
        144115188075855872,
        0
      ],
      "hi_int": [
        288230376151711744,
        288230376151711744,
        288230376151711744,
        288230376151711744,
        288230376151711744,
        288230376151711744,
        288230376151711744,
        288230376151711744,
        288230376151711744,
        288230376151711744,
        288230376151711744,
        288230376151711744,
        288230376151711744,
        288230376151711744,
        288230376151711744,
        288230376151711744,
        288230376151711744,
        288230376151711744,
        288230376151711744,
        288230376151711744,
        288230376151711744,
        144115188075855872
      ],
      "depth": 45,
      "volume": 1.4210854715202004e-14,
      "iters_survived": 5
    }
  ],
  "max_rss_gb_calib": 30.48,
  "avg_calib_wall_s": 76.35009956359863,
  "available_ram_gb": 749.7522811889648,
  "usable_ram_gb": 562.3142108917236,
  "rss_with_safety_gb": 39.624,
  "n_parallel_by_ram": 14,
  "n_parallel_by_cores": 48,
  "n_parallel_chosen": 14,
  "threads_per_proc": 13,
  "headroom_frac": 0.25,
  "rss_safety_factor": 1.3,
  "min_threads_per_proc": 4,
  "max_threads_per_proc": 48
}