{
  "K": 16,
  "n_input": 4,
  "n_calibration": 2,
  "calibration": [
    {
      "K": 16,
      "wall_s": 67.27401423454285,
      "cache_build_s": 0.1158146858215332,
      "verdict": "feas",
      "lambda_star": -6.826392619206481e-07,
      "status": "solsta.optimal",
      "peak_rss_kb": 31962972,
      "peak_rss_gb": 30.48,
      "threads": 16,
      "error": null,
      "hash": "ad4d8f586b6dbd0b",
      "lp_val": 1.0072674418604655,
      "src": "split(8d60cce87ab6b1c1)",
      "lo_int": [
        0,
        0,
        0,
        0,
        0,
        0,
        0,
        0,
        0,
        0,
        0,
        0,
        0,
        0,
        0,
        0,
        0,
        0,
        0,
        0,
        0,
        0
      ],
      "hi_int": [
        288230376151711744,
        288230376151711744,
        288230376151711744,
        288230376151711744,
        288230376151711744,
        288230376151711744,
        288230376151711744,
        288230376151711744,
        288230376151711744,
        288230376151711744,
        288230376151711744,
        288230376151711744,
        288230376151711744,
        288230376151711744,
        288230376151711744,
        288230376151711744,
        288230376151711744,
        288230376151711744,
        288230376151711744,
        288230376151711744,
        144115188075855872,
        144115188075855872
      ],
      "depth": 45,
      "volume": 1.4210854715202004e-14,
      "iters_survived": 5
    },
    {
      "K": 16,
      "wall_s": 85.42618489265442,
      "cache_build_s": 0.1157982349395752,
      "verdict": "feas",
      "lambda_star": -2.9405216518225987e-07,
      "status": "solsta.optimal",
      "peak_rss_kb": 31751880,
      "peak_rss_gb": 30.28,
      "threads": 16,
      "error": null,
      "hash": "12fcabc1c81348e3",
      "lp_val": 1.00736993589464,
      "src": "split(8d60cce87ab6b1c1)",
      "lo_int": [
        0,
        0,
        0,
        0,
        0,
        0,
        0,
        0,
        0,
        0,
        0,
        0,
        0,
        0,
        0,
        0,
        0,
        0,
        0,
        0,
        144115188075855872,
        0
      ],
      "hi_int": [
        288230376151711744,
        288230376151711744,
        288230376151711744,
        288230376151711744,
        288230376151711744,
        288230376151711744,
        288230376151711744,
        288230376151711744,
        288230376151711744,
        288230376151711744,
        288230376151711744,
        288230376151711744,
        288230376151711744,
        288230376151711744,
        288230376151711744,
        288230376151711744,
        288230376151711744,
        288230376151711744,
        288230376151711744,
        288230376151711744,
        288230376151711744,
        144115188075855872
      ],
      "depth": 45,
      "volume": 1.4210854715202004e-14,
      "iters_survived": 5
    }
  ],
  "max_rss_gb_observed": 30.48,
  "n_parallel": 14,
  "threads_per_proc": 13,
  "available_ram_gb_at_start": 749.7522811889648,
  "n_cert": 0,
  "n_fail": 4,
  "n_exception": 0,
  "sweep_wall_s": 83.8255763053894,
  "avg_solve_s": 76.34286445379257,
  "n_survivors_for_next_stage": 4
}