{
  "K": 0,
  "n_calibration": 1,
  "calibration_results": [
    {
      "K": 0,
      "wall_s": 39.56966423988342,
      "cache_build_s": 0.1140296459197998,
      "verdict": "feas",
      "lambda_star": -4.700543623514658e-06,
      "status": "solsta.optimal",
      "peak_rss_kb": 4781840,
      "peak_rss_gb": 4.56,
      "threads": 16,
      "error": null,
      "hash": "8d60cce87ab6b1c1",
      "lp_val": 1.0,
      "src": "split(69700699b76079a3)",
      "lo_int": [
        0,
        0,
        0,
        0,
        0,
        0,
        0,
        0,
        0,
        0,
        0,
        0,
        0,
        0,
        0,
        0,
        0,
        0,
        0,
        0,
        0,
        0
      ],
      "hi_int": [
        576460752303423488,
        576460752303423488,
        576460752303423488,
        576460752303423488,
        576460752303423488,
        576460752303423488,
        576460752303423488,
        288230376151711744,
        288230376151711744,
        288230376151711744,
        288230376151711744,
        288230376151711744,
        288230376151711744,
        288230376151711744,
        288230376151711744,
        288230376151711744,
        288230376151711744,
        288230376151711744,
        288230376151711744,
        288230376151711744,
        288230376151711744,
        288230376151711744
      ],
      "depth": 36,
      "volume": 7.275957614183426e-12,
      "iters_survived": 4
    }
  ],
  "max_rss_gb_calib": 4.56,
  "avg_calib_wall_s": 39.56966423988342,
  "available_ram_gb": 749.779613494873,
  "usable_ram_gb": 562.3347101211548,
  "rss_with_safety_gb": 5.928,
  "n_parallel_by_ram": 94,
  "n_parallel_by_cores": 48,
  "n_parallel_chosen": 48,
  "threads_per_proc": 4,
  "headroom_frac": 0.25,
  "rss_safety_factor": 1.3,
  "min_threads_per_proc": 4,
  "max_threads_per_proc": 48
}