{
  "worker_id": 1,
  "hash": "15d4e341ea7c9e0f",
  "src": "split(8d60cce87ab6b1c1)",
  "lo_int": [
    0,
    0,
    0,
    0,
    0,
    0,
    0,
    0,
    0,
    0,
    0,
    0,
    0,
    0,
    0,
    0,
    0,
    0,
    0,
    0,
    144115188075855872,
    144115188075855872
  ],
  "hi_int": [
    288230376151711744,
    288230376151711744,
    288230376151711744,
    288230376151711744,
    288230376151711744,
    288230376151711744,
    288230376151711744,
    288230376151711744,
    288230376151711744,
    288230376151711744,
    288230376151711744,
    288230376151711744,
    288230376151711744,
    288230376151711744,
    288230376151711744,
    288230376151711744,
    288230376151711744,
    288230376151711744,
    288230376151711744,
    288230376151711744,
    288230376151711744,
    288230376151711744
  ],
  "depth": 45,
  "volume": 1.4210854715202004e-14,
  "lp_val": 1.0023963730569947,
  "iters_survived": 5,
  "K": 0,
  "wall_s": 71.33235263824463,
  "verdict": "feas",
  "lambda_star": -7.1019804821493625e-06,
  "status": "solsta.optimal",
  "peak_rss_kb": 4783376,
  "peak_rss_gb": 4.56,
  "threads": 4,
  "error": null
}