{
  "K_ladder": [
    0,
    16,
    32
  ],
  "stages": [
    {
      "K": 0,
      "n_input": 1,
      "n_calibration": 1,
      "calibration": [
        {
          "K": 0,
          "wall_s": 45.70514106750488,
          "cache_build_s": 0.11417388916015625,
          "verdict": "feas",
          "lambda_star": -3.319270821016348e-07,
          "status": "solsta.optimal",
          "peak_rss_kb": 4781276,
          "peak_rss_gb": 4.56,
          "threads": 16,
          "error": null,
          "hash": "345b02584d8646a8",
          "lp_val": 0.9999999999999998,
          "src": "split(0a09f74c4309e7be)",
          "lo_int": [
            0,
            0,
            0,
            0,
            0,
            0,
            0,
            0,
            0,
            0,
            0,
            0,
            0,
            0,
            0,
            0,
            0,
            0,
            0,
            0,
            0,
            0
          ],
          "hi_int": [
            576460752303423488,
            1152921504606846976,
            1152921504606846976,
            1152921504606846976,
            1152921504606846976,
            1152921504606846976,
            1152921504606846976,
            1152921504606846976,
            1152921504606846976,
            1152921504606846976,
            1152921504606846976,
            1152921504606846976,
            1152921504606846976,
            576460752303423488,
            576460752303423488,
            576460752303423488,
            576460752303423488,
            576460752303423488,
            576460752303423488,
            576460752303423488,
            576460752303423488,
            576460752303423488
          ],
          "depth": 9,
          "volume": 0.0009765625,
          "iters_survived": 1
        }
      ],
      "max_rss_gb_observed": 4.56,
      "n_parallel": 48,
      "threads_per_proc": 4,
      "available_ram_gb_at_start": 749.7511940002441,
      "n_cert": 0,
      "n_fail": 1,
      "n_exception": 0,
      "sweep_wall_s": 0.0,
      "avg_solve_s": 45.70514106750488
    },
    {
      "K": 16,
      "n_input": 1,
      "n_calibration": 1,
      "calibration": [
        {
          "K": 16,
          "wall_s": 61.3126220703125,
          "cache_build_s": 0.11744260787963867,
          "verdict": "feas",
          "lambda_star": -1.1814672186525007e-07,
          "status": "solsta.optimal",
          "peak_rss_kb": 26490220,
          "peak_rss_gb": 25.26,
          "threads": 16,
          "error": null,
          "hash": "345b02584d8646a8",
          "lp_val": 0.9999999999999998,
          "src": "split(0a09f74c4309e7be)",
          "lo_int": [
            0,
            0,
            0,
            0,
            0,
            0,
            0,
            0,
            0,
            0,
            0,
            0,
            0,
            0,
            0,
            0,
            0,
            0,
            0,
            0,
            0,
            0
          ],
          "hi_int": [
            576460752303423488,
            1152921504606846976,
            1152921504606846976,
            1152921504606846976,
            1152921504606846976,
            1152921504606846976,
            1152921504606846976,
            1152921504606846976,
            1152921504606846976,
            1152921504606846976,
            1152921504606846976,
            1152921504606846976,
            1152921504606846976,
            576460752303423488,
            576460752303423488,
            576460752303423488,
            576460752303423488,
            576460752303423488,
            576460752303423488,
            576460752303423488,
            576460752303423488,
            576460752303423488
          ],
          "depth": 9,
          "volume": 0.0009765625,
          "iters_survived": 1
        }
      ],
      "max_rss_gb_observed": 25.26,
      "n_parallel": 17,
      "threads_per_proc": 11,
      "available_ram_gb_at_start": 749.780200958252,
      "n_cert": 0,
      "n_fail": 1,
      "n_exception": 0,
      "sweep_wall_s": 0.0,
      "avg_solve_s": 61.3126220703125
    },
    {
      "K": 32,
      "n_input": 1,
      "n_calibration": 1,
      "calibration": [
        {
          "K": 32,
          "wall_s": 96.50084924697876,
          "cache_build_s": 0.11632657051086426,
          "verdict": "feas",
          "lambda_star": -9.511749728983753e-07,
          "status": "solsta.optimal",
          "peak_rss_kb": 38608556,
          "peak_rss_gb": 36.82,
          "threads": 16,
          "error": null,
          "hash": "345b02584d8646a8",
          "lp_val": 0.9999999999999998,
          "src": "split(0a09f74c4309e7be)",
          "lo_int": [
            0,
            0,
            0,
            0,
            0,
            0,
            0,
            0,
            0,
            0,
            0,
            0,
            0,
            0,
            0,
            0,
            0,
            0,
            0,
            0,
            0,
            0
          ],
          "hi_int": [
            576460752303423488,
            1152921504606846976,
            1152921504606846976,
            1152921504606846976,
            1152921504606846976,
            1152921504606846976,
            1152921504606846976,
            1152921504606846976,
            1152921504606846976,
            1152921504606846976,
            1152921504606846976,
            1152921504606846976,
            1152921504606846976,
            576460752303423488,
            576460752303423488,
            576460752303423488,
            576460752303423488,
            576460752303423488,
            576460752303423488,
            576460752303423488,
            576460752303423488,
            576460752303423488
          ],
          "depth": 9,
          "volume": 0.0009765625,
          "iters_survived": 1
        }
      ],
      "max_rss_gb_observed": 36.82,
      "n_parallel": 11,
      "threads_per_proc": 17,
      "available_ram_gb_at_start": 749.7881126403809,
      "n_cert": 0,
      "n_fail": 1,
      "n_exception": 0,
      "sweep_wall_s": 0.0,
      "avg_solve_s": 96.50084924697876
    }
  ],
  "final_survivors": [
    {
      "hash": "345b02584d8646a8",
      "lo_int": [
        0,
        0,
        0,
        0,
        0,
        0,
        0,
        0,
        0,
        0,
        0,
        0,
        0,
        0,
        0,
        0,
        0,
        0,
        0,
        0,
        0,
        0
      ],
      "hi_int": [
        576460752303423488,
        1152921504606846976,
        1152921504606846976,
        1152921504606846976,
        1152921504606846976,
        1152921504606846976,
        1152921504606846976,
        1152921504606846976,
        1152921504606846976,
        1152921504606846976,
        1152921504606846976,
        1152921504606846976,
        1152921504606846976,
        576460752303423488,
        576460752303423488,
        576460752303423488,
        576460752303423488,
        576460752303423488,
        576460752303423488,
        576460752303423488,
        576460752303423488,
        576460752303423488
      ],
      "depth": 9,
      "volume": 0.0009765625,
      "lp_val": 0.9999999999999998,
      "src": "split(0a09f74c4309e7be)",
      "iters_survived": 1
    }
  ],
  "total_input": 1,
  "total_cert": 0,
  "total_wall_s": 204.38324069976807,
  "n_final_survivors": 1
}