{
  "very_long_single": {
    "best": 1.5123063389101747,
    "mean": 1.5123063389101747,
    "std": 0,
    "trials": [
      {
        "value": 1.5123063389101747,
        "restarts": 4,
        "elapsed": 67.23677730560303
      }
    ]
  },
  "block_coordinate": {
    "best": 1.5130350987640937,
    "mean": 1.5130350987640937,
    "std": 0,
    "trials": [
      {
        "value": 1.5130350987640937,
        "restarts": 15,
        "elapsed": 60.76304650306702
      }
    ]
  },
  "lp_rounding": {
    "best": 1.513664311630075,
    "mean": 1.513664311630075,
    "std": 0,
    "trials": [
      {
        "value": 1.513664311630075,
        "restarts": 3,
        "elapsed": 61.15752124786377
      }
    ]
  },
  "mirrored_sampling": {
    "best": 1.5103571333046388,
    "mean": 1.5103571333046388,
    "std": 0,
    "trials": [
      {
        "value": 1.5103571333046388,
        "restarts": 13,
        "elapsed": 63.04384779930115
      }
    ]
  },
  "adaptive_perturbation": {
    "best": 1.5103571333046388,
    "mean": 1.5103571333046388,
    "std": 0,
    "trials": [
      {
        "value": 1.5103571333046388,
        "restarts": 13,
        "elapsed": 61.182793855667114
      }
    ]
  }
}