{"method": "diverse_init", "P": 50, "value": 1.5195348399952502, "x": [0.02588104370934907, 0.02668615157235085, 0.02731999833643628, 0.02603562773095666, 0.025853540180460453, 0.026911950630138275, 0.024884676313470484, 0.024195187072420205, 0.01918851727942436, 0.0007862019970876276, 0.007608156393032524, 0.01753042821815571, 0.020377220678667988, 0.021989571451620327, 0.0265328315712354, 0.029515798775149833, 0.0328340004444646, 0.03965175302324027, 0.044926265269791966, 0.04996314432588287, 0.01749983511515705, 0.028558650244846658, 0.01783066337126738, 0.019013371125240666, 0.02073715765052096, 0.012551876138139951, 0.006340176057001751, 4.778693797480749e-06, 0.004359292135309872, 0.05742452536224819, 5.940846733831783e-06, 2.624208065717045e-06, 0.004712154758437604, 4.473919759201286e-06, 3.1200243932864975e-06, 3.1120539286888635e-06, 2.899827337898852e-06, 2.818212552275978e-06, 4.0397611448461795e-06, 0.000684542400915779, 0.05408593017282802, 0.04631581668303432, 0.005557924704625826, 0.012716987178454877, 0.02210809450332351, 0.008306949144369056, 0.0026870916605950287, 0.0013162801929033042, 0.015223145515742593, 0.12326366336398863]}