{"method": "simulated_annealing", "P": 50, "value": 1.5253269523206954, "x": [0.024654341469776134, 0.02313982563228637, 0.027323073114145568, 0.02227279866650997, 0.025501447220473154, 0.03320471976137699, 0.02180812171260218, 0.022373605683566864, 0.030918557375573513, 0.03152947094336662, 0.03192496368790825, 0.03438626567978278, 0.034796853603167914, 0.03027129680817964, 0.03806527475185191, 0.0379142387109935, 0.037846355587778276, 0.020291380506071426, 0.011760588524039923, 0.0011307109083472323, 0.004434353118339791, 0.007909508139389934, 0.028932092399386655, 0.001439524456364736, 0.0, 0.036977551963516965, 0.012869118692386126, 9.246948148036676e-06, 0.008595637603274474, 5.17649493166107e-06, 0.052542203209635895, 0.03768962412807189, 0.02548155175539128, 0.016723904558088188, 0.01841163842411261, 0.0005716347804082567, 0.001483806742918869, 0.013805202936087727, 4.89060992302675e-07, 0.0, 0.010223887124226075, 1.2640182955862146e-06, 0.0020851588710101175, 0.03438448491124099, 1.3350883285267298e-05, 8.52551522169972e-06, 0.0038492889344590086, 0.0006510403189462356, 0.018367193480335796, 0.12141965018373554]}