{"method": "final_interleaved", "P": 50, "value": 1.5171500982820991, "x": [0.037158618541937825, 0.00403447568910089, 0.03547639442339589, 0.02156222936886147, 0.029885072923463193, 0.02350277698158781, 0.03330408127544036, 0.025404631524162676, 0.020099801829183334, 0.032903081549002004, 0.02812156147380482, 0.03938099323800932, 0.023801958020732372, 0.041659812094920104, 0.013560466121981503, 0.04966486341984858, 0.00978292320607741, 0.026902332655727085, 0.04775796519410322, 0.01924857634232711, 0.002526023393744216, 0.0027317086730598832, 6.426760354984996e-06, 4.721891462168669e-06, 6.1104590281909265e-06, 0.004618802369302658, 0.004236816150556807, 0.033698331362591274, 0.04437883885589829, 0.045737095826900304, 0.008657350758334029, 0.006322930713908668, 0.02390295947230072, 0.007492351688850473, 0.019711422391266206, 0.029570640511656674, 0.004608239149330838, 0.006948428520775892, 0.002897418445271089, 0.009622695178519412, 0.0021040289043440684, 0.006958318980630694, 5.677443024231216e-06, 8.268705829490476e-06, 4.341215117453249e-06, 1.7617752305375243e-05, 3.354234768774589e-06, 0.010489053070513355, 0.07450896527490809, 0.08500844597177852]}