{"method": "final_baseline", "P": 100, "value": 1.5140847019909305, "x": [0.05296586529747076, 0.04527265586409718, 0.04616389836251546, 0.0007858219730294624, 1.2683307315777412e-06, 0.002196933745503841, 4.510314902536493e-05, 0.0035594070971843397, 1.4629296273719531e-06, 0.008098050442843573, 0.0057680091093317695, 0.006509545492954058, 0.0006189532815886191, 1.796063629501552e-06, 0.014988016532168512, 0.011872626091320778, 0.020590018357714564, 0.018353005282852324, 0.028443411505505126, 0.02930130244108966, 3.859666321480587e-06, 3.38739581207026e-06, 1.4973464384621235e-06, 1.0913082962819964e-06, 8.39523894159423e-07, 1.8120941893405068e-06, 1.5732119648739394e-06, 1.1266005864116669e-06, 1.1719372781014045e-06, 1.1848138546862328e-06, 1.1174297761224398e-06, 1.5362893424454327e-06, 1.1785408075781831e-06, 1.2891765051066227e-06, 1.961574480406199e-06, 1.9544376608519166e-06, 1.4589463715773608e-06, 1.3530766760678182e-06, 1.8853583582261319e-06, 2.025275090600451e-06, 0.015667537731044495, 0.020484642809572864, 0.032444730151425495, 1.4703332178707082e-06, 3.678901380548074e-06, 1.9810977344970686e-06, 0.001695509944554903, 0.006424825835075776, 2.7080279622649898e-06, 0.007958127564545711, 0.008766922208772378, 0.008393161596607615, 0.007396387760475307, 0.007926902177403678, 0.010390214098051017, 0.012694150340584279, 0.023206453729190925, 0.007822850225059326, 0.012873080180511467, 2.8173907321321043e-06, 0.026598738404717756, 0.023492720135891675, 0.021740542110776504, 0.021104522042644396, 0.02204954390728994, 0.013803909814167323, 0.020031435384367587, 0.018971371356543015, 0.012859916820049423, 0.014577229694046446, 0.01404576558845163, 0.010781333625794712, 0.010479415733326539, 0.015849473655620526, 0.004638775031590155, 0.010428793657874785, 0.016787300487319856, 0.0035871710103183596, 0.0041705163078237795, 0.006151805359723743, 0.004251008996146196, 0.004421792531051857, 0.00042396520704492444, 0.008538339830779515, 0.011904288703983284, 0.011317745177243344, 0.01316580163534494, 0.013247418987157537, 0.013998005134240031, 0.011708973063045821, 0.014403963799441926, 0.010735865097563461, 0.012068742016168435, 0.018630538278622114, 0.008091048412112226, 0.011625459607629158, 0.01945011480361716, 0.00605346946403273, 0.00698579949163194, 0.027098772177014077]}