{"method": "multi_seed_diverse", "P": 100, "value": 1.5147255661021395, "x": [0.04457962327599305, 0.05938473160424564, 0.034054074303022784, 0.007428360422881191, 2.2569418806574045e-06, 1.6078526366748324e-06, 2.3262378177939364e-06, 0.00042440875704793165, 0.011226633182417331, 0.002727396472587304, 0.000910201229999457, 0.007432153572505907, 0.010881192953657312, 1.5996323696338584e-06, 0.004582581865440329, 0.012753521586308544, 0.020900391225195616, 0.01775204564355729, 0.024068418112509444, 0.0338033358233674, 0.0007421141257099774, 1.494690319230962e-06, 2.1747883523198164e-06, 1.2310464558539208e-06, 1.3493313469490036e-06, 8.898295540146091e-07, 1.4232296867351118e-06, 8.926429185054275e-07, 1.0465993394408848e-06, 1.6202515650073426e-06, 1.7891148872993343e-06, 1.472269308809479e-06, 2.181038783190332e-06, 1.0587445493993373e-06, 2.5851244430061557e-06, 9.798967925985803e-07, 0.00021571909554983135, 9.76300353775044e-07, 1.6098310145321288e-06, 1.7451421944128076e-06, 0.011449880528363137, 0.03042418312586022, 0.02566472049553068, 1.794797267160821e-06, 2.267673895153695e-06, 0.0013729981403147009, 2.5597714852270377e-06, 1.5241085247131805e-06, 0.012128839841224622, 0.0032960352591868206, 0.008156337669113521, 0.006201982674918377, 0.011931676661301318, 0.008531304793363568, 0.009115106760327089, 0.009950769080870722, 0.018356955498632702, 0.017129046262765683, 0.0038698110303582783, 0.007091765174021646, 0.02453632205491681, 0.0203203965471754, 0.029538271141023902, 0.014508619973391179, 0.021230066678368454, 0.02200092614901778, 0.015958073459237988, 0.013816752851189893, 0.017906019500630466, 0.014030164054721801, 0.015131412203218127, 0.010113892872065528, 0.011685371314728334, 0.01234697416415295, 0.01152165877722291, 0.008744390832425666, 0.009148239142788795, 0.013567508278368862, 1.4958284368552354e-06, 0.006223518295206003, 0.004145379935370403, 0.0014260355043187892, 0.003988485423947758, 0.005047506999152294, 0.014245167380232437, 0.012975158315276146, 0.01226679158635571, 0.013180485297309901, 0.013406014012523488, 0.009901734970421674, 0.017660276835405272, 0.010218314610431089, 0.011316962942765733, 0.015068345264793729, 0.013871361797647924, 0.01235561514123679, 0.010802820228799895, 0.01824442660203502, 0.0013981337079001632, 0.027570136189896507]}