{"method": "frank_wolfe", "P": 50, "value": 1.5257467705663892, "x": [0.03439898140091373, 0.021250910250976564, 0.030888490250990473, 0.018800110279001855, 0.030020975611662715, 0.0200389730783927, 0.025664227546609027, 0.023709225326993297, 0.0237639548298326, 0.011527383178684222, 0.0032914940175851146, 0.019380382234360276, 0.02277146351149953, 0.024677904640143036, 0.025528436096792836, 0.038340213511292284, 0.02321373584057974, 0.04273096905483144, 0.03229664211347239, 0.05382981704532147, 0.035127033396141, 0.010505751215313573, 0.02395212605561163, 0.014435458231740996, 0.013823075691004275, 0.023431203267003008, 0.010440084793515976, 0.019238682188885265, 0.020290770226234683, 0.004147610733865223, 0.003049039020160627, 2.819278636900664e-06, 1.3628761163883298e-06, 0.009194592569895767, 1.257478683813593e-06, 4.6667298153236216e-07, 6.676746964162206e-07, 1.8878616907735396e-06, 1.4770028098931509e-06, 0.044699266654108304, 0.03994799333229287, 0.01091326860191684, 0.012358616785703767, 0.023079375812757215, 0.006550236312390234, 0.012114443677372825, 0.024595831842432667, 0.006994113053847291, 0.044173840613609794, 0.0608033572586453]}