{"method": "final_interleaved", "P": 200, "value": 1.5146634877066494, "x": [0.018372539978449856, 0.0011562007639073402, 0.004941191523602956, 0.004699575650022508, 3.3339412403525136e-06, 0.007723743148579019, 0.010990004858530428, 0.0026069411843320117, 0.010082138339700192, 0.0029581550147630997, 0.004732076405060282, 0.009453407033092043, 0.0068198042752085535, 0.004968636905806294, 0.007617806904177802, 0.005348414868963078, 0.003588238549964364, 0.003186560763125978, 0.00828511032400436, 0.006026669733210096, 0.008618249996970721, 0.0060038116580435974, 0.002978323644518961, 0.007231848416964793, 0.005582438472856714, 0.006543100172094729, 0.006635228808120071, 0.006930109501004958, 0.0015510542197770727, 0.003714404296815055, 0.004138484905220437, 0.0053008867526564574, 0.007739410640260984, 0.005449141532743531, 0.0016578606430372666, 0.004421863561712647, 0.0043126951083841585, 0.00568163445275949, 0.0035377441714273036, 0.00660945281832353, 3.2240611138382975e-06, 0.005695718746179111, 0.002813759247578076, 0.004532254479900327, 3.2348142874964534e-06, 0.0036036712694957436, 0.0021885009053815192, 0.011475319573881359, 0.0011729633848143026, 0.00478989427053557, 0.00520438676303667, 0.0029046150244730496, 0.0063401293881239626, 0.0048216737090048525, 0.005150376806262807, 0.008390187518806115, 0.00430534821932679, 0.007717061938452242, 0.0074362190750433665, 0.006627624266379348, 0.006497411796885318, 0.008410744543036763, 0.00678484533859829, 0.004673515906609582, 0.008036950414840859, 0.00777627678409762, 0.00961035685575084, 0.00971782767196772, 0.008575338865500996, 0.006687823741662149, 0.00970215525655057, 0.007674080444344097, 0.010258554697599363, 0.012452807739864619, 0.009912279527909, 0.008782053010568572, 0.0067785286689266006, 0.007497669940469802, 0.009652943501867068, 0.013794266721012353, 0.007657478937199612, 0.009239946685375037, 0.01021584427498197, 0.008832992579267476, 0.01197521844288064, 0.012886926330646241, 0.010638267156243835, 0.008910400175194177, 0.006735162597446406, 0.007770075007555823, 0.0006473238458713008, 0.00171961380322334, 0.0007515830597454125, 0.0007515577213884936, 0.001242733175509307, 3.176915036598383e-06, 0.0019237208503207588, 0.00399791179344739, 0.0029121835435226683, 1.7639716388466094e-06, 1.5105921229871108e-06, 1.7642336860849506e-06, 0.0030776893771261747, 0.0017171419169122507, 0.011253070764135417, 0.010611794997729629, 0.012946203340964317, 0.010488327263118873, 0.009811113709502725, 0.006313702702927063, 0.004258737523159541, 0.002211902232361405, 0.0007256922740577011, 0.0014309811829892839, 0.0029255717067961555, 0.003275135672173055, 0.0008376959969884108, 0.0024239611946308853, 0.003279049731480608, 0.003882925567756328, 0.000230708881358077, 0.00399076083321183, 0.0033222438219713797, 7.033307810638923e-06, 0.0008825775892063541, 0.0006520065304488683, 4.990479439247323e-06, 1.2381232563431909e-05, 1.916523473147181e-06, 2.915419501712097e-06, 1.9784381221213684e-06, 1.7486106975448237e-06, 2.1797796619353582e-06, 2.0041141380212735e-06, 2.8279767979884255e-06, 0.0028510481788145406, 2.59506319990791e-06, 2.5297593462829658e-06, 2.5181639229216117e-06, 1.3613150066012555e-06, 1.692440205362926e-06, 1.7136437864513083e-06, 2.6834660478700388e-06, 2.020090875665385e-06, 3.5763406427885443e-06, 1.8375709702952955e-06, 1.7519995180480448e-06, 1.6577983247431332e-06, 1.941535664774138e-06, 1.6809044587719667e-06, 1.5193415876107436e-06, 1.6988852341626906e-06, 1.6835296540312166e-06, 0.011736902467121588, 0.01254466319797839, 0.0027295465283470174, 0.0009273043018144265, 0.0001219205372528305, 0.00039923316583387666, 0.007734625505354277, 0.007810404086336069, 0.009029174876866249, 3.534613432612509e-06, 2.4028152670868134e-06, 0.008626920510506633, 0.007257095731873044, 0.0059999514342932315, 0.0013906097645933204, 0.009905392955412417, 0.012025894408354134, 0.008456265537373399, 0.002125108220161042, 0.0008200134559968225, 0.005802714690325575, 0.0023696005990720337, 0.006776661855528835, 0.004753101683334455, 0.007029326856780649, 0.004666284942355113, 5.2219174356668015e-05, 0.00029138735330809566, 0.004782407929516363, 0.007322364858219987, 0.0013097024602010143, 0.00011631367941738965, 0.0012132505134910072, 1.7330053014770935e-06, 2.339309560265658e-06, 2.405005430398769e-06, 3.116246412615538e-06, 3.651509781121596e-06, 2.13534251654106e-06, 2.345452040186654e-06, 2.017296642339443e-06, 0.01704137978869976, 0.019090895177334366, 0.017919722196044374, 0.02498039782792086, 0.03111830044685397, 0.02475473544303693]}