{"method": "final_baseline", "P": 50, "value": 1.5171267352469617, "x": [0.037322048173288574, 0.0039028341293708907, 0.035727649134556005, 0.020947064236961865, 0.02996978366195366, 0.02345211998416294, 0.03352737186862333, 0.025360245737094982, 0.01982970912545589, 0.03283404744327824, 0.029331892510602794, 0.037744151632032145, 0.0248858877393162, 0.041176911327754355, 0.014356817574978503, 0.049158640195609775, 0.009816857016045752, 0.027111089541563303, 0.04798390575796365, 0.018504215540187163, 0.0025492862033271732, 0.0030332140571569335, 3.512769954897586e-06, 2.3804048054489267e-06, 2.9547663714123523e-06, 0.006870790661637324, 0.0022282039175827023, 0.033060726570701394, 0.045420164549487635, 0.04532813803982276, 0.008910347701959974, 0.005692052381716987, 0.0241117536292142, 0.008174140333364003, 0.01880507469035519, 0.028985626375763622, 0.005003529491482307, 0.008229959834976553, 0.0026811490978387495, 0.008721581194198287, 0.0015400061166365724, 0.007613822030113034, 3.172845643257753e-06, 8.333447095078096e-05, 2.4516238553691655e-06, 0.0008750738305191419, 1.8785669011501546e-06, 0.009745084760843542, 0.07407169348468857, 0.08530565326733089]}