{"method": "aggressive_beta", "P": 50, "value": 1.5218034696233254, "x": [0.060149147519431505, 0.0502936184079832, 0.06116815930670854, 1.2300642204920998e-06, 2.3724324073815954e-06, 2.2957762498094414e-06, 1.2300642204920998e-06, 0.0026618871903707755, 0.0010312245104680882, 0.0030803700784458534, 1.2300642204920998e-06, 0.006556835817831498, 0.00850641747435008, 0.019572167222716312, 0.00892784608209555, 0.015339730749661095, 0.023047366707016487, 0.012168148697690622, 0.013180970711776836, 0.008470115054523683, 0.032537330374029796, 0.04805975389529303, 0.0297834408100711, 0.022838983454136937, 2.4665970113463976e-06, 0.005485132466616171, 2.3342352751418566e-06, 2.988135353955041e-06, 2.2073743851479707e-06, 0.006797118781856235, 0.0036529939814349587, 0.03490346785433372, 0.04253540615151847, 0.025427617159029813, 0.02608772363942679, 0.02198882031065143, 0.04094844089169045, 0.03099713562802912, 0.020505136265209365, 0.044450698898428655, 0.035978446084062525, 0.00878193328758283, 0.03366824756912758, 0.03676128366777394, 0.009501600737498866, 0.034356474755709805, 0.043124657528603436, 0.003087917647799076, 0.022889407930972886, 0.040678469954698815]}