{"method": "final_elite_breed", "P": 100, "value": 1.511701316338655, "x": [0.02028722260572865, 0.02171149603593593, 0.005302474241681083, 1.9331832576424606e-06, 0.010202336141922109, 0.01947505234781545, 0.016504471171925536, 0.0075393688718564875, 0.009270599396607092, 0.018004290289349117, 0.019920212680108407, 0.01269234071082131, 0.0069051690288566905, 0.01052488062710914, 0.02193572763559897, 0.019138538321529976, 0.007182226534965759, 0.004347045683628759, 0.014843764244986388, 0.018815374205785638, 0.01818246881909612, 0.015608108259577454, 0.01601802141169568, 0.019625601090027738, 0.018405125411981357, 0.010154981491740208, 0.007248454270111279, 0.01760580362127531, 0.024893123288529682, 0.021601595812166908, 4.941976027784363e-06, 0.01999315319475357, 0.005123586594113113, 0.007435282000551501, 0.02203048663257786, 0.02904826047758013, 0.014770713854014099, 0.011642027257372498, 0.008317618760535184, 0.00785387899444043, 0.006006898322032601, 0.000772615034687288, 1.7974985560241313e-06, 1.5775691540636711e-06, 1.0147983693013181e-06, 1.4021192228190075e-06, 1.3856316733719526e-06, 1.5015500422212173e-06, 0.0037280496111415404, 0.006810631279090216, 0.0005875444104601362, 0.00047842938980720436, 2.4194696286704255e-06, 0.001068209955744241, 0.008985219078873136, 0.02187964662112662, 0.025062988965020117, 0.02213293063952936, 0.017919797159805365, 0.018975978917869552, 0.013622477061071505, 0.00861147354389463, 1.763995353521161e-06, 1.8518597783462226e-06, 0.006737146108321875, 0.00811060347731561, 0.007218515654468623, 0.026419112475080834, 2.9105315446717717e-06, 0.001547009595403479, 0.0051723312546268505, 0.005216201696115537, 0.013721239866352902, 0.009353664845342197, 0.009975803919574575, 0.00779447272755772, 4.131451841583938e-06, 1.7041506926998978e-06, 1.2506410946475572e-06, 2.20203980833081e-06, 0.0011673328013060557, 0.005979708915691109, 1.5500397102760807e-06, 1.5783998977530406e-06, 3.468769358547069e-06, 1.6094174387001673e-06, 2.0905610318650694e-06, 0.0051594120916362545, 0.003108421835476493, 1.4985601326147678e-06, 1.0607562820270054e-06, 1.1307594580765412e-06, 2.287269358745624e-06, 2.1405530010704655e-06, 2.2285242353293292e-06, 0.0029010287454570554, 0.03445280535917996, 0.049823998813591966, 0.01339574813486921, 0.06588723759817479]}