{"method": "random_smoothing", "P": 50, "value": 1.52771925703111, "x": [0.04611682070215127, 0.022618129947171422, 0.02186495100654456, 0.03380790924473413, 0.02119439287883315, 0.02647904533580973, 0.026105635828699143, 0.024886710352667558, 0.009258088190932713, 0.0072569287661341225, 0.0031965451272461523, 0.02652627622402827, 0.023903925332445276, 0.0196185954102971, 0.0347322012443995, 0.0280560171935533, 0.03332683658193087, 0.0407385563429918, 0.05299299295718191, 0.03322834760730887, 0.02359089928579062, 0.0174370236006054, 0.020440843730592958, 0.01709118826840673, 0.009864412203320566, 0.02321975750324855, 0.004074091439829612, 0.0077583740511390125, 0.028184874031402546, 0.011680196730102694, 0.004816840098029057, 0.000547838810855861, 0.003055317224001389, 5.857387723111791e-07, 1.3987115625326493e-06, 0.0, 0.0, 0.0, 0.0, 0.04939625117315241, 0.03422586793067277, 0.02698730337594384, 0.005155625522525888, 0.013009465871296123, 0.01571053391660034, 0.014946919417365144, 0.004603946650147352, 0.032468295231795216, 0.0442922917807925, 0.05153095142698776]}