{"method": "softmax_temp", "P": 200, "value": 1.5338655955167986, "x": [0.025638614435059142, 0.020828330702040883, 0.01859787524946148, 0.01989259780984043, 0.009524540693424906, 0.011143034119275853, 0.012826693814699553, 0.005750293129582529, 0.009489956949254455, 0.0033903236603230777, 0.00022868913756850617, 4.0737897558716713e-07, 7.007659277164124e-07, 5.371651325379173e-07, 0.003348883904550125, 0.0016417846010814915, 0.002500711178967879, 2.48695902326545e-05, 0.00798679462926326, 0.006420308994483508, 0.006411000160823605, 0.004241379800673248, 0.00532890866257946, 0.0006377979110858113, 5.911688684355199e-07, 5.395663653482243e-07, 2.512207025600789e-07, 2.555832138200216e-07, 2.1717790729027768e-07, 0.0017696815947998703, 4.6128266764650086e-05, 6.527348681115793e-07, 3.994733498950229e-07, 1.199191935985829e-07, 1.627894086720538e-07, 5.984748194017414e-08, 8.767509146563748e-07, 2.7868545937916525e-08, 5.842327317422321e-07, 7.225970594439145e-07, 6.252566259101869e-07, 0.0, 5.089632790484356e-07, 0.0, 9.231361958402936e-07, 1.7767077260065981e-06, 0.0, 0.0, 0.0, 0.00010435443561103123, 0.00010816329821806683, 1.5733760635302982e-06, 3.49263217327708e-07, 0.004609892097733825, 0.005746626148528994, 0.005382150773810973, 0.003213126855716948, 0.0005677973694889589, 0.0028419548714066537, 0.005125050856583466, 0.010544874323935005, 0.01093204461939048, 0.013712767602423213, 0.011088471555010795, 0.007410004461578156, 0.009069856862039222, 0.008226163253764528, 0.011171225451520187, 0.016645051286559704, 0.007603620428444364, 0.0032509707375551426, 0.0069022071096268385, 0.0016333460710164936, 0.0017606510954381396, 1.1452446870244996e-06, 9.737260369891084e-07, 1.2498951321332012e-06, 0.0006107104247179891, 0.0006671018797769963, 1.633252842931452e-05, 0.00931138668903003, 0.00994513692196712, 0.006726844436165055, 0.010643228392514345, 0.005613816835147425, 0.0022102169894507636, 0.0016834166666697553, 0.004771610216549244, 0.004501350814988002, 0.007415744243329853, 0.0010161045187430284, 0.002333447493733209, 6.766600018684131e-07, 3.537256013458558e-07, 1.048635454452903e-06, 6.244240882111124e-07, 1.300769990276616e-06, 0.0006711989962645319, 6.856281470627315e-07, 0.00017729233947342624, 3.3059676123709784e-05, 0.002432038755531113, 0.001910063942647132, 0.00431034327048973, 0.002778929880733901, 0.002152855013119815, 0.003960093810332329, 0.0024275422368234155, 0.0004275340325778097, 0.0035190003990692663, 0.0021255855876746266, 0.0031905401365996187, 0.0033136965258915452, 0.00590903904019333, 0.005997692391584295, 0.0030011265895340694, 0.0002861562012264873, 0.0034885529371457267, 6.414092927553942e-05, 0.0018224009737334605, 0.006561501905034922, 0.0038764602542117246, 0.002913261362232373, 0.007773867920048045, 0.0069468277084679935, 0.01273806547003509, 0.006652395100435735, 0.0028830101760159953, 0.0036634826201369826, 0.002205419140832561, 0.00020638287410305493, 0.0, 0.0, 2.059216495127915e-07, 3.9281787707255316e-07, 0.0022505604326963154, 0.00016875130396369495, 0.0012872276898088773, 0.00467697409225799, 0.005479876220293154, 0.007186866902425407, 0.011083009848272766, 0.013410828499585258, 0.011639685059403944, 0.0067756716240498106, 0.005143577662265349, 0.003477729952941819, 0.007567640007346851, 0.012514100887179299, 0.007788177123809479, 0.010845225431893903, 0.009498932576938124, 0.01644035964747569, 0.012593562743941883, 0.010181922529938985, 0.00944491369546089, 0.008793125072365992, 0.010219362399966061, 0.010787476230798778, 0.010991321631770582, 0.0063719581472844004, 0.008440964270750707, 0.008991151658791401, 0.008662629463821415, 0.007293892257638287, 0.009925620818012662, 0.007078548683059601, 0.007067777784889161, 0.006109336895679065, 0.006274335761431689, 0.0038247385182116553, 0.005806772766980671, 0.007832662455827965, 0.008604446833350743, 0.006321416650077565, 0.009034703758424259, 0.008641318118645722, 0.004947947136070765, 0.00790430060580813, 0.006564958803386554, 0.006959781359220871, 0.004864692143728065, 0.008786839447863085, 0.006378667194698775, 0.0061159899707314705, 0.0042726333086689945, 0.006738878956214201, 0.005962853407904076, 0.0066703236127916695, 0.009676161945282577, 0.0060941706562187845, 0.005186048987915451, 0.005470206134193967, 0.0057736458033059235, 0.0047826545571063315, 0.008905420369523234, 0.007157869191426558, 0.008834629331857984, 0.009633645912526249, 0.012561428851358794]}