{"method": "fourier_param", "P": 50, "value": 1.533218248142911, "x": [0.03729233748342829, 0.026409036062840046, 0.03259480183446381, 0.004319235831180512, 0.0014230068770515524, 0.009354866173067702, 0.02223459427273484, 0.04282149233554088, 0.03778278617470201, 0.028675666098706046, 0.009346811900176813, 0.006589289033901821, 0.009245875657959729, 0.0287937452090181, 0.04549952387811013, 0.030033947821107413, 0.03402142204824064, 0.009950489915153153, 0.029174630720348267, 0.03483509544870403, 0.033604025685793855, 0.03093471699781391, 0.020726372639065647, 0.032037126048061165, 0.04713040602495077, 0.018953947709697935, 0.005205373771116233, 0.007585142799295262, 0.006444682909794156, 0.0018665172915875237, 3.5734110857300474e-06, 0.0007566763950889031, 3.5957746130794115e-06, 3.3386880688717077e-06, 0.029103566683353874, 5.2467054035134756e-05, 0.02274750355258018, 0.014602750563751817, 3.6390072523969208e-06, 3.1486210227426883e-06, 2.425852710938823e-06, 2.7473765989296015e-06, 2.976033031891166e-06, 0.027413358936380312, 0.010537840164307604, 0.04756379848874149, 0.06171939991106005, 0.017490454755101116, 0.019655767805440236, 0.06344400427216229]}