{"method": "solution_surgery_t0", "P": 200, "value": 1.5112265073737308, "x": [0.05015700012422257, 0.02440025709384389, 0.008680204273836423, 0.0005003393022203366, 0.025264290373392888, 0.008136941992682094, 0.02557933676964456, 0.006547247305811903, 0.016939067202451526, 1.1064543363248277e-06, 0.005676984092115446, 8.528361206847112e-07, 0.0002790791196205239, 1.0960303805208383e-06, 1.148863737568632e-06, 0.00013922930536867324, 8.613775811882949e-07, 9.92582670576275e-07, 1.0598934717230048e-06, 7.402163618366004e-07, 6.094254056472355e-07, 1.088267101928605e-06, 7.774842446748521e-07, 5.8095578346833e-05, 1.213969661040623e-06, 1.073437137809421e-06, 3.7497384065121128e-06, 0.0032421382908845195, 1.607016598840964e-05, 0.0017106661910847609, 0.0003158477461357479, 1.3710644229984411e-06, 1.0854773947223643e-06, 9.369571126843088e-07, 6.009460503807915e-06, 1.3070723320871283e-06, 1.5631431624312452e-06, 1.1178045539341192e-06, 0.002167775801409836, 0.0017205302281708343, 0.00041704606061576953, 0.00018910700564066224, 1.2003226246318496e-06, 1.0429969264199635e-06, 1.600771368391491e-06, 1.697777674955648e-06, 5.9599497735358696e-05, 0.003872115180722697, 0.004984693168655634, 0.0021861332628085907, 4.9589645460660285e-05, 0.0023778463970782794, 0.00813986669470098, 0.013991604384009761, 0.005901455335809287, 1.9275341001062956e-06, 0.0014471516964412138, 2.6058343372281352e-06, 2.6027727896342054e-05, 0.0002518727920340332, 0.00048559632120141093, 0.010443479416876462, 0.019908029854951687, 1.2355042436680764e-06, 1.2494376974573661e-06, 2.6493220314160248e-05, 0.003612960700847787, 0.009429009809114989, 0.00437223696688583, 0.00037054299033209353, 0.005205387893494568, 0.001865574934601913, 0.00013976965839144267, 0.0011068559880882357, 0.0021256279205850398, 0.0035506426606699, 1.010799252284099e-06, 0.003990630600161674, 0.008903104438079075, 0.005121573708437968, 0.009866707743979526, 0.00961529079120183, 0.01297499150245507, 0.006159307521850367, 0.01404057726114738, 0.01287730751567377, 0.00556489551674271, 0.003022253764348503, 0.013990222570761714, 0.01136495718495061, 0.010444860410582785, 0.004577695703487748, 0.0038175005728477455, 1.4553242136705375e-06, 9.34870830720605e-07, 1.019899834427084e-06, 1.0102562686187915e-06, 9.919825681188075e-07, 1.4603084705327465e-06, 0.0023414722850366994, 0.0031114964079455624, 0.002687369673268374, 1.0394250629309062e-06, 1.2326510614462353e-06, 1.3370225514677187e-06, 9.446244417312614e-07, 6.723363623101178e-07, 6.714215562346396e-07, 6.963048379737004e-07, 0.0001203020524294546, 4.471302974612475e-05, 0.0001769733199725208, 1.2328773935391205e-06, 0.0008875659056418252, 0.0010779081351565978, 1.1452561330306894e-06, 0.002586688830915181, 0.0009654464751043988, 0.0013055781776299463, 1.4315771774724734e-06, 0.004017022428493822, 0.0006247103721501126, 0.006053988277685373, 0.008525324282003774, 0.011326370664094003, 0.0012614901439084742, 0.009053625006497944, 0.007677030356716036, 0.010462262953150529, 0.013891377768474928, 0.007342161909397015, 0.013045268530347312, 0.0042119591469564795, 0.008622592474503083, 0.006539114214187446, 0.0037634388889948925, 0.00340397001917528, 0.0014588896191683749, 2.5871510963710877e-06, 0.013701155028457115, 0.010973725847769145, 0.00892776259912739, 0.012137430968434141, 0.006790750879562527, 0.010351597302498471, 0.006589158127737366, 0.005226458116448205, 0.006820723605215983, 0.0072860941508818625, 0.008184245710432981, 0.003403883409633719, 0.007902858375847888, 0.006377119922153637, 0.010662886627223412, 0.01217502992302132, 0.0077940154036456825, 0.011983967203298914, 0.007689516687949321, 0.008176391391015777, 0.007234910305416303, 0.005289128046234281, 0.007586639162860579, 0.0029283972421766486, 0.008367022935720416, 0.0077153923494876825, 0.007834845277440808, 0.007084363072702097, 0.00521104260397626, 0.00777550109531464, 0.0030181712453795392, 0.006543934988510053, 0.006191820524587011, 0.006217512648773473, 0.008816202616743596, 0.006157996003829276, 0.009556607429854052, 0.005121339592245974, 0.007401231002683538, 0.0063751579396314935, 0.005619540782665413, 0.007550006812163694, 0.0043489751719294435, 0.008093114171923767, 0.006745261308695873, 0.006685441423263032, 0.007677993422696855, 0.006827611626025397, 0.009892713166372202, 0.004676942872795979, 0.007372215603823877, 0.0030217889641121465, 0.0026918546426871032, 0.0050267022072900645, 0.00029068121075821453, 0.00885334323471371, 0.0025810496167679026, 0.008192801133558249, 0.009040481836477448, 0.005499182609145482, 0.012681708695368173]}