{"method": "game_theoretic", "P": 100, "value": 1.5244370773538143, "x": [0.027831870290530733, 0.02455846465833276, 0.01893773280230269, 0.01763326962580899, 0.021874414176038567, 0.012305600314503702, 0.013555676226691222, 0.00868085139544996, 0.012363409946488707, 0.014328244519330728, 0.01510339805455107, 0.009240302110691568, 0.007123347368380687, 0.008581306961048094, 0.0051406648950066275, 0.00943317524309725, 0.005807164165008212, 1.0410054011586453e-06, 4.43196780036552e-06, 0.0013365630446626033, 0.007375045997540923, 0.0076763399950206725, 0.0105860357303645, 0.013448520515207873, 0.010836274044247267, 6.027873701303416e-07, 0.0, 1.7521707268984134e-07, 1.8429381891272924e-07, 1.9648078491765157e-07, 0.003684724331503712, 1.4808510941230577e-06, 0.004967527838759025, 0.013448223562856534, 1.4912208312357463e-07, 0.0004367208542620483, 0.009081061573783576, 0.005381748853281398, 0.003802536116972396, 0.00016457226763403872, 0.002898371378185202, 0.0008514213154072774, 2.976740942325911e-07, 0.0007213884762402625, 0.0019626875104934243, 8.878085349658157e-07, 0.0004916424581761487, 0.006791421551041492, 0.010439178603375442, 0.01230948942506874, 0.006478488484504267, 0.008606411343686246, 0.009095434342521535, 0.020126640042677738, 0.01733650871245208, 0.02395571760033395, 0.021589249656716217, 0.033111281830954624, 0.024162740296553596, 0.012412851673882341, 0.016253234399817656, 0.012929063985654304, 0.015546742335236964, 0.01202061361695439, 0.013944094507722883, 0.013139377943334184, 0.00784133365448833, 0.0024330290902434626, 0.022174757569243815, 0.01039920255343304, 0.013354349114969025, 0.014078749382148766, 0.008728889412543744, 0.01582849607936704, 0.015551487272741131, 0.014184993592709196, 0.007528621530110288, 0.0017223551908842666, 0.008637472949903307, 0.001143247401105396, 0.01830078532453907, 0.012237935482477895, 0.0209425695926818, 0.011520396790589934, 0.004175584213873556, 0.014520809779386756, 0.006464430588727141, 0.01902895004299522, 0.006101641917840141, 0.00803340971546322, 0.0037030424609037237, 0.005518659938194291, 0.017953442902903904, 0.0033876147584826024, 0.014664827633701787, 0.003569531777669248, 0.010591612663913676, 0.012252648253112404, 0.010446429502142045, 0.03107040568810696]}