{"method": "simulated_annealing", "P": 100, "value": 1.5230906752001754, "x": [0.026535623307908165, 0.019251226972231836, 0.013238416165823708, 0.01263599492991089, 0.007722842422064081, 0.0036597606394016295, 0.007608826310247708, 0.00784725057385237, 0.008789822599924233, 0.0095020448503345, 0.009172351731592303, 0.0020120458127820175, 0.007962196552391117, 0.015063750624867428, 0.011648619941506387, 0.017214084068668443, 0.009683910758678697, 0.010071598184975524, 0.012491119754893872, 0.01229022535649511, 0.0072889316438930225, 0.00665322483743816, 0.010077339517704191, 0.008843587242527573, 0.005832100483206919, 0.01580288609638379, 0.010345783249963398, 0.018855502193516928, 0.018398000619628003, 0.011786297826852206, 0.009076850798323696, 0.016445328885658125, 0.01537441026016401, 0.015185038962879658, 0.011779630595522133, 0.015006882299219489, 0.003656228956873038, 0.011244246224871772, 0.00947756023057047, 0.01716149385454022, 0.02777617439134292, 0.03418512664745437, 0.021024708336745867, 0.018641065628342897, 0.017518415394119777, 0.01833946257059096, 0.013869166915651274, 0.009275497260692645, 0.011972342260277895, 0.01138774535350874, 0.006435899831154518, 0.0, 0.016183647584208143, 0.0006471317861984553, 9.826934069018139e-07, 3.827812459535393e-06, 0.00024015615353915513, 0.0021057832201940817, 1.0928267538638405e-06, 0.0012198931479207354, 0.0014523570831591703, 0.004597234900477706, 0.007333553176884729, 0.011491389801808943, 0.00600630479590013, 0.0025347875155228698, 3.869537384916283e-06, 8.108640866723207e-06, 0.004850208849072043, 0.00634442871189828, 0.003152183138962317, 0.002076411612976698, 3.786838432189619e-06, 0.007690564466060531, 0.004180241159123489, 0.004702496882953658, 0.006345914151603323, 0.006014581140475572, 0.012242948215478678, 0.005065801442489123, 0.00035414171643831057, 2.7015933635771706e-06, 0.0003804211752177301, 0.012337405015638589, 3.2324510059462e-06, 0.0036268987707683614, 5.1033033932481085e-06, 0.007849961030615157, 0.025148668923644795, 0.008329444145775135, 0.01307398855996806, 0.009889858584389686, 0.01740892606404446, 0.0146665624466675, 0.023957768730588344, 0.016336233016111614, 0.012425018575671206, 0.01702685567274632, 0.01636791926813424, 0.031190562741437194]}