{"method": "fourier_param", "P": 100, "value": 1.5263465773899314, "x": [0.04745189050506647, 0.01854141501577114, 0.001507820496354476, 0.00022569682746981308, 0.014473608423907327, 0.0461221934011229, 0.0012608775377894019, 8.372325280383382e-07, 2.697258777917208e-06, 0.00929345148429453, 0.017064865011530754, 0.001741356514696244, 0.004017596956818088, 3.427474263962941e-07, 0.0038178283142196816, 2.794036062679193e-06, 0.0023524679170719193, 0.0036505416298603047, 4.9903386869358e-07, 0.0, 0.012881242518060063, 0.008367244640547833, 0.0028856103262494288, 0.0002556504831554743, 0.0015501959059587194, 2.2068953872230578e-07, 8.825077933177621e-07, 0.0010885864280465822, 0.00028195238421507086, 0.004011256970677136, 0.001120931657153452, 0.006949284846311037, 0.008263523899206753, 0.008686940336801416, 0.01698663964545249, 0.013500078915321213, 0.004468493853676241, 0.008949346899202331, 0.009563242120977566, 0.02073472109248941, 0.019864039899134673, 0.01100254284181982, 0.003406602758156951, 0.013027997842680638, 0.012768353414597883, 0.00485845271936437, 0.003798919148906516, 0.0014771163017432507, 0.004468591970664321, 0.0026835004338806815, 0.009198424750539433, 0.01180372192876658, 0.006491689827117818, 0.0054493616522384904, 0.010618459231160676, 0.010742246180868668, 0.0, 0.003117120482290115, 6.122691077772554e-07, 0.0038490876792963537, 0.004676697681791157, 0.011696032451312248, 0.002895936975415344, 0.008919412745115728, 0.0005508271312388073, 0.001966466397207353, 0.013711877328147213, 0.015195967958793988, 0.01707835038679911, 0.011315675097316277, 0.014992668413622408, 0.02556538261392226, 0.024125945859712068, 0.02274850113516543, 0.028198139822806847, 0.016388605656434727, 0.012107921582998976, 0.012101718430495772, 0.010115554054430764, 0.010871548019123382, 0.020492156819679284, 0.018051476092905607, 0.017772665187987247, 0.014386594325427588, 0.014035437144186693, 0.012148161276638422, 0.01532691664456372, 0.013938524276728164, 0.015037008736786497, 0.014739295875628246, 0.012852882705013658, 0.009624098576492154, 0.01086255279859688, 0.010540954818869294, 0.004919266797368535, 0.014664727359906293, 0.019882942206602, 0.017581353801231495, 0.01691164781848357, 0.020306439197248446]}