{"method": "multi_warm_polish_t1", "P": 200, "value": 1.5126838327788465, "x": [0.016029309035159502, 0.0001991964540167359, 0.011532243759370741, 0.00456847934401908, 0.0074550805532074115, 0.005939191827036841, 0.0050965216691891855, 0.006062219989611929, 0.006818630796948267, 0.0035180804137830194, 0.007764430971416022, 0.002732241648360565, 0.0078064851693698395, 0.0022530823129471578, 0.008753158191691639, 0.0027889439875468766, 0.005877238759553493, 0.004192768341561825, 0.0014863651617561939, 0.00140990233038516, 0.005179090748365561, 6.86806511402379e-07, 3.7772128931849777e-07, 0.00534381890752952, 0.0050950394085133455, 0.00781874859524078, 0.004674309434814291, 0.005525470339832649, 0.007589308596755441, 0.004812824695094535, 0.0064780570804780285, 0.006976119393693447, 0.0050251866977194595, 0.007079000038519272, 0.005097742586468711, 0.007324164402414198, 0.0031105248860958555, 0.008393327062876026, 0.004142394479144018, 0.007209948479296763, 0.007598326192025847, 0.0030471617130982875, 0.00019543772032156698, 0.003457336851000062, 0.003137787022970413, 0.005133092067105771, 0.002420910433347254, 0.004853550384832225, 0.005668890050680314, 0.0051565728845432155, 0.004341471443204226, 0.007367031472441794, 0.005116363320455208, 0.006502689929834276, 0.006874264020660221, 0.0066420286280024195, 0.006643570561411901, 0.007621855525095623, 0.00746353557853669, 0.006288363468431756, 0.008834125974581025, 0.007237290833741972, 0.008256621955920033, 0.009879475113390287, 0.00893752137434032, 0.005622061698405108, 0.0011266433603200525, 0.000889915977710249, 0.0053972461843664705, 0.004109808990669543, 0.005434679483014715, 0.00556745071260638, 0.006149989967772961, 0.005084612656996466, 0.007490877890176698, 0.0061022193282989304, 0.006536871191751734, 0.007145156136734219, 0.007778276133770247, 0.007202022414578587, 0.008309613045783159, 0.00782494507438624, 0.008422390619733464, 0.009897775607547277, 0.011537918789937453, 0.011345875159500725, 0.011506554621557199, 0.012419183444007175, 0.015136239732067456, 0.012919211984739536, 0.009344266571526708, 0.01008929987260502, 0.009493437804616603, 0.007635729380397471, 0.006129433844547725, 0.006233448739556449, 0.006219803964342042, 0.006059711379753887, 0.005610250712598592, 0.005557443531883232, 0.0051879750755907585, 0.005262595596600547, 0.004965043395714182, 0.004706853398992106, 0.001887913205092841, 2.498556595227412e-07, 4.460713316780676e-07, 0.004934671013436885, 0.007077423727620649, 0.0022249367883550603, 7.409471998332381e-07, 5.685814107829006e-07, 1.1338005272423537e-06, 2.6042326568162063e-07, 0.0014284408347329043, 3.7286651791025395e-07, 1.9772828106836926e-06, 0.0009495273353033443, 0.002901020277490654, 4.814566129553528e-07, 4.179288390848684e-07, 5.30121454623302e-07, 4.514514656158724e-07, 5.414684526117126e-07, 0.0, 0.0, 7.952642314974536e-07, 1.2102197229903596e-06, 4.7423932719905707e-07, 4.2050727391669575e-07, 7.011186179851187e-08, 2.7750962623376126e-07, 0.013814732091128937, 0.01485929535888958, 0.0052338437379416455, 0.0011432085025718445, 0.0007743045697780905, 0.0013095878792541435, 0.0017862615106247718, 0.0018467291342090584, 0.0, 0.0010934595545932482, 8.095672541998901e-05, 3.969097538914594e-05, 0.0, 0.0, 2.748915577023325e-07, 1.9571551213603546e-07, 0.0, 0.0, 1.9612831716695078e-07, 2.1887823108778485e-07, 4.639552722420456e-07, 4.3951802640116343e-07, 3.8183754316763737e-07, 8.334751724099366e-07, 0.02139083092789917, 0.01792867074600444, 0.0034613633371114406, 0.0017804589079856454, 0.00244659089488076, 0.0004105107559942441, 0.0018893471958003802, 0.0016834239163290145, 5.770938170844421e-07, 0.0019380862194846211, 3.337680406899124e-07, 3.328197830038131e-07, 4.27104040560877e-07, 1.0798152317404344e-07, 2.7154356876925746e-07, 3.465886824733592e-07, 4.2136464822998563e-07, 0.0, 0.0, 1.205755439445603e-07, 1.638828603291036e-08, 0.024640476934922155, 3.1306774801796824e-07, 0.01152887076539888, 0.018353325934200262, 0.003051117080657638, 0.0011575202167379013, 0.00977549519890328, 0.0054285779001692095, 0.0013400805829576344, 0.008452164100705362, 7.236314799052098e-07, 0.006973991645945553, 0.005991697277653152, 0.008499082218333284, 0.0012580148481004807, 0.011261024343885812, 0.007597129604652452, 0.004151831527321816, 0.01037487459055651, 0.00413916725268231, 0.008540921678807049, 0.03859814245449978, 0.04126497221248629]}