{"method": "perturbation_sweep_t2", "P": 200, "value": 1.5110964391559214, "x": [0.024714379136626767, 0.022036321168057232, 0.025595553341459062, 0.024836208523003892, 0.02393567558661438, 0.016405716640200813, 0.020896248839319533, 1.6320449366528652e-06, 1.642831563774003e-06, 1.2799017714092535e-06, 0.007722069173414277, 0.0083406825792798, 1.1890227259286722e-06, 9.22376272316194e-07, 1.0039858030240404e-06, 8.311911255321772e-07, 6.802997319153978e-07, 7.419500375439634e-07, 8.049304575232927e-07, 8.627738115322825e-07, 7.710031228773186e-07, 9.291570862878399e-07, 1.047628015964349e-06, 1.4691370290001904e-06, 0.0007540491326025154, 9.724133313856894e-07, 0.00024040572294578718, 0.00012291809990838112, 1.1715492667758154e-06, 8.803427260380898e-07, 1.1277322894385479e-06, 1.2790924410590903e-06, 8.744406926877287e-07, 1.0778140674293006e-06, 1.7808244125838539e-06, 0.0005114705570723659, 0.0016508562482534666, 0.0003269958609687028, 0.0014735817944567648, 0.0026446085229786063, 0.0006274199187173194, 3.0418658522998304e-06, 1.427783323999841e-06, 9.065756207505384e-07, 6.573347651639383e-07, 9.577468101979858e-07, 1.315464610014238e-06, 9.997697987554334e-07, 0.0007982039986778447, 0.005675987379543868, 0.0016206598803884683, 0.003052563976093817, 0.011585550275652588, 0.008091788029692782, 0.004847092551865201, 0.007699219216533026, 0.0034251495668051273, 1.2299411089366455e-06, 0.00035017515947091573, 0.00015589575334580671, 0.0004274062190930714, 0.001713876620134749, 0.005082422744440911, 0.005355575464249023, 0.0065966926049340095, 0.008377748226980392, 0.005791725385308004, 0.005375122780021543, 0.00568756134649477, 0.0023754206034458814, 0.0013532352718233693, 0.0007411251337959143, 0.0013310887574713149, 6.839228483119589e-05, 0.0020189526869684453, 0.003339571230221008, 0.0019376907462137338, 0.005967841428265077, 0.007761213752416576, 0.002386346471524903, 0.0054030592549808515, 0.009767288741045349, 0.011521633587454975, 0.009814993727304273, 0.005698267916229735, 0.014456979296227496, 0.010878414638490453, 0.008484827181785764, 0.014588677801169063, 0.012617741373089068, 0.00432479858136825, 0.009344414990614437, 0.0027996165932557427, 1.4863493822943472e-06, 1.447545851885065e-06, 8.393851825596222e-05, 1.8063587298415176e-06, 2.084585007395161e-06, 0.003608547046724669, 0.0054959878446413455, 1.2158238540082897e-06, 2.2437034342124496e-06, 0.0011022128838062755, 9.173742382456789e-07, 1.1742199257444605e-06, 1.4870306223929204e-06, 9.608913106549602e-07, 7.928168342083983e-07, 8.884640612043205e-07, 1.949938489386094e-06, 7.9791539307781e-07, 1.0424004796076014e-06, 1.4220658764755232e-06, 2.502897781727758e-06, 0.0001748369176903429, 0.0008126322569994911, 0.002488783444756689, 1.1533358174146395e-05, 0.0015705599381338436, 0.003400749320767485, 0.0020235968284033736, 1.4461704379484635e-06, 0.0029088817308976643, 0.0056333237786952844, 0.007488764794814025, 0.006776218554767005, 0.013181948429139528, 0.009448422780021094, 0.0026022841701413882, 0.010256840578759413, 0.012360448039146607, 0.01190107774557563, 0.0054995984820566226, 0.005973550145403404, 0.007511182640313559, 0.004770349544380193, 0.007389838533317816, 0.005609312863618855, 0.002337308864194631, 0.0082308381891784, 0.00983361179200285, 0.007668221171672954, 0.010066598924226048, 0.006691803706982621, 0.007931736148069383, 0.00762685075711518, 0.007697300363288487, 0.009162348104602466, 0.0088844361354338, 0.008679759847000255, 5.756315570974569e-05, 0.006003227898959305, 0.010569442517616823, 0.007504464805216343, 0.01054993514879034, 0.009380771489843225, 0.011695990493189975, 0.004421056111053113, 0.0060430571055365865, 0.011196523234597234, 0.010093711232407014, 0.011573282061816773, 0.0011616051674279253, 0.004658216219184245, 0.007444433719454505, 0.00393458344191508, 0.00750356146482505, 0.009349332802056552, 0.012292352222179007, 1.3887123718828248e-06, 0.0008432851022478089, 0.008174875016262392, 0.01034889737223547, 0.00994949240648572, 0.00320628919067855, 0.011164232867434693, 0.0015287590676616313, 0.0011731473028752497, 0.005630141359375798, 0.010260946545105407, 0.017737622673311203, 0.0012791684339680818, 0.004489782311332166, 0.004476831140195146, 0.006005300384190638, 0.008699743147931373, 0.006561576531283206, 0.018315334034002623, 0.0005693812882330691, 1.159920897013014e-06, 0.0010614411697532978, 0.0055097487430029735, 0.015605834473698853, 0.0017782313085949193, 0.009936691485506202, 0.0012108620448095186, 0.0008415072981117911, 0.0004493673056071344, 0.005082892229420041, 0.024188378116551185]}