{"method": "genetic_algorithm", "P": 50, "value": 1.5299241659203662, "x": [0.0584984300037287, 0.022676673202960865, 0.03972313194540322, 0.018999510957342765, 0.0, 0.014817544706762463, 0.012743377740662146, 0.020912686331531257, 0.02547405460423242, 0.03183089416756645, 4.617274343095054e-06, 0.014162847052386969, 0.010663106903802552, 0.018207884268084763, 8.139391189733207e-07, 3.2269095255674232e-06, 4.530448767771712e-06, 0.005172184295785772, 1.9214074067907204e-06, 0.0031816314336902706, 0.00403214170101159, 0.010469811257307338, 0.023770175080227697, 0.02523200939531231, 0.011264252685239406, 0.028781164055283463, 4.513783415064595e-06, 0.009892231391240404, 0.029441917888830518, 0.029666030913624346, 0.057084304625102805, 0.04313917748930542, 0.029947357723159974, 0.03411945395462702, 0.03613060258203548, 0.033373111000232436, 0.012878111917500617, 0.015923157727368464, 0.021042394013454112, 0.019206649019770455, 0.010775465103352285, 0.02069692322985909, 0.0195234754768137, 0.01854410109752042, 0.024972172478582307, 0.03261874996341455, 0.019211679057301034, 0.015588486819181993, 0.030245827987201053, 0.035345482989622]}