{"method": "symmetric_exploitation", "P": 100, "value": 1.5146966369694708, "x": [0.016861175130594083, 0.013208101387987291, 0.013775153115148991, 0.0125831267726965, 0.011062287155752672, 0.012556514623717142, 0.0125975718806108, 0.009511259487709615, 0.013391193670697675, 0.011046760440013632, 0.008322392951232658, 0.013743130011580989, 0.0041420138866008396, 0.0002042136449690312, 0.003625474922328645, 0.00883602465674386, 0.009951596416338193, 0.013134608362212141, 0.008513973241757471, 0.01469449140291238, 0.014006430415438231, 0.009049715431825145, 0.016198705825838437, 0.013221016652814154, 0.010044367401780468, 0.01822954167821212, 0.014168082987237755, 0.012062365528489459, 0.004225354708816076, 0.0026926192098268857, 0.010065161194736, 0.011434974303573429, 0.008297474491837495, 0.013179588914261308, 0.013692114672808373, 0.013156883548416126, 0.014554351993130774, 0.016201387225157966, 0.01512403525688302, 0.01709288250745637, 0.023968406093434504, 0.023219651694756333, 0.02892415665357603, 0.01329697276953959, 0.022724909914751467, 0.012256980324365545, 0.013764294864423767, 0.009121294389712908, 0.010914570423943788, 0.011169224907561115, 0.0054623482580729524, 0.013192942362486264, 0.008930483226227833, 0.0003172491110966192, 0.0028266019148131816, 0.002735773604512555, 0.018185984564198003, 2.5947068457599762e-06, 2.215667888951261e-06, 1.689794569810762e-06, 0.0029364212772486943, 2.9843742892879205e-06, 2.0285385723691428e-06, 3.1542002521015714e-06, 1.6670213985311038e-06, 1.4290137301539328e-06, 1.2392672337543927e-06, 1.188141236004563e-06, 1.5889614256786965e-06, 1.685115944577957e-06, 1.9298064066412953e-06, 0.03801674589164973, 0.01709939907652386, 2.73721442172839e-06, 0.0024601715327569195, 0.002280641288882801, 2.502303813112151e-06, 0.003101643221153763, 1.9200025192541854e-06, 2.312776486130379e-06, 1.6667707145026526e-06, 1.3464078130115584e-06, 1.4147518087142037e-06, 1.8339088039786206e-06, 3.2841797367471953e-06, 0.0082100866009072, 0.040503686120814626, 0.018792932079682186, 0.00017890896967496449, 0.01912219129274595, 0.0034082131551128013, 1.5752853319697276e-05, 0.020600253134861322, 0.0037334576116249806, 0.008837710245291787, 0.023048653749183586, 1.7952494459164844e-06, 2.202686503995316e-06, 0.034501825118883986, 0.07363293373020403]}