{"method": "heavy_tail_cascade", "P": 100, "value": 1.5149423489107523, "x": [0.06812190719485035, 0.019031513795870897, 0.037620479888428426, 1.6397202800480793e-06, 0.00607003601588372, 0.01100686002706254, 0.004949766325408252, 0.007194276273601096, 0.014468392313049095, 2.8632814303547213e-06, 0.01248996868087282, 0.01396952765331943, 0.02161640393952895, 0.038976758409575686, 2.7187573621373115e-06, 3.009365455149737e-06, 0.0, 1.4708458072286936e-07, 0.0, 2.681598682254802e-06, 4.0393590521697335e-06, 1.8504378527965159e-06, 4.701663037928256e-06, 0.005102210634134895, 5.712273952399756e-06, 1.7109675561072975e-06, 0.009725058293272566, 0.009875967216199882, 0.03316970282544952, 0.005159698951102038, 2.8503657486825016e-06, 8.160433705350996e-07, 8.160944713342388e-07, 8.160944713342388e-07, 1.1623431417634503e-06, 1.2530276973985914e-06, 1.2625307312420934e-06, 0.00020845194436732708, 2.7059891688856904e-06, 0.0002175162543229501, 8.160944713342388e-07, 8.160944713342388e-07, 1.2528898738591742e-06, 0.011958404824390374, 0.0035989970325540003, 0.022114404938528252, 3.6258230553356063e-06, 2.4618270922847703e-06, 0.00687363993046973, 0.007933307605109309, 0.009217580191401202, 0.01296361190666144, 0.009829534647649796, 0.014375305623829666, 0.01128903700489304, 0.02255645153962955, 0.015764721816864172, 0.020666924187304366, 0.019632273038034956, 0.027157727854397008, 0.022171864639014726, 0.013403530860393217, 0.016648948385003165, 0.015918000935595842, 0.01304220754422722, 0.013175726837435387, 0.012142340581041739, 0.010713292330372335, 0.007402758658560974, 0.012264374527079786, 0.008762932525062802, 0.000857075965431729, 0.008235375845332692, 0.010650206968771258, 0.018815575950580303, 0.016472289760740957, 0.011155641079547805, 0.012987503265562955, 0.014844325478940495, 0.012145593737374658, 0.012447335536001677, 0.012829802444297501, 0.009421435598732977, 0.009090670911349767, 0.014950540252355671, 0.0038094712757943796, 2.4629718231945805e-05, 0.004155324790176249, 0.006375445350031684, 0.013570001481298046, 0.008925237085475744, 0.00956757806616266, 0.013918596973050208, 0.012561613989243102, 0.0105004845128338, 0.013743089710814541, 0.01300591600018575, 0.009739951837025347, 0.01611633858966596, 0.01847882149617864]}