{"method": "elite_breeding", "P": 100, "value": 1.5140052762199787, "x": [0.05126858577785032, 0.02233953369245659, 0.047998191779083585, 0.030090656281098884, 0.00016643061067463883, 0.005267851010596349, 2.000081519729779e-06, 2.4137167445427457e-06, 0.004479097110695614, 0.006310416725628106, 0.008825685299149028, 0.0016335176458264003, 3.374909144584324e-06, 2.90815462976239e-06, 1.2475400492064675e-06, 2.379280407224651e-06, 2.0169399460720863e-06, 1.6558273905645641e-06, 9.88812886268924e-07, 3.0636590442076295e-06, 2.2564763454240382e-06, 1.2829513161545497e-06, 1.0766683109565478e-06, 0.0038365011103481603, 0.001140046823442751, 1.6560555846821196e-06, 2.119223189966016e-06, 0.0037860410547449984, 0.01853888795885538, 0.01605452952077649, 0.00945259887751032, 0.013892288352554431, 0.0006778903923451648, 0.0015785066232157727, 0.025863880594299213, 0.014675349646474328, 0.030898003084029218, 0.027027082595147425, 0.018144292183939415, 0.01109843955517676, 0.002451562201013475, 0.004271463874736771, 0.00018273309886295504, 1.4490576410270409e-06, 1.4826951038942941e-06, 2.2367336216839588e-06, 1.9413575549682105e-06, 1.515451217184631e-06, 0.0004029278966840247, 0.0008873560020388253, 0.006129987056065497, 0.008619531968441917, 0.009962023805895585, 0.00740785820596858, 0.008132741820179467, 0.010611563121113027, 0.011606482204012232, 0.010450964398540943, 0.0037214721658569423, 0.004728389268206674, 1.285389155361036e-06, 1.6044625863314938e-06, 0.004142879434596092, 0.00033496006563815315, 0.006762426466286649, 0.005618411083005982, 0.018406930333435576, 0.004462233780892201, 0.02700157042105652, 0.02621637200203036, 0.009725522232629822, 0.0020204666393885892, 0.014295796924757362, 0.0025516249216521367, 0.0285487829053258, 0.025671508356252076, 0.015054985745908023, 0.008503025674959929, 0.02311888928260405, 0.0278961148886316, 0.018020132005658673, 0.011632277101163133, 0.018068891115615045, 0.023066814803016148, 0.011841171895855734, 0.007227602551230698, 0.016080604007912506, 0.0196680384430268, 0.009080192982456098, 0.00595963728561105, 0.016001718232325903, 0.018206521060712588, 0.008406587070105493, 0.005525530492640173, 0.020061319821238564, 0.02222239922687039, 0.005743362232597757, 2.9804304938397156e-05, 0.02121836730082123, 0.026953210070226722]}