{"method": "pso", "P": 200, "value": 1.5244657582265702, "x": [0.02047497565965839, 0.024001163617414292, 0.0322289833003767, 0.01546943880247589, 0.013721792363462501, 0.008976412265693335, 0.011812395271296648, 0.009240667957319851, 0.0024567299109242756, 7.219215670614818e-05, 0.0, 0.0, 0.0024098062598050854, 6.845416364554461e-07, 0.003712035771387313, 3.9375934391372964e-07, 5.575285415060797e-07, 1.1191771925416895e-06, 1.1789167866750067e-07, 0.0, 3.018944770284631e-06, 0.0025524501559954223, 0.005961793717210193, 0.0022183217634491165, 0.0018047076258814803, 0.00030105509870578486, 3.1170236635029596e-06, 0.0046557706892523185, 0.0018395686418475614, 0.006679314648585105, 0.0038622166316746374, 0.005186508255412608, 0.0008700911262309739, 0.0012018578629857356, 1.659586249898105e-06, 3.02348734317444e-06, 0.0019177372451641252, 0.0047710527052151515, 0.0008267383890082687, 0.002018938948111294, 5.68509221198803e-07, 0.0021173726671281016, 2.7281800528323514e-06, 1.2292862946940354e-06, 3.96073396924605e-06, 2.98567816313429e-06, 0.00040404771346464716, 3.481274676986308e-05, 0.0017421418120612206, 4.267173218149517e-06, 3.815511398789787e-06, 1.4297500970445814e-06, 0.00021202661403418621, 0.003054520125610564, 0.0010519510725410352, 0.0013104762972770188, 0.0005206879571126603, 0.003422064406987714, 0.0016736522388570633, 0.0002234361418932802, 0.004650543913140016, 0.009844519284023632, 0.008848433167227505, 0.0013195230083520363, 0.0026698092828234266, 3.639543230194566e-07, 0.006766999213360932, 0.004652035507680121, 0.003514534184675774, 0.0002455591391191664, 0.003255378574340636, 0.008588590422556039, 0.01154757267889805, 0.01618731689822536, 0.011947245608694658, 0.01222687803017422, 0.008149166473076196, 0.008336539340618543, 0.00746564401972299, 0.005914061569111715, 0.001237075000782313, 0.004325874965870157, 0.0032722898413422054, 0.0034094489921338528, 0.0022642750127228237, 0.0005911102280224201, 0.00099242717188055, 0.0003377274267455873, 0.0026993463930698844, 0.0032548662378834815, 0.0003861622328755026, 0.006138617158303226, 0.0017636057674580625, 0.004433099454452083, 0.001259397224072874, 3.1253362534194724e-06, 0.0021927771077641725, 0.0038901185398464975, 0.003956531407836728, 0.003072887766611583, 0.0029224282666654696, 0.005754399433696733, 0.002271096893768709, 0.008749015968818127, 0.0058561521596287415, 0.00490186394030607, 0.0027320046184222185, 0.002134925715508178, 0.004050710980044289, 0.002224359954683363, 0.0009615553158936973, 0.002042097623133503, 0.0047381986948566565, 0.0033721007237270968, 0.0034979395939103352, 0.00022185348369846653, 5.7428813596996394e-05, 0.0021332796863111694, 0.0020998617723117217, 0.0011955484135906726, 0.0018918053679338237, 0.0019989472833073446, 0.001019919097282748, 0.0017529522830178614, 3.1076405959261565e-06, 0.0006594685019219714, 0.0007672795064263572, 0.0027158733202029125, 0.0020637679233827077, 0.0032230035282341005, 0.007479071716788859, 0.009766486661264619, 0.00981930440858518, 0.015194328389734587, 0.009118709971016709, 0.007414886387327352, 0.014164873159746317, 0.007826776209053438, 0.006716941124607767, 0.0035874818095272495, 0.006922361774887002, 0.013759426710089973, 0.009792114767454346, 0.009584707220809322, 0.008938642230529726, 0.0068434259687165586, 0.007237761547724639, 0.010955437791103174, 0.00527374088889045, 0.007151880736883752, 0.012007040890387417, 0.00968568914433165, 0.0070242242635784324, 0.0053346877265495266, 0.013622427219307315, 0.008636287575517609, 0.006414065001019069, 0.01097465041990146, 0.008357318889615132, 0.007517575210861535, 0.00799091588644539, 0.007718536985450529, 0.006761443284199275, 0.0049050900771763235, 0.005150006559307736, 0.009270329208267666, 0.01001320867344188, 0.0060794134320851755, 0.0077602082803537005, 0.006113642977431205, 0.005388329539485668, 0.00710951843114587, 0.0017962947077199056, 0.010093724322803707, 0.006456331623260689, 0.003466171550067076, 0.009442287762311711, 0.007465466145857329, 0.0011373114412887308, 0.00801150818295122, 0.008304829816598865, 0.0056405655420124325, 0.008540837788428757, 0.00795625416669971, 0.004794067896513207, 0.008846415921767388, 0.00701594426858632, 0.0024790014993837325, 0.010526095928512788, 0.00791603458026951, 0.0026623750290409374, 0.006708367610686206, 0.009294738014407705, 0.0012219284650022931, 0.0016401605808844036, 0.009479668626819347, 0.007643338311406418, 1.0215593324141447e-05, 0.0058590718863014805, 0.013537016147721927]}