{"method": "rescaled_gradient", "P": 100, "value": 1.5159972408927889, "x": [0.0642859951783187, 0.03192464316167791, 0.00707376077027295, 0.005609449531014287, 0.0030080796632821205, 0.0019751893783810487, 0.03281969965426698, 0.009365969865183262, 0.0012097277399321226, 0.0005820666325986207, 1.5745627696730889e-06, 0.00278788687009219, 0.012232613866207147, 0.007112254627161985, 0.005044235846054833, 0.00899784234577294, 0.01793944190990747, 0.009911692183546405, 0.0035118650824312704, 0.02828457579791994, 0.03796018432559167, 4.44766255111697e-07, 1.8560583776872165e-07, 7.147952122969396e-07, 0.0, 0.0, 3.8436560757844763e-07, 6.423412564516705e-07, 1.2543931621093602e-06, 1.2583034056721196e-06, 9.354855969512405e-07, 0.0, 6.75211378673018e-07, 0.003537517321035959, 4.568341759487078e-07, 1.5349978131980076e-06, 8.656026692976974e-07, 0.0008014678166797655, 0.0006832690889715327, 0.001892184518145216, 0.009726254193871998, 0.0014586516291442378, 0.016593427113815035, 0.030419267629937588, 5.516619190166279e-07, 0.0, 0.0, 0.0016346466732430343, 0.007939247100902986, 0.013493424017386561, 0.0042964018440956675, 0.010466948190964585, 0.00879017198577139, 0.017051018319256924, 0.0010351599130538742, 0.01459012278126902, 8.999804684131146e-07, 0.010829995916845659, 0.015287530920225419, 0.02202255665502318, 0.02739067457968071, 0.019485820369575753, 0.014181049586873691, 0.01660967594835774, 0.027698290901506266, 0.015932730816051937, 0.018284318575902878, 0.015750186113050485, 0.015629973446964297, 0.014535329789377644, 0.012585676491714222, 0.012639117509949192, 0.010153779315082677, 0.012879898511353781, 0.01467273793063549, 0.008273116136185664, 0.012263183167743358, 0.006737914981048103, 0.00727178731802639, 0.0, 0.0007884691666227496, 0.012838864313567008, 0.007163977376145282, 0.0052895901147530285, 0.007871632733047538, 0.0117076520202607, 0.010555378450121491, 0.015184645452879847, 0.012932642043680297, 0.01652869459605645, 0.01321786815877512, 0.010603393071931084, 0.01206287997916272, 0.008522396912521987, 0.013673393418800315, 0.011449327117076132, 0.013642731227801502, 0.015102955271129617, 0.012574134496555226, 0.0211152956232498]}