{"method": "genetic_algorithm", "P": 100, "value": 1.5469474818631828, "x": [0.021924946397406452, 0.029547603079836456, 0.020744160827189412, 0.013003638416112158, 0.013431799552867352, 0.012076100901369208, 0.017259039713200454, 0.0212847480713284, 0.019617343720633455, 0.019047176587029587, 0.012125445538560648, 0.008626657154861342, 0.011880512107468929, 0.013586886893645522, 0.008836221840801226, 0.004557765963033238, 0.01164882854492951, 0.017342049373819796, 0.021905775799842053, 0.01955149699886747, 0.014187613739331676, 0.015644444994570645, 0.027304802029559545, 0.025214269807371736, 0.019211641966466065, 0.01738471943904899, 0.0068699807157413815, 4.694442674961884e-06, 4.653179815681734e-06, 0.00703042701296834, 0.014093353379887048, 0.02051933161412836, 0.013252468198100014, 0.02391670254416928, 0.012354310123308319, 0.012652466671483077, 0.011207975881287973, 0.004942947339616006, 0.004274758953710859, 1.0675730193759005e-06, 2.5770915378463765e-06, 0.0, 2.6955876101157617e-06, 3.5047088348967404e-06, 1.0467531068249434e-06, 2.4652253440556354e-06, 2.8548313398894316e-06, 5.071186818662529e-06, 0.001195741498868111, 0.002200773064964468, 0.006467983122715153, 0.015631322781325802, 0.01706578924694099, 0.018504628379822197, 0.007564937326398023, 0.010798194525977734, 0.01243919759569592, 0.014531457348379247, 0.016919405430631224, 0.014104743994924295, 0.015460289313610846, 0.016505835642073807, 0.011727056579434899, 0.010816920511596946, 0.0007591921289989874, 0.011110780919137687, 2.786805122857993e-06, 1.6180697017671242e-06, 0.0003453100498632931, 0.011260215294261001, 0.0034380550440100835, 0.011549378164448478, 0.008693699567568818, 0.0016498948901750566, 1.639309528453243e-06, 4.5227459493945764e-07, 0.004616024114683965, 0.00261687074210184, 0.002347123895553139, 0.00916523281843674, 0.0017627199855100586, 1.8400532239047885e-06, 8.075563165639122e-07, 1.0017196322558346e-06, 0.004497921682058572, 0.007997613921406391, 0.006384793442898549, 0.001239778813928878, 0.0066397746679282485, 0.020632132233068867, 0.00119888657591227, 0.00795966678320643, 0.007882663142929692, 0.0018280656852298805, 0.00968256870493749, 0.01431716254719207, 0.011690125188682642, 0.028978578573356062, 0.004580464533266612, 0.03513984126411336]}