{"method": "spectral_init_t0", "P": 200, "value": 1.5121193594944495, "x": [0.05275507521520295, 0.025259832468648845, 6.933856901539181e-07, 0.01839828929948454, 0.00691440091528895, 0.0121504175755164, 0.025751122959035665, 0.01711537623089064, 0.00035931879923560876, 0.011647852751468521, 1.6735262230085865e-06, 6.730023161165734e-07, 7.292918729723351e-07, 6.132885675892472e-07, 5.814069041834882e-07, 4.650095094557633e-07, 2.669207434479876e-07, 2.6108963857280754e-07, 2.9084452405646573e-07, 4.264042965368175e-07, 4.818931233010238e-07, 5.792454518452518e-07, 6.674853172949097e-07, 6.893151464334149e-07, 6.848700521830982e-07, 7.23439281055104e-07, 0.002054108117645199, 0.0025656129107906656, 0.0006270045897400872, 0.001770009499721249, 4.116048347292496e-07, 1.3697147566457664e-07, 2.7783076600617415e-07, 3.4421205318447236e-07, 4.5055570005789406e-07, 6.026600791048998e-07, 5.099378170771963e-07, 0.003631840308528167, 0.0006660265167131457, 4.959241123320039e-07, 5.008079594340884e-07, 2.2522460293641278e-07, 3.816491766604862e-07, 3.5398423753417944e-07, 4.687929934895003e-07, 3.3884827423146576e-07, 0.0024368624590356555, 0.0029442920382370804, 0.0004919476245200026, 0.005017838049915666, 0.0030128735320502776, 1.3653370251790956e-06, 0.00789677319119934, 0.012456382824008351, 0.008654751743770428, 3.6019859187786074e-07, 1.315014838080126e-07, 0.00036858391098630946, 3.2797597522420016e-07, 0.0001217807657669827, 0.0008237881526647657, 0.010417810351453727, 0.019022250383413385, 1.5531891454265231e-07, 0.0029398870046102596, 1.261950742700886e-07, 0.001738156029601948, 0.007698586191839076, 0.01013146665358485, 0.0004391584811138006, 1.510003733520289e-07, 0.0038522268736463704, 7.956958092654163e-08, 0.002148712132474091, 0.0, 0.005145962799140305, 0.0, 0.001705823907904025, 0.007561506951610826, 0.010358674503554653, 0.007731761082267845, 0.009854514294369553, 0.012463979451586208, 0.010300623489688283, 0.01134810168437814, 0.009326299496068509, 0.007064446833689524, 0.006696257425006049, 0.011086675813812832, 0.011715017554704693, 0.00872890500179841, 0.008280072579652995, 0.00016588511742879645, 0.0, 0.0, 0.0, 0.0, 0.0, 0.0, 0.00487820686025641, 0.0009329280955011722, 0.004091428508845578, 0.0, 0.0, 0.0, 0.0, 0.0, 0.0, 0.0, 0.0, 0.0, 0.0, 0.0, 0.0, 0.00031696285363915356, 0.0015400420778293189, 0.001492437155546351, 0.0, 0.001372226757879309, 0.0020962715160121837, 0.0009999012824114808, 0.003844503130620597, 0.006616237030401055, 0.005741605790664735, 0.007412215984279232, 0.009146075555838615, 0.008059074791011502, 0.004350019647672447, 0.015065801646722048, 0.009016138196103276, 0.012315915966364338, 0.006694304154178311, 0.009390727825675498, 0.006771372599092216, 0.0064140725343562995, 0.0034911674188635054, 0.002299555665047748, 0.003280306164735502, 0.0, 0.014647666560017467, 0.008650101297154723, 0.012575610572115226, 0.007750797979128843, 0.010184873262147238, 0.008762127047654205, 0.007263744684988567, 0.004190832752114772, 0.009009964812343719, 0.00457677648635659, 0.008689541411848592, 0.002368661216774757, 0.009396166504755674, 0.005885565984964849, 0.010783469019123342, 0.01041648698622798, 0.011971961237418012, 0.008829768382461458, 0.009378887792543096, 0.006688995540216683, 0.008793187310548988, 0.004573065241225144, 0.006400564147330729, 0.004984089881131736, 0.007198250736249468, 0.007910349630223943, 0.007874915861638507, 0.00663653141582435, 0.006831574843632452, 0.004808342570765858, 0.006272788940129755, 0.00479794281848088, 0.007302879797745655, 0.0059971652296258214, 0.00887944971670114, 0.0069019625280050045, 0.009219467309368751, 0.006069576530953956, 0.007097646293151624, 0.004299043978758808, 0.007606753829140285, 0.00454681619089744, 0.007671062144815384, 0.005000740875851211, 0.008753211526146738, 0.006376068567286476, 0.009501105200448, 0.004869961267060956, 0.009241481267561621, 0.004977415135416043, 0.00725483101062845, 0.0005475913597095458, 0.006954734372487776, 0.0, 0.006751258710608174, 0.002109712759047182, 0.010080802535215577, 0.0037096517274050347, 0.01118537331346264, 0.005457568238972239, 0.01106994538821823]}