{"method": "multi_warm_polish_t0", "P": 200, "value": 1.514047143003996, "x": [0.015616709169729324, 0.007799381844400968, 2.7886938695408373e-07, 0.00615728468525802, 0.0117305725882445, 0.0050358130537752665, 0.000970037680788893, 0.0070469678682392135, 0.010301728120426403, 0.003736743958055167, 0.0029047456948998527, 0.007298287899717509, 0.007575130091330191, 0.002990670827189498, 0.0038113660093157895, 0.005122156619559162, 0.004258082054731206, 0.005301042972149052, 4.028171820837057e-05, 3.8663573588899947e-07, 0.007053414633345757, 9.243164805505702e-08, 0.0034392623875753392, 0.006673515907991187, 0.007403436902699544, 0.0010211193493784173, 0.004434885542238127, 0.010397624293784899, 0.005250676431708853, 0.0012575307150327491, 0.008418399581834482, 0.011467037235893339, 0.0021613221670811478, 0.00262969100571007, 0.01167508342273057, 0.006987215017413847, 0.0011467557860286486, 0.008501023940039355, 0.011214282651909567, 0.004722374156738643, 1.8831609340532631e-06, 0.0010316261817368282, 0.006448906371922283, 0.0022368314834503916, 0.0016948241348153145, 0.004794826906359149, 0.007771407413312879, 0.005665914035865429, 0.0023960642160747426, 0.003526168591450786, 0.007669035764303965, 0.006343229028516542, 0.003033447754787377, 0.007090101246526459, 0.008988203502946171, 0.004259385934668749, 0.005602266265999027, 0.010289349893101193, 0.006570257832908717, 0.00614013931111665, 0.008134206829381086, 0.009616415991820147, 0.010459266974563362, 0.005090337368990439, 0.008483740175065166, 0.0014077851763496406, 0.0029264860381869847, 0.005333704845395988, 0.006295349588317521, 0.0032565104952325175, 0.0046406614041728375, 0.006485395765554853, 0.005326770444711135, 0.005273016651957416, 0.007049111478045013, 0.005579763987830361, 0.007715323717804855, 0.006853848996223166, 0.006778811976790961, 0.0074707078023525724, 0.008211292690028087, 0.009227831929805148, 0.009735762448090397, 0.009352167204257474, 0.011834034068213798, 0.011860450366993387, 0.009989006649654861, 0.008317951973695992, 0.01166779279411366, 0.013631512910128027, 0.014603406992869309, 0.008514355737681533, 0.007371487285006006, 0.01071691478179982, 0.007150669297776815, 0.006678675281072432, 0.006099359472143551, 0.005979930061632344, 0.003704762171595544, 0.007022780700790604, 0.006705054620950212, 0.00429147196053445, 1.1075133057330971e-06, 6.742266095858551e-07, 0.004484392182661493, 0.005922750255274331, 0.008794694515084056, 0.004605926526972452, 0.0010371896857160133, 2.5518469133040057e-06, 2.091039114935325e-06, 0.0026871391735611683, 7.809216829643335e-07, 1.0167411828789894e-06, 6.128423958358389e-07, 7.180193344951228e-07, 2.7034512204955563e-07, 0.0006744022007658577, 0.002155236161388823, 0.0009151998363592537, 8.795982439377056e-07, 7.573142022771983e-07, 0.0, 0.0, 0.0, 4.6473858489203577e-07, 1.5858608786576332e-08, 1.101288032409991e-07, 1.8841210883896027e-07, 3.226826266723458e-07, 3.4986306901459734e-07, 0.0004134318882448599, 0.01669632309065893, 0.01069234947381518, 0.009269588447510708, 2.4053427669797977e-05, 5.146829753755275e-07, 0.00021276628464467567, 0.0016434529123993686, 0.00040574697014822907, 0.00013100669604697513, 8.080849067600053e-07, 0.0007572721514635342, 0.00029203903203545633, 5.132336945631039e-07, 0.00026532418943710803, 7.378897420996609e-07, 8.041700911961387e-07, 3.179812542507907e-07, 0.0, 2.3154427807811984e-07, 1.617268840397069e-07, 6.009721177429899e-07, 1.6404563192271277e-07, 1.1966787017303993e-06, 3.0587995453240343e-07, 0.01630160368702647, 0.011490373781923146, 0.018183027249150496, 0.004367047970315336, 1.1911915021693642e-07, 0.00037504251826785557, 8.957157641610769e-08, 4.5545643769890697e-07, 0.001960679048107227, 0.0013508973262332422, 1.7379562856540945e-07, 4.5814419592728e-07, 3.019991271310335e-07, 1.1040807692697088e-06, 6.201009276670145e-05, 3.255807351404025e-07, 6.633039250248321e-07, 4.1994399642650177e-07, 2.8901689928916403e-07, 2.854776783048537e-07, 1.0306169062294096e-06, 1.5376395289994169e-06, 0.021964799983940683, 0.011292538142304338, 0.013222206080231181, 0.014141640243399542, 0.0007086432581000069, 0.005226338145610534, 0.008266983783043788, 0.0025392917596456887, 0.004566661612595275, 0.004927388567124939, 0.0020046927110467707, 0.0014978725531866128, 0.00607782837793139, 0.007390373683224272, 0.00835556345113569, 0.009545853058777682, 0.0020754777025418676, 1.7377129014320944e-07, 0.015254217658162655, 0.0349975557613927, 0.02313137064617027, 0.03466487148449919]}