{"method": "quadratic_approx", "P": 200, "value": 1.990868072799841, "x": [0.011999111826966268, 0.018275534296060728, 0.024671831117817525, 0.0, 0.008812777178460119, 0.0037995798008376848, 0.006866433439344293, 0.008998030247443185, 0.009432579634543373, 0.0003444779098008273, 0.012202660811904709, 0.015113424463108031, 0.02088414384165351, 0.0, 0.0030458291746493396, 0.00029235911646599945, 0.002040230193732519, 0.0, 0.0009526533163435776, 0.0, 0.003661081680212519, 0.004585539604972495, 0.0, 0.006599730770201446, 0.007422724877000264, 0.004470902559081237, 0.0002534217611854109, 0.0, 0.0, 0.001190329351762253, 0.0, 0.0, 0.0006768325394758824, 0.0, 0.000988370678618801, 0.0, 0.0009810546979372712, 0.008891000089697251, 0.0038511758494432723, 0.0, 0.002248056333967298, 0.004203996193631373, 0.0, 0.0022628293512174063, 0.0, 0.0, 0.0, 0.004439642164378937, 0.0018046068181000983, 0.0049710768043082125, 0.006403161273834687, 0.005685983088339754, 0.0033054982018130247, 0.005160564535718223, 0.006465719444372072, 0.0005143153610347785, 0.005350555179549611, 0.0021955714338368635, 0.005172041504582567, 0.00383801011168222, 0.0004703615703588273, 0.0022347778583379375, 0.0, 0.002797585007320063, 0.0016277476164734072, 0.0, 0.0, 0.0, 0.0023923966645128217, 0.005619777192973166, 0.005538586135525606, 0.0035009540788708657, 0.0029172085257418525, 0.0020008422676185147, 0.001408038047487304, 0.0, 0.007339059937895749, 0.0, 0.0, 0.0, 0.0, 0.0, 0.0, 0.0, 0.00338815634311349, 0.00338815634311349, 0.0036036213529946877, 0.006047750897323057, 0.0067646116742614, 0.0031126387571226138, 0.0038490013178637287, 0.00338815634311349, 0.0030194803633132993, 0.004937952556456383, 0.0006869920781951621, 0.0012604806997458364, 0.003215784335208532, 0.00338815634311349, 0.00338815634311349, 0.007773216350747413, 0.00824720859737962, 0.012511952421127433, 0.010581999348729531, 0.014273645603319653, 0.012189535640996433, 0.011954825275233588, 0.001556815611837875, 0.014950898700407418, 0.008615849918628727, 0.007707543780267943, 0.005976431781552583, 0.00519542967088711, 0.0038879113751855723, 0.004832724441486861, 0.007625143287345733, 0.012876109897283222, 0.013418825607384286, 0.010288926778746278, 0.0086959560136158, 0.004433006062683937, 0.012039583643986917, 0.005841725346005548, 0.007384906409467663, 0.003337900981452378, 0.0021249102401407786, 0.004878887479709273, 0.002584598360984901, 0.0069804575707118795, 0.0023947517800323643, 0.0026628323808828487, 0.003491479019739072, 0.0019331235065076628, 0.0014565439164955967, 0.0033986491191595374, 0.005623792966069957, 0.0028565953392950044, 0.011152716241416796, 0.010610471746403245, 0.009323277475809303, 0.007290233219469498, 0.0092142524978077, 0.00518579052923163, 0.008305989975433449, 0.009038256982249276, 0.0064440499537787715, 0.0, 0.0074231858043715265, 0.011556281153154031, 0.007307650695178318, 0.007926573315217355, 0.007097603927240742, 0.012094993600797337, 0.010705156739315594, 0.007828707889718109, 0.011388833642976605, 0.010105117449163396, 0.007306574570523588, 0.005017864884961322, 0.0010227478343657163, 0.0018522355200240666, 0.01020279770715992, 0.0028398467803192875, 0.003623281611635665, 0.008325512035932679, 0.0070088170664718424, 0.008586179609377517, 0.007278212157452566, 0.008445557465638838, 0.006493859769857403, 0.012355234893229245, 0.0, 0.0, 0.0, 0.011654520124166205, 0.0, 0.0, 0.0016846685291272744, 0.004888160389882884, 0.0011068752634288324, 0.008472310083616123, 0.0, 0.0, 0.0, 0.007700416231751651, 0.009076083994408844, 0.0060315330640767564, 0.01844891151889897, 0.00338815634311349, 0.00338815634311349, 0.00338815634311349, 0.00338815634311349, 0.004612173680406585, 0.004503293528517363, 0.006493888171604102, 0.00884689717570444, 0.003862562308083416, 0.011802006995184957, 0.00338815634311349, 0.00338815634311349, 0.00693232263103458]}