{"method": "warm_cascade", "P": 200, "value": 1.514300586001348, "x": [0.021710038241680833, 0.0030842568316419476, 0.005450376728030981, 0.008593892254924582, 0.0014326691099858023, 0.00038152570500337075, 0.015784161877452817, 0.004479887473500938, 0.004941056260050322, 0.012330444778080313, 0.0017592299363802441, 0.001783612982101045, 0.010055946772825407, 0.0055681752514120915, 0.004306073247461229, 0.011102198274013257, 0.005472161483462038, 0.001740811418641735, 0.006602527927867035, 0.002938498121908331, 0.005995797544231339, 0.009308861126607577, 0.0023408062325496496, 0.003006409222943877, 0.0024793089418387784, 0.007244680195171531, 0.005972073837169755, 0.010522391582328688, 0.004547449938726447, 0.005610847557096055, 0.003941034121354923, 0.0024183098972492, 0.0002539354150411847, 0.009661109421705397, 0.004591339168794196, 1.4310137932521874e-06, 0.004978357725557034, 0.0014496030673623352, 0.003313693799916443, 0.007495417614846306, 0.006994276157356941, 0.003827006022364458, 0.008152635768822228, 0.0018536566650023717, 1.9293149906920444e-06, 0.005549532509983029, 0.0011768919787744053, 0.0034923081018837184, 0.0021298315250042714, 0.005813941918695882, 0.006358118998292235, 0.005842512215181389, 0.0032697444433603625, 0.005538646568311177, 0.006693082364996454, 0.007001132203561392, 0.006825271944490968, 0.0049618721090481715, 0.008014953288675155, 0.008743577835716394, 0.0024359472952957097, 0.0062890477207075265, 0.0065730461533144045, 0.005660163800268897, 0.011714001097923098, 0.012705577405073165, 0.008928012994897074, 0.011541380442855588, 0.009036648776583094, 0.005696722611688823, 0.011974194625665884, 0.010768627211349802, 0.0066735363075117946, 0.005924184187952184, 0.010344025320390087, 0.005670522536360852, 0.008592907060617445, 0.011304603610031636, 0.016194148914909702, 0.008359016619091867, 0.011778552765109262, 0.00784485544658249, 0.010783433929617689, 0.010915971556395516, 0.01073343660094714, 0.00980299507395869, 0.004697576227184043, 0.009187395966748915, 0.009344674412267742, 0.004161943207336933, 0.0029352430525237867, 1.0399189220479904e-06, 0.0009405758578963795, 1.2411593878132984e-06, 1.6204502131794146e-06, 1.5012624959796717e-06, 1.5016200143578567e-06, 9.011759389906665e-05, 0.0011582408083210681, 1.3046678055702215e-06, 1.5615844173739266e-06, 5.2690405135850634e-05, 1.3037082218091576e-06, 0.01425722101512176, 0.012035497798880223, 0.012632192118947953, 0.009727911018526596, 0.008266393838174983, 0.013702689116077634, 0.0032846250537946773, 0.002612927576973764, 0.0030122090663646487, 0.0019304158226669823, 0.004473027809888797, 0.0016562497855081666, 0.004772515339232988, 0.0021960782675380657, 0.0004007690086228901, 0.002229258948179422, 0.0022461398623658826, 0.0009650067807427457, 1.5601218665038535e-06, 0.0051397129775397265, 0.0009377952648432009, 9.086468221027928e-07, 8.004180277044647e-07, 7.290302572814766e-07, 6.643876507108193e-07, 7.331465968711115e-07, 7.728686639521291e-07, 6.215327750669324e-07, 5.579840227552966e-07, 6.063776431969608e-07, 5.239692974085444e-07, 7.079176731473605e-07, 8.608082059165773e-07, 1.3664065753388725e-06, 0.0006442688553940058, 0.003460294846103613, 0.001425234196455198, 8.369652789565263e-07, 1.223253549308538e-06, 1.109744507840518e-06, 0.00017733030413092732, 1.213424762778413e-06, 0.0006731120331444815, 0.0011362000855175349, 1.2197043793091565e-06, 1.3393440676773599e-06, 1.1711927668194113e-06, 1.269674047642517e-06, 0.014451864356818209, 0.006730055477820811, 0.007485119706914563, 2.4085179460164215e-05, 1.1720989717104687e-06, 1.000029824708177e-06, 2.096769141008404e-06, 1.5345370245281379e-06, 0.002245244108929484, 1.8099241994636593e-06, 1.6293341255700744e-06, 0.012071051512561085, 0.014374776586261719, 0.011530597175522775, 0.00611417907402425, 0.006831325820149579, 0.009355278335837991, 0.005366453418989147, 4.091745929374787e-05, 0.0033686281693785305, 1.5104110401808616e-06, 1.927156922823413e-06, 0.005198077371138748, 0.0037242414619658003, 0.012561979045246642, 0.007485797407789531, 0.006796719049377749, 0.002499935923037999, 0.004473038193964597, 0.006568674309258479, 0.002183148011427, 1.1363762793520905e-06, 1.3398318583154541e-06, 1.244793830750822e-06, 9.529293574385857e-07, 2.2922079506635455e-05, 0.0019764976887864535, 1.1610333592855248e-06, 1.1564929309795142e-06, 1.3142454995417613e-06, 9.025578269906428e-07, 1.7159624914265734e-06, 0.00506442216382524, 0.022984854017061913, 0.0185942610585896, 0.014158106215280675, 0.021952277594475815, 0.025333486719609374, 0.02667609110972564]}