{"method": "mirror_descent", "P": 100, "value": 1.517522522366976, "x": [0.018218214711824252, 0.005719555356601482, 0.009300556739271151, 0.015292356254846684, 0.0034598821882203187, 0.012621369499830146, 0.016043135850762738, 0.011228952753991068, 0.014846120822798261, 0.013212789472244276, 0.01173293875984624, 0.014485370337828148, 0.014273931688656323, 0.011629543426600863, 0.014169945346183644, 0.012690628154203234, 0.012576211670744585, 0.01297934574016461, 0.013218413131713345, 0.015191960828089464, 0.016825276404559296, 0.015221760642828422, 0.017683058156426824, 0.01941625698950612, 0.009287553223548635, 0.022833261066535285, 0.016141503607602237, 0.0073759550750222376, 0.020163198434920055, 0.015156581093794742, 0.012490589454987048, 0.022024816174687756, 0.007376635718527607, 0.010888243757565294, 0.011006858295783252, 0.018256928085014924, 0.02305337546041537, 0.018848937509483178, 0.015933402885197994, 0.0048443600742135665, 0.004744245969507541, 0.0013377766104998227, 0.0012434742522723881, 1.667087514914204e-06, 2.474042017108685e-06, 2.6971670700173176e-06, 1.7754008612170802e-06, 0.0009692383505635843, 1.0881457598447264e-05, 1.8366069273982255e-06, 2.880206242988869e-06, 0.005935509127926622, 1.7430609068037434e-06, 0.00020579726111655196, 0.01887667789718645, 0.008109548293939905, 0.021591178546828554, 0.019947300005790418, 0.02354197764405879, 0.015156751577373591, 0.017740740562311758, 0.012541389656340007, 2.0827835992932577e-06, 2.853955556935419e-06, 2.795213237273755e-06, 0.01908912251711997, 0.007321015824185781, 0.013149854216569376, 0.004343978161095655, 4.792017930578991e-06, 0.0009744310154965688, 0.021402185972202982, 0.015983831653135844, 0.0022334108337504245, 0.0005389836973976353, 0.019443234001813088, 3.1011516292049674e-06, 1.997502405700636e-06, 0.007343157289413285, 1.8897649176662255e-06, 2.9679201794011116e-06, 0.0015136025341776953, 0.0001762211194628027, 7.541196350862376e-05, 0.00023980255529969808, 1.6595283121394283e-06, 2.054958450303773e-06, 1.2672617852407686e-06, 1.3958395968012331e-06, 1.7147703987304762e-06, 1.1615397018899251e-06, 1.384009815724398e-06, 1.4162956379223988e-06, 1.1956922049132268e-06, 0.0014410005111314343, 0.020165327908086367, 2.0362929346916323e-06, 0.03894492226221093, 0.04770460150276547, 0.06819080233298665]}