{"method": "interleaved_lse_polyak", "P": 200, "value": 1.515167830838226, "x": [0.014248302830444638, 0.006260506864179921, 0.007617409473536926, 0.007679242404597757, 0.007362810601412229, 0.008181363879031815, 0.007292659352198243, 0.007723864590038613, 0.008373076014817004, 0.006584274496935105, 0.0075278169851194, 0.006108573725214774, 0.00621615425761463, 0.005663911498220169, 0.007637627543335534, 0.0008632486891485368, 0.006512711578541912, 0.004182500221149249, 0.002462826361082209, 0.0017148056936737704, 0.005044976710085733, 0.0008423730984994528, 0.002821751706444024, 2.681106750305718e-06, 0.0006632369398619591, 0.007704554062689523, 0.00350563079539783, 0.005182616930550422, 0.006772105798775475, 0.005037830400648633, 0.007562440077734067, 0.0050849082439885784, 0.006023063842704781, 0.003486098998135997, 0.004268684470194912, 0.005835597751468481, 0.007512574331875357, 0.004926706731620321, 0.006180453718964676, 0.007492190169762734, 0.003553111623682683, 0.006576115329789112, 0.007006824866012333, 0.0051852158763233056, 0.006105949102281997, 0.00879082646670529, 0.0055165112273883, 0.0072372031527246595, 0.006724956757854263, 0.006086028032071092, 0.006198744078318792, 0.006293249824807998, 0.009029257375870705, 0.007308617728015847, 0.005751768459397704, 0.008932270736608903, 0.005707802783233674, 0.003744169928034569, 2.9812167732685993e-06, 0.0010120780323194813, 0.0032969675579486023, 0.004876417435004107, 0.0024189091657307663, 0.003880083263279568, 0.004762707593419647, 0.003689646930968794, 0.003903094582727138, 0.007019602988050656, 0.0060272152427519494, 0.0065018979906039795, 0.005700953572542515, 0.006847704814554927, 0.008421726728285011, 0.010428111232590166, 0.00994333294015094, 0.009836668471865704, 0.010857556668166037, 0.012408613988873385, 0.009814306160510995, 0.01017282729281914, 0.01425520518027666, 0.014042442881524526, 0.011811348750470636, 0.010304061664764488, 0.008717971166543284, 0.006539399169061483, 0.005627900152643201, 0.007058510566911951, 0.004915236640515639, 0.007167757874054973, 0.007999970882669245, 0.006572516963125749, 0.007624119255419281, 0.007040379514412433, 0.006904210674348478, 0.006473163666510283, 0.007356618546113931, 0.005689979959566638, 0.006811821733196349, 0.005477488871802212, 0.004323133026167318, 0.004499783754807198, 0.0030599523974693815, 0.0030856023160939195, 0.004038956758557841, 0.001725270180149281, 0.0006995349947133773, 0.0018046849277605424, 0.0011986017762363624, 0.0016507093822402297, 0.0009218998203479202, 3.705966469376786e-06, 0.004923285368007452, 4.279766386313143e-06, 6.343829131561224e-06, 0.005070108462393031, 0.004394400994467736, 0.0009717533876706714, 2.26637411310571e-06, 2.1975002157153106e-06, 2.381593884200533e-06, 2.548087443252723e-06, 0.00016572300708624438, 2.2340622147128885e-05, 6.220997741720155e-05, 3.349700171905893e-06, 8.761429014862846e-06, 0.0029595807267688502, 1.014804524130433e-05, 2.5441436930128443e-06, 1.981170271140625e-06, 1.6275473377232162e-06, 1.4406093906041304e-06, 1.7697337835292078e-06, 1.6843744365334232e-06, 1.4500226790329319e-06, 1.7020408561422502e-06, 1.5037829886376202e-06, 1.5359970510328329e-06, 1.743370576951601e-06, 0.010399057600522281, 0.02236666438197942, 0.012062588311596413, 0.003012756061235769, 2.2733888496133927e-06, 1.7957188361831746e-06, 1.5924936690501173e-06, 2.2688866362881515e-06, 2.391164432522367e-06, 0.0012918015612301149, 0.0001443871638518469, 0.0015956723416680277, 0.00015024314324812993, 1.9800628074348805e-06, 2.505076586465847e-06, 0.000187158809834586, 2.9094740515857786e-06, 1.7450811653116173e-06, 5.277127522513185e-06, 5.094109766180323e-06, 0.00043404955864066334, 0.00020395309576149405, 6.734052494992511e-05, 9.952828659934009e-06, 2.706130260193394e-06, 0.029107978734753005, 0.011870607145643903, 0.002367326984912785, 0.00015569573589741375, 0.0005414607040926173, 1.4380711201268306e-06, 2.0620763305092972e-06, 2.1693762929463614e-06, 1.7229575382765948e-06, 2.000328787213291e-06, 0.0179707044684625, 0.008262528021574372, 0.005309955679394097, 0.00823505104161901, 0.00028951758054343276, 0.015447640434301154, 0.009020263596874639, 0.005242032296855362, 0.007093609908440987, 0.013428817358269536, 7.398806002738183e-05, 0.007825437545910186, 0.0071239800140532935, 0.008159436632768184, 0.006771919351804503, 3.0214207907418486e-06, 0.0011941216568201814, 2.163810922308153e-06, 0.0023469454906365635, 0.004063996398463469, 0.007521604683202094, 0.008136523927881105, 0.012359381203095985, 0.027488762768039254, 0.03284917919104613]}