{"method": "multi_warm_polish_t2", "P": 200, "value": 1.5151270451683936, "x": [0.02706121097937089, 6.448948493003989e-05, 0.00011134421202239534, 0.0015308256363392645, 0.0009737952716854466, 0.007434945458225771, 0.0030577105563494487, 0.003116978285351374, 0.019014149621409016, 7.853422610369873e-07, 7.946722507223101e-07, 8.27673218784295e-07, 0.0018085609044541848, 0.01385922387606671, 0.0013984270290522554, 0.0064519713364203845, 0.01056384645385892, 1.0795341367016467e-06, 0.0024683247142285457, 0.0012991112747120076, 0.004240568980632539, 0.015911719914706947, 0.0007563547781610971, 0.006387511578934227, 0.006210374654393855, 0.0015287863411965722, 0.0027996442877101235, 0.004557655156728893, 0.006313654253924927, 0.012127329096477993, 0.0014327804939230375, 0.004300508796482531, 0.0010638957504417743, 0.00276880414589572, 0.0036513703163768294, 0.0031924934130099533, 0.009921257311298986, 0.007370300003042574, 0.0016559916287178782, 0.005815227817267106, 0.004294522518238045, 0.003628524274630615, 0.00720779722494379, 0.004547292906976121, 0.010928529537765585, 0.004589180312791994, 0.0029515344603685627, 0.005301604661440469, 0.006947789161906694, 0.006014085708649454, 0.007649846542829332, 0.005068396106861358, 0.011160491924020324, 0.00306961160000016, 0.0037786734522961283, 0.005273054866961049, 0.005903836395910679, 0.00913679019317374, 0.005128478211877978, 0.0023196595142558544, 0.009960581136237706, 1.0749655130166446e-06, 0.0031130954082849967, 0.005259021119679469, 0.004219621783091844, 0.01163210749353256, 0.003374208922491048, 0.004563424630634668, 0.00967743654226958, 0.005595664110711574, 0.007094210223078628, 0.005020038897885, 0.007293830863784962, 0.015037717361429889, 0.0017711432334144373, 0.0074389039936835575, 0.0078099002835699165, 0.008448178933092465, 0.0073497340218983, 0.007877945534710041, 0.007583320481134733, 0.008532242503987595, 0.008290829832630806, 0.0074827990537614545, 0.008088584437650818, 0.009420914573010484, 0.006894780135727928, 0.013369946396744155, 0.006359222859485811, 0.009041181088174994, 0.01238169061229392, 0.009286032016445251, 0.010523990814313357, 0.013839479351757247, 0.009108995473224683, 0.01606246358958567, 0.010131167594182842, 0.010151472734819969, 0.00962672301805647, 0.007365892136219865, 0.002189473162349468, 0.0011898593146605508, 0.0007078646065301808, 0.0018892879820298276, 0.0011740719490544893, 0.003453379890498988, 0.0014163582169356315, 0.0036957627244717794, 3.080139278456297e-06, 0.0024309438171762933, 0.0026119153140089888, 0.0017212888245909342, 4.994199184083154e-05, 0.002440366022480458, 0.0014687225996700796, 0.002021578665151987, 0.0014129665624783097, 3.2524323677740134e-07, 1.2871440669339628e-06, 3.1508698058436237e-07, 4.1562166819406496e-07, 7.8711787530655e-07, 4.966526932273368e-07, 6.581247502204533e-07, 1.4106969558172053e-07, 0.0, 7.032542924682414e-07, 0.0, 3.867422756590044e-07, 1.892217113568903e-07, 2.8265390031641076e-07, 0.00638591255409453, 0.00660355407135928, 0.004433252772193011, 0.005815902437415155, 0.005007344162403085, 0.004483429701580098, 0.0033572843328387213, 0.003366835533248871, 9.759211674256261e-05, 0.0012574821804724105, 0.0014280538865493102, 0.0016807633467466688, 0.0031988531006498172, 0.0024577802801190266, 0.002117044947363289, 3.582764764421063e-07, 2.5395168095343196e-07, 1.2907186395448511e-06, 5.744915621463242e-07, 1.89255921381776e-07, 3.5376995366599655e-07, 3.951214033798698e-07, 1.0282108974931765e-06, 2.582518914233528e-07, 8.665711784718916e-07, 3.9180512648739617e-07, 2.4980480292864375e-07, 4.197937555126259e-07, 2.5402889914449644e-07, 0.005428354100591321, 0.009120276453296185, 0.007873458015141973, 0.005563614172038258, 0.008622082608462806, 0.006240458256050541, 0.006017777580130117, 0.00598819030263933, 0.0015987047189546268, 0.0025314391174564087, 0.0020641037342143905, 0.004072831979485525, 0.002504064883144785, 0.0049058048047545275, 0.0006954917687870262, 8.088382781254785e-07, 3.7248877275950846e-07, 5.769074276516023e-07, 1.4103034196459618e-06, 0.004442168359462012, 0.003201610242314241, 0.003958155119854939, 5.677678945390677e-07, 5.329613561395291e-07, 6.969118480249544e-07, 0.006350099061515227, 0.006983026082289672, 0.008285398472307016, 0.007958551628685103, 1.2645683857560304e-06, 3.6552420539684e-07, 8.893220478407719e-07, 0.01501566661283979, 0.015070328760413627, 0.01616485234566083, 0.021617059884967604, 0.022811630438037755, 0.025648887639591982, 0.023616446739885884, 0.020857262557304936]}