{"method": "multi_peak_subgradient", "P": 50, "value": 1.5273971847271086, "x": [0.025908678435982477, 0.022078217289774597, 0.013673956235062722, 0.01810137831113621, 0.021827749109047542, 0.0257167875317095, 0.017705446982361518, 0.017329205264916124, 0.02359272076725416, 0.008466724120570241, 0.020658062247653264, 0.02736608325742102, 0.029668471248014104, 0.022989787134145342, 0.015321095340598324, 0.02715647559422202, 0.021196594371624966, 0.019090214668381913, 0.03277804187295747, 0.03179378050170301, 0.030080317720800092, 0.027652608231794006, 0.040282220377396344, 0.0581618942967396, 0.0308509460236009, 0.023784349590434566, 0.004378471216354915, 0.006531166199977331, 0.003012391852214299, 1.142710027635875e-05, 8.374352880553487e-05, 2.3644469378478013e-06, 1.2688719553939586e-05, 0.03609734797095271, 0.003640432288147246, 0.010706956613238523, 1.4167047041596789e-05, 2.747454971445517e-06, 4.914719640509595e-06, 1.1218659432189768e-05, 0.04984995622731606, 0.0007705643598938402, 0.005253691225911753, 0.024674778537573282, 1.8183249986477867e-05, 2.4434199764894304e-05, 0.03461336494427066, 0.04582193017610094, 0.024332112615442117, 0.09689914012089347]}