{"method": "genetic_algorithm", "P": 200, "value": 1.529960839699973, "x": [0.018410279525931272, 0.010336684587387868, 0.0071212678475566565, 0.005758736129629629, 0.008075221937885712, 0.009497826298147716, 0.0044298340992049035, 0.008326669206439515, 0.003540510300986241, 2.413435102627784e-06, 0.00044378777744802714, 0.0031231735309584356, 0.0020050643879490466, 0.006306179065646064, 0.005535739260451879, 0.0031103914190726794, 0.0018034838133870496, 0.0008225391025053539, 0.009710126943765301, 0.004012475711193733, 0.005426041203500149, 0.0008981524858999931, 0.0038794531446960543, 0.00912592160188934, 0.005012852496884355, 0.006829805496026792, 0.007056216501168651, 0.008840023325639773, 0.007728015886994972, 0.0022261682867044295, 0.005517077365149913, 0.00475436345139885, 0.0025130521504510843, 0.0023090689250448338, 0.004576413185109149, 0.004992492091564644, 0.003505485422090104, 0.002178782738810437, 0.007780368127458036, 0.0039962480883645735, 0.004820437696799756, 0.013513930341978822, 0.00714087996560117, 0.0017566900507120812, 0.002388987022393111, 0.006607214479524549, 0.0028266665373753845, 0.0018510607335362908, 0.004771156155457621, 0.005357706233982106, 0.0017641393921861734, 1.1250992436145342e-06, 9.550911390092705e-07, 8.203841912729616e-07, 1.705815377535163e-05, 0.00026187449402430166, 4.248362141223623e-07, 0.0019023323990986331, 0.0011225833449114858, 0.001896404388660863, 1.9606783462562543e-06, 2.255726891016915e-06, 0.0003273456689066686, 0.0010469445291345324, 0.00014840818536492482, 0.0022773391009418306, 0.000683359199866445, 0.0012245101768789276, 0.004631756360169145, 0.0019199490643520328, 0.0017930308802564777, 0.006085853245483771, 0.0008770926633532031, 0.008535701190271463, 7.333953153365914e-05, 0.002754609508455705, 1.6371573534327774e-05, 1.5172906337643956e-05, 0.0028977457572696218, 2.0589166174535526e-07, 3.6314827664547824e-08, 1.26385579565865e-06, 3.2526951759686396e-05, 0.0023698545669297226, 0.0012312736270003078, 2.000594810205763e-06, 6.576387232172744e-07, 3.873655360805915e-07, 8.800732466552081e-08, 0.0, 0.001372188125173251, 0.004229252728599004, 0.000257921368939385, 0.0013720765837723652, 0.0038460452075502354, 0.0051275312517030614, 0.006943469035474413, 0.006270536007839566, 0.009052469831758248, 0.00024052365055158472, 0.003080223331158367, 0.002937698526059148, 0.001714868252198463, 0.002279903249919126, 0.0030930349420692778, 0.002910552512083522, 0.0036224205246984565, 0.004380670766578428, 0.00473271333581915, 0.006770731768896351, 0.008481277013656967, 0.007674590167583431, 0.008088846035432768, 0.007606533039474432, 0.007706941216259061, 0.004617287306866461, 0.007905348613016805, 0.008835364176988452, 0.008088231114202192, 0.006923514902682555, 0.0052776141687632845, 0.00605000073498371, 0.008899033959963514, 0.00934911270432373, 0.006517632350822529, 0.0024398515923908276, 0.0030218697720576005, 0.004668746242736148, 0.002535640497621763, 0.007602998373659427, 0.008389738895872214, 0.00802186211995413, 0.009628845664292281, 0.009748722439892086, 0.01042734281471305, 0.01302668120063506, 0.016359314764725023, 0.014425929317019841, 0.013335133913658237, 0.009187081098653004, 0.010306316400861888, 0.007731834722387822, 0.008260516433025757, 0.009353164706486857, 0.007993971652238635, 0.011240456170598856, 0.008406715372472952, 0.0097589823979677, 0.007301165364526686, 0.005314673898523581, 0.004557954424824445, 0.005367532223927544, 0.00599528561770733, 0.0065788196665913365, 0.0033414115924148644, 0.004327461177574421, 0.0038387994659095253, 0.002932787375207221, 3.143822600335593e-06, 0.0018292028628127978, 0.0025903452082252925, 0.0028631337792667483, 0.00418682188653266, 0.0009212492570452569, 0.002142930338105942, 0.0059289322098559, 0.006194417671739433, 0.005951073075086171, 0.004727514991952031, 0.003194504688860145, 0.00519982150528415, 0.0003066790712218254, 5.019742930651875e-06, 0.0028196461577152413, 0.003344703344505238, 3.977791130658592e-06, 1.9927560215578252e-06, 0.003953001177645839, 0.009119371973486551, 0.007881279433506232, 0.006081100369082232, 0.007218440264061039, 0.009294415987762249, 0.006602844225483248, 0.006448731135625705, 0.004929158487223785, 0.004490782314628281, 0.010905253711695328, 0.009264027777717763, 0.010965656889661432, 0.012102661393816038, 0.007228255458120187, 0.00354700195074814, 0.007529138912974972, 0.006886980444984126, 0.00874443940733485, 0.011047050124192829, 0.011867128933043742, 0.014969445623827947, 0.016553064047478146]}