{"method": "elite_pool", "P": 50, "value": 1.5216321371540846, "x": [0.12334922642793107, 0.010507223340555214, 0.0023133297090878724, 5.831124337938419e-06, 0.015352905856924061, 0.024327234771946166, 0.000740209620338688, 0.048956361076591126, 0.015452088391748576, 4.097810565739123e-06, 0.053386845369291024, 0.004944472624729586, 4.8570229030479285e-06, 4.2724280657002426e-06, 3.883430022126509e-06, 5.8116404812972655e-06, 0.00045691089011561055, 2.7839143873654154e-06, 3.374358921162898e-06, 0.0062482075096471175, 0.008113400583629454, 0.016733716487315916, 0.017762246642328547, 0.05604850969774879, 0.0018787197390574154, 4.575602643581507e-06, 1.7681821995196653e-05, 0.02527320229819499, 0.040468295224140124, 0.045196541837573524, 0.028818788482756156, 0.039887265722146695, 0.039116092298770236, 0.01885765331692683, 0.03349675165807057, 0.028216941272262642, 0.022686196563411334, 0.0208078506580931, 0.013156714072133981, 0.007606533997448345, 0.024396131470296515, 0.01614010353453911, 0.014894977382578535, 0.027878241086540436, 0.018890237525029066, 0.022794837875048046, 0.024180080694862768, 0.027412134074089854, 0.02641104554630019, 0.02678460551547755]}