{"method": "multi_seed_diverse", "P": 50, "value": 1.5214086007806884, "x": [0.0984986664426495, 0.048049610377311876, 0.005406021670721868, 0.0212493336359021, 3.88451625557767e-06, 4.138302622969013e-06, 3.7779611070095293e-06, 3.655002637879996e-06, 0.01121303606621291, 1.0537743276674242e-05, 4.7273405212991944e-06, 0.00013906048272246293, 3.0469783015045353e-06, 0.024356379504107933, 0.0453599016131333, 4.057705827846871e-06, 0.011518963558319726, 0.000268296034385829, 0.019137008845411696, 0.03302233067074433, 0.022250894892300536, 0.03496730958644678, 0.04665359507438828, 0.006688721193192238, 2.0419716856982696e-06, 2.5970884042525488e-06, 3.1710948648858813e-06, 1.6754012592262326e-06, 0.0102288992640564, 0.009175269017864454, 0.009755305817412838, 0.020195454582606326, 0.04715293518575358, 0.03020016278293657, 0.03440380636872441, 0.017056155891787845, 0.03164278269202557, 0.03873428297824226, 0.03638693317302114, 0.03303988321952944, 0.022047716966729868, 0.025976443951919344, 0.026293652901884703, 0.03148730665488176, 0.02705842356062844, 0.026928324407456176, 0.019071333999358744, 0.026774153998270628, 0.021820829684042642, 0.025743502146150597]}