{"method": "alternating_peaks", "P": 50, "value": 1.5227144017290446, "x": [0.09578996653099786, 0.033079869773199704, 0.009587868418250716, 0.01147160570265786, 0.024184758917754397, 0.01785569924627287, 0.06336622212881489, 4.263211950619521e-06, 1.1757005367333495e-06, 1.6112104792996624e-06, 2.7681681682928076e-06, 0.005102522178430857, 3.143601548040746e-05, 0.017044089016385662, 0.04158465512223532, 8.011309308982075e-07, 0.0, 0.0, 3.4464108532943114e-07, 1.9991451429798101e-07, 9.824476237504813e-07, 0.009917873421985055, 0.026587010830348128, 0.0029785013420170134, 0.010633012233168367, 0.025531664410867006, 0.022380853652104415, 0.035724186341867546, 0.03198385999700651, 0.05177384429387349, 0.03667302304632374, 0.027721127130541357, 0.029966503542331317, 0.017879066758389742, 0.02498077185033767, 0.00778563806944636, 0.021719163559813046, 0.03538158621663968, 0.023613863396156176, 0.029948460376450898, 0.020231326426773513, 0.02536447817710616, 0.01308071487783961, 0.0012711180382480574, 0.022566838990148004, 0.01937428697466984, 0.026708486388094983, 0.022973587692415642, 0.026540410621624003, 0.02959790186764295]}