{"method": "final_heavy_tail", "P": 200, "value": 1.5120525773886915, "x": [0.02084951955792048, 5.523873957578348e-06, 0.001042658661031102, 0.012865372751279754, 0.008072688327783784, 0.0007609073358937013, 0.010193455868444851, 0.006830625092111632, 0.004948396134200607, 0.005174604630684551, 0.010252690787446707, 0.0026841599242745195, 0.006578632141018626, 0.005965893959053967, 0.007071466049342088, 0.001405633391389111, 0.009549343474246946, 0.005187592474867273, 0.004063672770453095, 0.004983647073750267, 0.009162938755201638, 1.5314490104428584e-06, 0.0029480066353727926, 0.009589943740563645, 0.0004204477131220738, 0.0006593372930476004, 1.7183109563193232e-06, 0.0028322341250791292, 0.008471629618427698, 0.0014117171147284336, 0.0011346983788159096, 0.007961182436384755, 0.0026713654835869836, 0.0030334820166241566, 0.006276238531328901, 0.007932348235032348, 0.0028882269861470722, 0.008722632014426402, 0.005740740197896126, 0.007117176456594001, 0.004846081993907674, 0.010127598825499337, 0.004585976316080384, 0.006973339593282052, 0.006831071740435309, 0.007521155100825729, 0.003765156343897918, 0.00883470304787772, 0.008557750141409136, 0.003988239742780589, 0.008392781937973357, 0.015570239713537017, 0.0023937187470160475, 0.002696957699934029, 0.0012455889042014643, 0.002775438273081499, 0.0029146299811463623, 0.0039027218642499997, 0.004376279837906118, 0.004981783825355767, 0.004426573665969546, 0.0034752391339855893, 0.005339825498156063, 0.004527463056020826, 0.005566181784863331, 0.005307749611452746, 0.0059189836977887695, 0.005813654917458749, 0.006644200901064368, 0.007089928911289905, 0.007127956143718358, 0.007646437242703138, 0.007035291866589074, 0.007389763723864961, 0.0066079112023371715, 0.008812482317678316, 0.006455081072132536, 0.00982456974033966, 0.009354966033632417, 0.010289897378667904, 0.013230186524513033, 0.010941942579975626, 0.0097573461005214, 0.011090449546729513, 0.010416704790373146, 0.011885888974881572, 0.011462559192230177, 0.012823537186166625, 0.008649623519360801, 0.007640515796288433, 0.005381747138007563, 0.005416927904455914, 0.004621125437937406, 0.00608175445020689, 0.0058604996824226365, 0.005751342423412412, 0.005718334013617169, 0.005336137304032584, 0.004478719611234938, 0.004211156218131835, 0.005591404138406471, 0.004978535501929404, 0.004733728430466806, 0.004662680590735735, 2.8116179564805373e-06, 1.4152821477579013e-06, 2.514407465702733e-05, 0.003742419487936847, 0.007797964296388475, 0.008271774413826595, 0.0066137775865814765, 0.003751272545265248, 0.0005945625641331174, 0.00023954971778253583, 1.121708734749228e-06, 1.3782498036353528e-06, 1.0427729126132821e-06, 1.9310712581747346e-06, 1.3024725289963516e-06, 0.00040562807544160397, 0.0005781870940020056, 0.0010248202413899168, 0.001083181699785651, 0.0022947124377566564, 1.2812497948642812e-06, 1.9398322858974007e-06, 1.8709918980626957e-06, 1.8222320224146127e-06, 6.74563193305682e-07, 1.10060865197679e-06, 8.166802160512171e-07, 6.883985106633971e-07, 6.39969695597131e-07, 7.983343811459298e-07, 5.683752492061691e-07, 6.523122550249333e-07, 5.337267747373432e-07, 6.592110913769294e-07, 6.111511407849298e-07, 7.270538739898403e-07, 7.307498774145877e-07, 7.601004390225896e-06, 0.006344857494978039, 0.018050721341814, 0.01630707558888462, 0.012108120617614354, 0.0021356626256547034, 1.4230352046067454e-06, 1.007485450870767e-06, 0.0009185788030314889, 0.0008395253983282999, 4.2606959999898374e-05, 0.0016686957640806052, 7.469893908019504e-05, 0.0031240881218627483, 1.2828716324875825e-06, 7.344122802111326e-07, 8.869400025846568e-07, 9.237085671200092e-07, 6.891107289352979e-07, 9.114940374982858e-07, 1.0676919758795134e-06, 9.996811134622766e-07, 9.82281436285029e-07, 9.187238201881523e-07, 8.764831961494679e-07, 7.911170885175455e-07, 6.771204069580449e-07, 8.590879735669054e-07, 1.3066883495592346e-06, 8.820437982138698e-07, 6.689408497299907e-05, 0.02046052363982206, 0.02244163162921438, 8.41922408740521e-05, 0.01344433998223818, 0.00599343919620254, 0.01647773978241165, 0.00723619052527088, 1.11538066024441e-06, 8.488932835713657e-05, 1.4988801472125674e-06, 0.0017604867550970972, 0.003749002818508812, 0.008844070461480434, 0.004875230558344793, 0.006959439999229584, 0.0038909909206357564, 0.005184102930661865, 0.00045874090104538025, 0.007440586758878654, 0.0048107077537508525, 0.006798328353152766, 0.0029843521015830324, 0.004569745929694605, 9.915440437723244e-07, 0.011174512915261748, 0.028370235499410302, 0.032524550625494184, 0.033099604657925545]}