{"method": "ensemble_avg_t0", "P": 200, "value": 1.511804683695065, "x": [0.023676193816039297, 0.02576874153937662, 0.028415871688675577, 0.026463817455352104, 0.02523184584588944, 0.011611060695262182, 0.0, 0.0, 0.0035944144594409126, 0.0, 0.00010272639428966684, 0.0, 0.0, 0.0007926286447709769, 0.002078160004917733, 0.0012513629031424135, 3.957326988047508e-05, 0.004333786131388565, 0.0029296167085409446, 0.0035482205247418935, 0.0, 0.005722053542996199, 0.004117743258460093, 0.0, 0.0010605420945321244, 0.0011984549416489468, 0.003262681599888395, 5.832897322561031e-06, 0.0035832960142262666, 0.0031315796251826463, 0.004084974680797586, 0.0126085548506811, 0.00881140259976331, 0.007832948624799043, 0.012832399901670174, 0.014607897318107016, 0.01758242208595826, 0.0030630094497734075, 0.0160362436942422, 0.013497062090521877, 0.0013655763774649177, 0.0, 0.0, 0.0, 0.0, 0.0, 0.0, 0.0, 0.0, 0.0, 0.0, 0.0, 0.0, 0.0, 0.0, 0.0, 0.0, 0.0, 0.0, 0.0, 0.0, 0.0, 0.0, 0.0, 0.0, 0.0, 0.0, 0.0, 0.0, 0.0, 0.0, 0.0, 0.0, 0.0, 0.0, 0.0, 0.0, 0.0, 0.0, 0.0, 0.0050522088234072286, 0.007623566152604095, 0.008300931924525638, 0.020869490970013803, 0.012535485170516418, 0.010611777875604194, 0.0012863657852286146, 0.0, 0.0, 0.0, 0.001331207322696149, 0.0, 0.0, 0.002302525543764746, 0.0013644246505665875, 0.0016570908374662749, 0.003875511307854696, 0.0007108690726950145, 0.004073977403289537, 0.0020136667461031136, 0.005211450399553725, 0.0033912074542001803, 0.00546302444476895, 0.0026708713025911743, 0.00510516126338623, 0.004383287094290627, 0.004116039232832425, 0.003519910779436374, 0.004154732216289372, 0.006067373838068754, 0.006479634865725425, 0.009856558174916312, 0.0030683622043457936, 0.007196769384903562, 0.010779515274217888, 0.011464443491800952, 0.0005404967399319244, 0.005421177141674753, 0.002164747443584327, 0.005753693190451172, 0.0018300273974649816, 0.015199214505797172, 0.013939017269264943, 0.0130622183863059, 0.010771613839720086, 0.008675692599978324, 0.009310666715582044, 0.013686069359323132, 0.010739670503378238, 0.008131200195090843, 0.009634640852350683, 0.006517406109498813, 0.008105293479308634, 0.01546737888094206, 0.005551970312387135, 0.006615930431925506, 0.004861031423735488, 0.011683443817002346, 0.008392510531137046, 0.00864473953924839, 0.0017067077542981418, 0.006177295383555036, 0.008412400002618076, 0.00689269942445056, 0.007687837365742387, 3.278450209338478e-07, 0.005432373303611385, 0.008114418682546502, 0.009213358687763207, 0.0004950260458306745, 0.0054151789723222155, 0.008094039059607833, 0.0029229067151887167, 0.0045209225231966806, 0.007447151352546002, 0.0013410764278655749, 0.003950500443993843, 0.0015112990450837087, 0.002521651253611034, 0.002496666238823595, 0.002730277929181685, 0.0014426809525846782, 0.005386893353590847, 0.0, 0.0004951601580539148, 0.0003649808074186253, 0.0025158248698656824, 0.008505645385853031, 0.0008316810811771391, 0.007243773657171072, 0.01188436458149755, 0.0005495171437419466, 0.004904353327264342, 0.007245291088907651, 0.01016605584147023, 0.005308803999580355, 0.007750053622793202, 0.0006511274035565038, 0.007705568119495077, 0.012195956571547572, 0.006747000120676104, 0.004214949610842006, 2.808692608068023e-07, 0.008960130366652606, 0.011750309199111365, 0.007104480067786512, 0.0008215374768843835, 0.004883865435021, 0.009836658416120851, 0.007840944567635347, 0.011321325180508086, 0.0017519460477780063, 5.426234406180291e-05, 0.01005253289574285, 0.009426325634812499, 0.007378201817286774, 0.004408725009024302, 0.0, 0.0002627380011477999, 0.02547195311472696]}