{"method": "heavy_tail_init", "P": 100, "value": 1.5148978977470142, "x": [0.05146792434382322, 0.034583189272250084, 0.048049643838284854, 0.007686854688057386, 1.454549316896652e-06, 0.00021862636682067386, 0.000872264352817468, 0.007457451125536742, 1.392098085819879e-06, 0.009973445062060993, 0.010788934731739008, 6.930292641512178e-05, 0.0020163470812698337, 0.0005366639899770536, 0.008864119999131946, 0.009659629023141074, 0.019188090256503646, 0.02090484227794323, 0.024069818983844, 0.03259005822154941, 0.005153749078974997, 1.6665007919878717e-06, 3.538228872968084e-07, 0.0, 5.965462040815006e-07, 1.1775932485015888e-06, 3.6954442843353055e-08, 2.1863282803091552e-07, 0.0, 0.0, 0.0, 0.0, 0.0, 1.0036036572859279e-06, 0.0, 2.5206523452090817e-06, 2.6653144673355963e-06, 0.0, 2.2996849331660787e-06, 9.633230747889299e-05, 0.015610315630804946, 0.018513983725539945, 0.031583052908132805, 2.3544303414614764e-07, 0.0012674418830078994, 3.1655719394465013e-06, 0.0010220043479036269, 0.008909104891255664, 0.00012538701081343898, 0.008260424197758045, 0.010499972633095276, 0.006191458349243966, 0.008116131647204193, 0.005878283563986344, 0.008953855287465205, 0.014755894944398142, 0.019690277537039263, 0.009153685353480398, 0.014618365996529391, 2.3295869722915897e-06, 0.025274633828145685, 0.025474805467764785, 0.021179597745564455, 0.01940289256000129, 0.022634725633707265, 0.01664600338806782, 0.015863962003501562, 0.020419188151700504, 0.016087592157207276, 0.012281126908935352, 0.012430846840306526, 0.015179155876032082, 0.01165172654857553, 0.009948705787247972, 0.008398202231803197, 0.013443904041358418, 0.012310903093971037, 0.0038254132518838807, 0.009419637257632832, 0.0030718386166714152, 0.0009544199141692459, 0.008453488988632744, 0.00218911808713905, 0.002945806787271789, 0.013528330636416943, 0.016479598193712388, 0.007540423680853216, 0.01190204331425534, 0.018685226101477517, 0.010672514846078401, 0.009819649744886257, 0.01363622067919603, 0.015031502639484351, 0.01409780059811185, 0.007945908017877845, 0.015609449705160556, 0.01706210376006268, 0.004429461852449539, 0.01115719468480093, 0.02549683198745168]}