{"method": "peak_variance_penalty", "P": 100, "value": 1.5178364152487467, "x": [0.047466404917642965, 0.04972430638457961, 0.0408927102417916, 1.8278129329103654e-06, 1.1666482028301697e-06, 1.3627152942726297e-06, 1.8569721671388021e-06, 0.0, 1.0984890960507697e-06, 0.008937760110562262, 0.019060384172216824, 0.0066196088340867735, 0.0021792550920749438, 0.004744526014905058, 0.010005020607547857, 0.024216955467383002, 0.023175557278244854, 0.007983221848672518, 0.0, 1.4458140838083108e-06, 0.024517085929663247, 0.007965780934059247, 0.0153300532358477, 1.8465465395089215e-07, 0.0, 0.0, 2.6911009044059933e-06, 8.376350521234611e-07, 0.00031192932218345224, 1.2210927654715316e-06, 4.321916597386125e-07, 1.3494928995981985e-06, 0.0004593236500854267, 0.000861525768469501, 2.1877571496935543e-06, 1.3922069855926433e-06, 1.348148787503843e-06, 0.0003095674603051793, 0.0034591743311543992, 0.004804425591453531, 0.005130859318868391, 0.003121448567362718, 0.005032807562260533, 0.008108310130035995, 0.007793868915558637, 0.007258829158956552, 0.017763807559922472, 0.0244005910173222, 0.019690864582827674, 6.77263762638382e-07, 6.104968036229746e-07, 6.426832875430318e-07, 0.0040135868585958875, 0.0007749775776531245, 0.004396820770175198, 0.015252149429183015, 0.01848845321166158, 0.020700321672969375, 0.018874033241176202, 0.023217589105413855, 0.018820290816495246, 0.014406137706877502, 0.015602584472722605, 0.018494002742228333, 0.021455458227941947, 0.01986793449391768, 0.013117891357412407, 0.013318594054026212, 0.01415234712924232, 0.017618079206375235, 0.012455410603514372, 0.01526567302297976, 0.009880867100411977, 0.011265392113658932, 0.010100480591968133, 0.007431528269787479, 0.012298166793751923, 0.006380024880174564, 0.005074404258875838, 0.005832423922837997, 0.0092635801147948, 0.0010494449694779385, 0.022113771128730076, 0.006904421348145297, 0.0006627406103216339, 0.018610301940933997, 0.007148985959783696, 0.009090280786248751, 0.02179147940896673, 0.004528045352242706, 0.012951016901330988, 0.015928887277539713, 0.005519640244311419, 0.017285297079118397, 0.01432072067939741, 0.0039003690580563, 0.02144859291517581, 0.01087930196689278, 1.0662489946449975e-06, 0.026698135194974177]}