{"method": "differential_evolution", "P": 50, "value": 1.5365838840385886, "x": [0.04802229037053017, 0.02375602005280767, 0.04488234980281267, 0.02287529320846129, 0.03478931662806905, 0.021179551893442086, 0.028735049587698094, 0.0019989035734758725, 8.503760439077508e-06, 0.0011775651947150759, 0.020077255203279912, 0.009613444144949438, 0.008495967586413283, 0.013896627991169952, 1.4505428514478801e-05, 0.014027497158365232, 0.0007457309157737303, 0.0102962649709197, 0.011117299941372687, 0.009712641562735201, 6.589339726517985e-06, 0.0001371746576562554, 0.003290136297615234, 0.01373832501885798, 0.009798165878511669, 0.023820797627111687, 0.025474298631639285, 0.03881519805359869, 0.0490234291832083, 0.04904881476444905, 0.02706462439209771, 0.018088293621872125, 0.025908339868355005, 0.025813581077111167, 0.02998897827307973, 0.03375730420037836, 0.015977357689623682, 0.031358640359656874, 0.018121583558323037, 0.010814279147507391, 0.024934102028142436, 0.02743985010764373, 0.024052322430306094, 0.01963098383822522, 0.0170766287644262, 0.016710975061908273, 0.01636285031956436, 0.006596627046494281, 0.03246248511014043, 0.03926518467682441]}