{"method": "warm_cascade", "P": 100, "value": 1.5128764890703348, "x": [0.07245571512180457, 0.05155356775103355, 0.007753254075421756, 0.0010669992443757745, 2.8027846192007446e-06, 2.2745068752912176e-06, 0.003252116351780833, 0.005655308390780318, 0.006929525164771746, 0.010927394698548832, 0.0027876295901813164, 0.01192986679702932, 0.0037064524402984213, 0.0050658991410953685, 0.003984958163310599, 0.0030380297672789034, 0.020188752445803853, 0.02620947309409213, 0.02562023351224086, 0.028786785712523036, 1.5799772488710228e-06, 1.484645714774837e-06, 1.4994523371117226e-06, 1.6538677740100409e-06, 1.099232835633927e-06, 1.37514818441265e-06, 1.6428665896863142e-06, 1.3407007125518258e-06, 1.3325231480072447e-06, 1.6400864032656663e-06, 1.3611312873490723e-06, 0.003307649118983959, 2.200045351785733e-06, 1.8134722048166124e-06, 0.0008425786461494629, 5.878665750529204e-06, 1.2038770354214512e-05, 0.00010086913619181523, 0.00019570278315073425, 0.0003983937148585203, 0.02372946285245123, 0.031066902050354093, 0.0027718143393007516, 2.5745265142145457e-06, 1.9933518207870507e-06, 0.002513091435494509, 3.001026324420422e-05, 0.010768632236141171, 0.0014917651646286947, 0.0163493342478904, 0.0021058111536754564, 0.012783725333030602, 0.007598218237407918, 0.0074740451808246984, 0.008648854242854193, 0.009778178413462669, 0.01216060589703509, 0.021719456724081813, 0.008723512568836217, 0.00013142052629667672, 0.03018864168375342, 0.023422073993643478, 0.02385793306896071, 0.020903569490330554, 0.020731970941537625, 0.01779889980632142, 0.016224958501199132, 0.018334050607717218, 0.011347667972200218, 0.0178263391494174, 0.012525922370543029, 0.01240163882689226, 0.012422950588723898, 0.009035197858216125, 0.010565826585612377, 0.012184562442897496, 0.007759259931474738, 0.01137741695146537, 0.0036834468639194056, 0.0022704774291984306, 0.0029696853627120333, 1.760451965085414e-06, 0.007601313832332338, 0.010263558021950883, 0.012558595098067189, 0.011251664293555529, 0.01268921999196906, 0.013542157347767059, 0.01006934393743676, 0.015609210813958349, 0.011724352383481322, 0.013834615429760068, 0.011813502765686344, 0.013512387929387264, 0.012025024413973807, 0.01571233144766494, 0.010552460438974676, 0.015292102365016864, 0.007739234763875464, 0.020725092361997988]}