{"method": "mirror_descent", "P": 50, "value": 1.5196384096370101, "x": [0.12326790526315967, 0.012950348816307083, 0.005884833053905737, 0.0039103136883501454, 0.0029334420781916577, 0.024515286342006795, 0.01273046930368825, 0.002856721130537083, 0.0478990821679507, 0.05547875224260993, 5.470831417985978e-06, 4.488713536221265e-06, 2.9002535603507213e-06, 2.5026173704961865e-06, 3.0357704317466593e-06, 3.2635893249903715e-06, 3.98317896101639e-06, 0.0026279734345260155, 3.037744517717887e-06, 0.0039187619507925694, 0.05447403925804948, 0.004675545268442574, 0.0023753348585690707, 0.006261705508839784, 0.01006397051646294, 0.02227466707714349, 0.018766120894054404, 0.01627335398033202, 0.03354999797064026, 0.01579985279036411, 0.048766777144706355, 0.04453629865895581, 0.040908483340100006, 0.03131529443997428, 0.029488805011402816, 0.027805640791167468, 0.0206328435184861, 0.020192311348384482, 0.01923484124296746, 0.006248248022158368, 0.0013652112382222389, 0.019503424325412754, 0.0247044219774076, 0.02386931841252527, 0.027300692216875474, 0.02622287513658746, 0.025155525197963904, 0.027309541693844162, 0.02618848302269786, 0.025733802966116028]}