{"method": "mirror_descent", "P": 200, "value": 1.5137019400562568, "x": [0.04800895492781284, 0.013190258746385486, 0.007969176424579142, 0.010175123248914139, 0.0009043300825092629, 0.03747127598899117, 0.019277571855062837, 0.009684407752867314, 0.018221964803974994, 0.00950356532551663, 9.367141028684761e-07, 8.28102743622975e-07, 7.052018709394719e-07, 5.592072442657709e-07, 5.984850185316929e-07, 5.103969585282832e-07, 5.267058160303731e-07, 5.154070728676099e-07, 6.145385177340634e-07, 7.13260776499513e-07, 9.063532764851412e-07, 8.120875746819825e-07, 6.779185990731759e-07, 6.284487993823349e-07, 7.588231667961743e-07, 6.608525453124671e-07, 6.768849586853287e-07, 6.566575375012434e-07, 6.774640559008471e-07, 7.192669630926137e-07, 1.1096463244935812e-06, 1.0724337622897653e-06, 0.001299966730425725, 0.0012912418658516775, 0.0014733455213002014, 1.638060220357592e-06, 0.0004675536258628525, 1.1609643345824222e-06, 1.2347502499436289e-06, 0.00077370275139228, 8.305505330237952e-05, 9.328846700598463e-07, 1.3680840585914559e-06, 0.0009163340168056659, 0.0016533928514131165, 0.0020880691330036815, 0.0002556917803198822, 0.0038975842198760375, 0.0017124785337777747, 0.003203964533835355, 0.006933728099102976, 1.4174884790589486e-06, 0.0007237626394210619, 1.430461553566986e-06, 0.004400588157094654, 0.014897166922071913, 0.004342204010574793, 0.0024976272349112624, 0.0028091143084363573, 0.0004699333547281381, 0.009869402523654272, 0.005384292089828832, 0.005788523016745198, 0.005907326375487683, 0.00039745644545592207, 1.7119979072770397e-06, 3.2670480425386774e-05, 0.0036917136630157396, 0.019420042613932115, 0.0004696083078379785, 0.00025957153838145584, 1.519520294754912e-05, 0.0007243369625691414, 0.004116909161998212, 0.0011481341269188221, 0.00154284483066587, 0.007724126637561959, 0.007533378288568684, 9.48124840142682e-06, 0.0030929301288605262, 0.007155211369122379, 0.0037366356872939855, 0.01165602965298541, 0.012577501498903946, 0.01157402771804232, 0.012732580554210723, 0.010486171757169082, 0.01671709960735891, 0.009089017730218961, 0.008585783911687, 0.002835526645263456, 0.002402294128839617, 0.005598162120556007, 0.0018827748498339695, 0.0032032855898425014, 1.430781857935344e-06, 1.2355659766871774e-06, 0.0016348451725077936, 1.2142084677594687e-06, 0.0009101660200884805, 1.6101166986553871e-06, 1.5015143275605888e-06, 0.0008568590574083686, 0.001335250237204863, 0.0010842682353251133, 1.2348121938294736e-06, 7.38365290306221e-07, 7.035791876848213e-07, 9.610195524951841e-07, 0.0011138113244867046, 1.577306127315575e-06, 1.2924142460271547e-06, 1.804592765525465e-06, 1.990782912469406e-06, 0.001323289519391986, 0.0005254735463425676, 1.363030016734274e-06, 1.1078504327053849e-06, 0.00030591916865653533, 0.00032872867643062335, 0.0007381627019204405, 0.0017973944125727788, 0.0064746476317213975, 0.010978869080500088, 0.007406233137435292, 0.01257244564675535, 0.011867014666376558, 0.004466542127770514, 0.009142199809463321, 0.006897960762031731, 0.00842727826072091, 0.0024348728865555814, 0.010908091641574642, 0.009207561539822934, 0.00900244278405388, 0.005012976005892701, 1.8262148464238166e-06, 0.006142788153817898, 0.008499573854390235, 0.00868929772895464, 0.008429597455474181, 0.011812120733334474, 0.007360266050591488, 0.007043757009070483, 0.0056400667820057145, 0.007148335666207094, 0.005917112129628787, 0.005165193755298729, 0.00748140508795635, 0.004861083553229964, 0.008913773266141518, 0.011298349677186873, 0.011257209336647101, 0.009021003708331194, 0.011203203038520284, 0.007002556620993695, 0.0067921859197275026, 0.005775260437128372, 0.008947890662170953, 0.004036562805157805, 0.006485481596850956, 0.009827217484617689, 0.009191306891713946, 0.00824052192774185, 0.009686625169064328, 0.008854090539119919, 0.005483893278900593, 0.004803301055102439, 0.00580840406795568, 0.0015479766368494377, 0.002169793819769202, 0.005357548549284559, 0.0068251058415192195, 0.007070961841478499, 0.011129135968310572, 0.012534812482004502, 0.00982130730374248, 0.008078906827742585, 0.00815591458783879, 0.004096858534747929, 0.0012129467387414017, 0.003764344008923467, 0.005141868789747171, 0.0039038359391444116, 0.00753612067936035, 0.0109037688605286, 0.009928976376039754, 0.008301369865072286, 0.008695799243751957, 0.0067987790146723515, 0.0020499745920036267, 0.0028617834635747564, 0.0034521339083834132, 2.1990500859681527e-06, 0.00244259256591432, 0.00841566865685986, 0.007488820828644828, 0.008372733812183291, 0.010062335959074811, 0.010297353089195762]}