{"method": "random_smoothing", "P": 200, "value": 1.5341663264948178, "x": [0.04446457679664685, 0.00560401662991766, 0.003254264843988623, 7.45423870256478e-07, 0.00201807722953381, 5.837373504608791e-07, 0.0046152557389168136, 0.004533766369968301, 1.3420599103915449e-06, 0.006356891332652457, 0.006288262532554579, 0.005599535785207015, 0.0017453409389551052, 0.0037206654387868868, 0.004601011956735944, 0.0034853013894127465, 0.0048397482398623015, 0.002304191877927656, 0.004168870880432662, 0.005798263458138692, 0.004168155229273893, 0.003828239640779068, 0.006799549987801111, 0.008437420744104307, 0.006087149354443427, 0.007085616589158453, 0.005659413230430668, 2.6844306626443256e-07, 0.006242400227081294, 0.004295116475397569, 0.002201072316448917, 0.0, 0.025201786816861842, 0.003923431243813575, 0.004649741968494293, 0.003008351743190277, 0.004494360496813278, 0.002592314442597354, 0.0056451578374547735, 0.006661705255991059, 0.0012605466982179958, 0.004320218616905896, 0.0041257729028871485, 0.005935923354940469, 0.005399840067991967, 0.00761102317447704, 0.007130523445863804, 0.0044856051323207136, 2.946323052416135e-07, 0.0006106599262906865, 0.000805319741932137, 0.002903852833552699, 0.0, 0.0018800711784534808, 1.0683314980321255e-06, 0.0001840458781102303, 9.056974660881456e-07, 1.3308886023189322e-06, 5.127537252254722e-07, 3.6169721563977735e-07, 3.426138433478316e-07, 8.166701177615859e-06, 6.615852865777519e-05, 0.0006091770383414221, 0.024434072397191718, 0.003128475036265552, 0.0013259937181834965, 0.0012091918864323883, 0.002119116029895144, 0.00026921217894151586, 0.0001036559380557217, 0.00022228344280584517, 1.4410080963267347e-06, 0.001894892376481589, 0.001097840286921368, 1.911467778947139e-06, 3.8787314249625014e-07, 5.727713636797844e-05, 1.1318438000727895e-06, 5.291150599323986e-07, 1.5075366248121903e-06, 2.198014548667351e-06, 0.00021276003419920972, 0.000477409256283829, 0.0014087033641563722, 1.7851585759199719e-06, 5.04900054731766e-07, 1.1622016356563215e-06, 0.0009890456496328794, 0.005314310911508682, 0.004318360781429381, 0.0006497450397541813, 0.000987094990944095, 6.370738682801221e-05, 0.0018879384504893858, 0.0014649605214273817, 0.006914963293841706, 0.001002341081463136, 0.0030647951432080395, 0.0058169721271066795, 0.0037416653526914723, 0.004071223611530157, 0.006594684305753365, 0.005516794502425683, 0.0012166262334633157, 0.005412700022780921, 0.005012089867208462, 0.0032922188821808388, 0.004738417542836247, 0.0054039887036501175, 0.006471785295298349, 0.005674115216331103, 0.020488920944000972, 0.005612332427277544, 0.005699370284858897, 0.003985110204102871, 0.004996924850995157, 0.006580182673362537, 0.006830670239264018, 0.006416253549830633, 0.006362094196479445, 0.005926145920644384, 0.006890067017489032, 0.0060033650013049285, 0.007665844505119085, 0.006876324056813371, 0.007450395063517338, 0.006668409116672894, 0.010396772012857543, 0.005810863213370604, 0.004503038543943258, 0.004646945696039943, 0.0037700185133791135, 0.0056061093940323195, 0.004144817971725034, 0.005501195187955065, 0.019504679108115933, 0.013304690077065149, 0.014131949725417897, 0.017345764100760788, 0.01314433576130763, 0.013090571282802136, 0.01158757260416665, 0.012270465644828867, 0.0039872629333965355, 0.009518446086435723, 0.007532526014255357, 0.007360023501848703, 0.006632124655389468, 0.006104954923227367, 0.005305411019229218, 0.005442964747852361, 0.00499711573190641, 0.0035826107978939397, 0.00338351716101896, 0.005000766841978601, 0.0030386406051122225, 0.003880102184522607, 0.002193418223615526, 0.003035301320439856, 2.51938225061389e-07, 0.003155562939552157, 0.0027616998487896218, 0.0021289643656201332, 0.0035284017990212034, 0.0025173390039500442, 0.001921607260974424, 0.0012537017319471518, 0.0018244435314165163, 0.003572165337190122, 0.0032937188587662796, 0.0017894094766794217, 0.00407808143924009, 0.004503077458147591, 0.004352150808259643, 0.0036833058099981254, 0.0026749108716263154, 0.006689166919338643, 0.007527686001482791, 0.006498363992287889, 0.007101582002262185, 0.006246096790002448, 0.006659141791022112, 0.006553044935975127, 0.006583175074005688, 0.008022706785509672, 0.008314568280305952, 0.008327040073810646, 0.009196748063403919, 0.00933513208243127, 0.01041906399228569, 0.010154146923188969, 0.008916259842417833, 0.010872437403684546, 0.011287225307894841, 0.011173287887762772, 0.010182490050421987, 0.009975356566662515, 0.009977958176264142, 0.009423469286520464]}