{"method": "block_coordinate_t0", "P": 200, "value": 1.5130350987640937, "x": [0.027581041344518976, 0.026400809825624517, 0.028137761191301822, 0.019533700803654463, 0.0036872492678020506, 0.011783611194662499, 0.006794176601933952, 0.0037124239846075824, 0.0026935067642812594, 0.0005032010365981282, 0.004389231435960068, 0.006249450297873324, 0.0032751828433830155, 0.003070700425644042, 0.00039217278642865157, 0.003798796928770434, 0.005908046040400501, 0.0029358668209285748, 0.006043712415300246, 0.0044856130182443065, 0.0054967793265621265, 0.007495325793402497, 0.0003293719665293569, 0.00631431686276469, 0.011992486225851548, 0.019651499862726393, 0.025180884934327408, 0.007191423764798645, 4.9838814943139914e-05, 2.0307785767977546e-06, 3.2046810585507164e-06, 2.128476418261012e-06, 1.2870419650440978e-06, 2.0784596931154932e-06, 1.3878622471876903e-06, 1.4182327948814595e-06, 1.6041473626747076e-06, 1.922140628464483e-06, 2.2626100406064813e-06, 2.14310883038674e-06, 1.8727751361455934e-06, 1.6374179446483839e-06, 6.901487345421191e-06, 5.665628101259049e-06, 1.6488133300312037e-06, 2.029652356371239e-06, 0.0004986631304135931, 0.00213827778036654, 0.002150637025550509, 2.1705136856189988e-06, 3.436904414416386e-05, 0.0015758735583396868, 0.0011491076104445217, 0.006624177094068976, 2.2625106042132984e-06, 0.008163898553393879, 0.014701471179865278, 0.005439287115122511, 0.019880825001316514, 5.228507609107935e-05, 1.599451863768938e-06, 1.7729955453008412e-06, 1.2200919089681469e-06, 1.5198953793078837e-06, 1.4711677173016215e-06, 1.307229330759854e-06, 1.466993850427482e-06, 1.3085642895553504e-06, 1.4700316729655416e-06, 1.6743223801218212e-06, 1.0848996300297602e-06, 1.706096825748339e-06, 1.4245063178667324e-06, 1.6543526346727569e-06, 1.7880064644735022e-06, 2.077240856466364e-06, 0.00047548693246888055, 2.4777919040027496e-06, 5.254235038193871e-06, 1.220277583763505e-06, 1.5890993220372496e-06, 1.974046382390801e-05, 1.3923455821092545e-06, 1.623773121761175e-06, 3.111036394111329e-06, 0.0015809817343527663, 0.005111696812239859, 0.006067460822761139, 0.006634513925192948, 1.296383188224027e-05, 0.004265487969731258, 0.008675771440317124, 0.004503361308937087, 0.002532436791692111, 0.0002941802638690331, 0.0022748660365409807, 8.376362015925936e-05, 0.0011979748705338346, 0.0031023679557489665, 0.004002321373017744, 0.004160578349232685, 0.007200721607076788, 0.007258066828983694, 0.006179681327978239, 0.004543822407786344, 0.005384519622714286, 0.004974384999200502, 0.0055635102347437225, 0.008118813297963708, 0.009226281732997691, 0.007048850390798062, 0.015043651637645176, 0.008240149367097955, 0.004543180124062683, 0.007881345690407956, 0.005416694446440579, 0.01374642131046967, 0.013114230875894278, 0.01191999785098273, 0.010167955812355455, 0.01477237316192084, 0.007998507245593622, 0.008111926374304048, 0.010567421337944657, 0.009274435961331142, 0.005373241888909498, 0.006278407726562039, 0.006097758788899651, 0.008467471837093057, 0.0070023553488915355, 0.009164716289758342, 0.006697131966095867, 0.004936402424360464, 0.0047232887519153745, 0.004982449739773554, 0.00300145419171978, 0.005678000449480308, 0.004768484056296199, 0.009607408135276793, 0.006393199813866791, 0.0031560390352865283, 0.0001127182728196893, 0.0036771038887705512, 0.000323963339932874, 0.003001982231076834, 0.008546397329086684, 0.0028031247894986376, 0.008721210571393847, 0.004850418064075615, 0.004335727481229936, 0.010855254414052263, 0.013373569777522437, 0.006027066385439095, 0.0030298207486882736, 0.009032834086959958, 0.006682607624105327, 0.0022494789034290205, 0.00712984407232315, 0.011536789570849268, 0.005380895991549588, 0.005185237438520436, 0.008896204919469533, 0.005488780486684647, 3.659512830261472e-06, 0.005355902653061345, 0.011479018799206533, 0.00489075443342576, 0.0016624235821774856, 0.010466187915360779, 0.0026441440072068946, 0.0015551555189096242, 0.0029599394309594183, 0.0053132994604935604, 2.755417175957793e-06, 2.430185700599428e-06, 0.0001977882743699118, 2.8941375802557014e-06, 0.006190286586124968, 0.00460228636880593, 0.007753361996774835, 0.00482255177095512, 0.005423295192289127, 0.006228684456901232, 0.0038794549597102827, 0.0025086127123169527, 0.009247161406895073, 0.004683796053884005, 0.006803404337919694, 0.007515238466596596, 0.00825099726586666, 0.0022233906205324947, 0.004656386803451271, 0.009474259497463456, 0.007090916642656629, 3.8356412602153754e-05, 0.011136263488840982, 0.009440537997837315, 0.0027577651831719604, 0.002691993676383493, 0.019608980300027837]}