{"method": "basin_hunt_t0", "P": 200, "value": 1.5107023847525387, "x": [0.025118340878979118, 0.028480601724744144, 0.028941478458173013, 0.02808778698605361, 0.0190064509837631, 0.012147543625673562, 9.45054681392272e-07, 6.12067710368014e-07, 0.001330811786570022, 0.0023544793643916753, 1.103112682474341e-06, 3.825414053567443e-07, 2.3506105842355186e-05, 7.960509489755728e-07, 0.0003636253484534949, 5.814709618430295e-07, 0.005622037355613561, 6.902260957382691e-07, 0.0018727995523151106, 0.008008444361034855, 0.002795943428944594, 0.0011792518130040604, 0.0026665864079041587, 0.0025961582156461328, 0.002659068356753575, 0.0022583864478877337, 0.002004827497549467, 0.0014923547795840256, 2.052910413502975e-05, 0.00023763031391629903, 0.012138354147584464, 0.006565409783172015, 0.012113379149971805, 0.008660856011014774, 0.010206794880430655, 0.014303451240137445, 0.0025067872081142584, 0.01913696501522946, 0.019894830820225078, 0.008925525486761522, 0.00010514320013625278, 6.593605482170452e-07, 5.146660327553907e-07, 6.5557110483489e-07, 5.373163422755247e-07, 4.881283167809322e-07, 4.1770852496037865e-07, 3.9230995640228675e-07, 4.634099465919224e-07, 4.33764641534043e-07, 3.429816841355326e-07, 3.2246675439423865e-07, 4.6457451138503867e-07, 3.683673936239837e-07, 4.2006395646936623e-07, 4.181804237325198e-07, 3.0810769869119724e-07, 3.7220044470115427e-07, 4.975934146197319e-07, 3.349789570182853e-07, 3.635174523229725e-07, 4.5759004535656626e-07, 3.732172535293918e-07, 3.7434104482911447e-07, 4.5493117155571976e-07, 4.3600204518839547e-07, 4.379238505794989e-07, 5.399665472078169e-07, 6.067862334950586e-07, 5.983449871232558e-07, 5.620420334403267e-07, 5.51695093907914e-07, 4.52361409837973e-07, 4.3026050337805994e-07, 4.4530870411509507e-07, 5.117522801586635e-07, 4.5400702533109653e-07, 4.680970858239961e-07, 6.842066447973733e-07, 0.000350157289064884, 0.0014190573364572816, 0.010610127332692652, 0.018393574292549245, 0.012114698838233445, 0.01252498732795705, 0.01087382777714846, 1.1429177272515393e-06, 5.159004286770291e-07, 9.094143858779881e-07, 0.000222354794360027, 0.0016681822735909993, 7.918969516034626e-07, 0.0010137459839620314, 0.00021411441061137664, 0.0024361732571662595, 0.0016685253814248638, 0.0008204813406276452, 0.003579892413680437, 0.00417218751846987, 0.001950522027119769, 0.006206588766607186, 0.004188596378816876, 0.002925124464560988, 0.0038603162269305004, 0.006825988534278838, 0.0016180543792200341, 0.005885790536770158, 0.0050364810484196144, 0.003911008990935851, 0.0034277795298524533, 0.007443118001178585, 0.005899739801925263, 0.008038543412183389, 0.007712178302888929, 0.007942494422325913, 0.00831631694986729, 0.006471247032753277, 0.0012177521188520093, 0.0031247468918269867, 0.006838534873226916, 0.011469009522096618, 0.0036811354564056965, 0.015549857053849148, 0.012383484534427025, 0.014523969881729194, 0.00939078706775766, 0.010411041367143466, 0.00668959876901054, 0.01355233294511687, 0.009864721856554298, 0.010185046382382254, 0.005969463974250634, 0.00860133873563435, 0.010457077357503114, 0.009179411160221085, 0.006589116458293251, 0.008135150132975564, 0.00854491174626434, 0.00333998046812684, 0.010607809747684466, 0.010113394655619555, 0.0013018078279423446, 0.005865005467776722, 0.009063792804581042, 0.0031952707497093927, 0.0058412230541173915, 0.008715006306634148, 0.003292588275211579, 0.004620357718595895, 0.006364073124522692, 0.004978835991071742, 0.007955480486946498, 2.670655535370904e-05, 0.005620191920350556, 0.004896708220766835, 0.007599196988418843, 0.0022289622075301776, 9.964731602905191e-07, 0.0005517182012158511, 0.004220007165624482, 0.005546829792437087, 0.001398574408627573, 1.2506527957856743e-05, 0.0002869123586959892, 0.004241088849864239, 1.378358910801933e-06, 0.0030024374689056883, 0.0019890083676174543, 0.013801045041287778, 0.001157321455767164, 0.006043428670215321, 0.004782457865086827, 0.007511963269193691, 0.007152281728650904, 0.006685482146196049, 0.006383102047931993, 0.007268140225868478, 0.002078694920865927, 0.010254391080640366, 0.009737789931552861, 0.0026357161494473718, 0.004362493743300811, 0.010678510410628927, 0.001857702376491476, 0.008535644591124651, 0.007515018019072669, 0.005525190556066023, 0.005332885820094895, 0.006327387627093133, 0.009402969622047667, 0.007101186873319253, 0.005439148224961415, 0.0019958984859342905, 0.009473345209497582, 0.004566767896571202, 0.01116160393106381, 0.004402254374355018, 8.725138137821823e-07, 1.344742191938331e-06, 0.023997420649781324]}