{"method": "short_lse_long_polyak", "P": 200, "value": 1.5166698823800027, "x": [0.009658272139855482, 0.006935197718424937, 0.0060320886476458255, 0.007288028749388223, 0.006387267082216903, 0.006705679233488808, 0.004497365846086048, 0.007285473220296206, 0.008527095431332732, 0.006282676264478093, 0.007368638925489824, 0.007523048287644903, 0.0055172483873846875, 0.008207183565661792, 0.006198379988908578, 0.006216046589359701, 0.005824977295913606, 0.004538848119746405, 0.00457055690071647, 0.006688214819188748, 0.0076880817289928715, 0.006990130765624, 0.007539796343163244, 0.007711372205085641, 0.00792769184184257, 0.00666423991542048, 0.0065546615812910386, 0.006572114240711075, 1.2618824910020812e-06, 0.004503434762355473, 0.005300103565237961, 0.0054470997729468605, 0.008084066434526537, 0.008093631312020129, 0.009347477530008147, 0.0070584976790107855, 0.004305069812900171, 0.00606603486559902, 0.005518664178764453, 0.005916440672494305, 0.008420289797829984, 0.005540544208962225, 0.007512103390921722, 0.007791358331302839, 0.00920947182556153, 0.00898367082454829, 0.009430848908759079, 0.007991294554949296, 0.0069046885780403265, 0.007464994246256666, 0.01011158367047561, 0.008108019115753963, 0.009087598917417125, 0.01040418192438295, 0.0115881302785555, 0.008215178072071378, 0.01065844673844407, 0.010215958027968645, 0.005338471486081312, 0.009791445791029496, 0.008996063225329476, 0.008861782862839139, 0.008758406582208675, 0.01104292977906951, 0.014185294745820374, 0.0063406436178482335, 0.0071434456610885225, 0.008270472883395632, 0.003918538719148402, 0.00817959513460515, 0.0063228628691463385, 0.004794244693652002, 0.002282219129712888, 0.004975216170076194, 0.0012306254755908592, 0.00390116693024777, 0.001994822194788352, 0.0002618130902540654, 1.0447372104065907e-07, 0.0, 1.8455388248949989e-07, 4.746491436700758e-07, 6.894373477389472e-07, 9.460886042133061e-07, 8.669756246784928e-07, 9.259579069822435e-07, 1.1620085953544644e-06, 2.908092534385614e-05, 1.3184295058115782e-06, 4.904934195707029e-07, 2.933016567764555e-07, 0.0005226104200512769, 0.002328243967760404, 0.011668074408562351, 0.009929005328298686, 0.017028779732459847, 0.009526842849276797, 0.008926639240617424, 0.0046071501327081274, 0.005509379883050971, 0.002270110340119197, 0.0024264990664588345, 0.0005479610870762602, 3.1177396974430155e-07, 4.857750259977464e-07, 3.057614230652884e-07, 2.5763270835484136e-07, 0.0, 2.2122728004079343e-07, 3.290873754355074e-07, 0.0010731330300241722, 0.0004879820087438315, 8.905839903079899e-07, 0.009695451250664275, 0.007237420764453641, 0.002919299001104145, 0.012285649213314645, 0.0027816586007404333, 0.005837677279804003, 0.008643074453232967, 0.00758739758988623, 0.005765144845959787, 0.00417632019967284, 0.007349472648860764, 0.003785608068466027, 0.003273391335625878, 0.006347562204404982, 0.009324256690442317, 0.008505513282943997, 0.006116469074931154, 0.0058202028637254054, 0.007504806421896277, 0.014990915115522446, 0.005829863049432221, 0.007653498932398261, 0.0016892712603252516, 1.1497254298838337e-07, 0.00038990290445443433, 0.00042901152105381823, 5.285649421870204e-07, 0.002983984978375952, 0.013477836426854893, 0.004224792733282667, 0.003658090109849934, 0.0005892624734869024, 5.45244802010792e-07, 5.033680493988059e-07, 3.702946286448395e-07, 4.707195518330371e-07, 4.527579876540102e-07, 1.0105632125746906e-07, 1.6210658697472866e-07, 4.0669207381956277e-07, 0.0, 0.0, 0.0, 0.0, 0.0, 9.39992295363904e-08, 1.042212765918912e-07, 4.827541135241966e-08, 1.571357185190381e-07, 0.00212739009061441, 0.003239547133536856, 1.732168203445375e-05, 1.0629460369533597e-07, 0.0, 1.040972688543362e-08, 2.7630521586147684e-07, 0.005032638040722988, 0.009511040109501092, 0.02676586708620576, 0.0003006761693601665, 1.1027025126288735e-07, 1.2201375744489711e-08, 0.0, 9.410944535195112e-08, 0.0, 4.862974111536604e-08, 1.0444782591674057e-07, 0.0, 0.0017204368040388157, 4.180997342010863e-07, 9.327384416106354e-08, 1.7355726284691444e-07, 0.0, 0.0, 0.0, 1.9184750151736275e-07, 1.0948255345248073e-07, 0.0, 5.345489327241901e-07, 0.002910765684315556, 0.017616961364459904, 0.009043133273890475, 0.013585792857789712, 0.010785412584841876, 0.028525682763718807, 0.023841891672557163, 0.04343396311052765]}