{"method": "heavy_tail_init", "P": 200, "value": 1.5116741318172686, "x": [0.028707193514219395, 0.030798629374572374, 0.03580766037835274, 0.015863202381964793, 0.0138518066314944, 0.006901034546679452, 0.003386156789380315, 0.0023545838374694865, 0.0025340197447887213, 1.0492270329579806e-06, 1.2594069585491046e-06, 1.1138438046389291e-06, 2.2958151412186106e-06, 1.1482325208029196e-06, 1.3638499431512843e-06, 0.006762372863190571, 1.1398902970979104e-06, 1.2623657787507807e-06, 1.1407264540126563e-06, 0.01211727656806019, 0.0005581809547604081, 0.009173701988129165, 1.3455812755423923e-06, 0.0026971063256269463, 0.00010620171337904457, 0.008000403056842688, 0.0015270066045884208, 0.0004415539120558883, 1.0389428877109628e-06, 0.001955304518219012, 0.002066678524235639, 0.005154466720645795, 0.011182256876897105, 0.011784983021534277, 0.007271864523294214, 0.01105888021808606, 0.019324059250282587, 0.011576412721357145, 0.011724729999395816, 0.0011215062208642249, 0.01645389105064046, 1.3220301015896296e-06, 6.758810132265415e-07, 8.573532670323392e-07, 6.233539824602437e-07, 7.033641112419965e-07, 5.991559736014917e-07, 7.023128923239115e-07, 5.645074588437988e-07, 6.767328577419767e-07, 4.891741390493245e-07, 6.411626374098044e-07, 6.772509126179091e-07, 6.729668198180585e-07, 6.411191953565953e-07, 6.078127357635798e-07, 7.591093845138572e-07, 6.093900875421495e-07, 5.225295219839225e-07, 5.591214148662914e-07, 5.967096062916753e-07, 6.494875798943468e-07, 7.518481938902193e-07, 1.0812488029518149e-06, 6.325905215637184e-07, 8.141139128483269e-07, 8.116875858280247e-07, 7.861133716060071e-07, 9.582344656464257e-07, 0.0019978179896758996, 9.481517310148228e-07, 1.4834602563611694e-06, 3.50799962431543e-05, 9.164685230656991e-07, 7.611266695029003e-07, 7.52513294190881e-07, 7.407927287726027e-07, 8.875720833349498e-07, 1.0470243714977855e-06, 0.0026923083571182603, 0.006129874744633602, 0.0078007519394700285, 0.015419495022656141, 0.014996462117250376, 0.01486434732389681, 1.8915896493684029e-06, 9.658983362185805e-07, 7.660763068043746e-07, 9.076772636433781e-07, 1.3660849351427863e-06, 9.636500050564194e-07, 0.0011640480493100805, 0.0020488154296606164, 1.2887324931571463e-06, 0.0006196438744910353, 0.00023616983985433752, 0.006045039211084227, 0.0027628712823492565, 0.004711211898873105, 0.0018205833754101595, 0.005331364769940901, 0.005497815747109862, 0.0076915423925914776, 0.002172995699552958, 0.003959489589863003, 0.0030707317122063873, 0.00521611779090741, 0.004293012244118604, 0.004920976979639828, 0.004955842456508893, 0.004430661041144079, 0.003210725055693259, 0.0063281181712597015, 0.010742315127655673, 0.01052517640006065, 0.008449038169445526, 0.004284144983941074, 5.658383202361038e-05, 0.0005387259662307739, 0.005848082739483648, 0.013660755815905267, 0.0131187338779096, 0.008097570541329894, 0.011727097244292103, 0.013009602694971126, 0.013754650737526795, 0.011547271565762914, 0.006491939128645953, 0.01160370855707518, 0.011561602620672783, 0.009746330884655109, 0.00887252800116633, 0.006886580413400369, 0.008931321889308652, 0.006421014401518102, 0.010368993710358956, 0.007490639048053132, 0.009649657934982762, 0.004261939002766873, 0.007244843477925051, 0.007609963497707983, 0.008137123172668187, 0.005872487712788044, 0.004878933650538766, 0.0062768290572007245, 0.004276524786450527, 0.005660107991696341, 0.007975406162113875, 0.004120752108878441, 0.003940802232963922, 0.006480845624629746, 0.006190858103048939, 0.0029956801073882633, 0.007300097449661588, 0.004488679645016505, 0.002990145032631679, 0.00012504795514530384, 0.00777424686424457, 0.0012166334648240071, 0.0009379955644359741, 0.00021997078461317063, 0.00032957746392392456, 0.004787085440707662, 0.00013712287428254072, 0.00022016040603603794, 0.0018128532393539532, 0.002035049352160467, 0.011873524240848804, 0.0024950902552307768, 0.004462201063431309, 0.011317017968806707, 0.0026568639091262853, 0.001983958291409237, 0.011825075464801037, 0.007296762705987487, 0.0016543052332047363, 0.0091847858599325, 0.00821431391608775, 0.0028271248780830445, 0.009784606079663132, 0.005319708837139907, 0.005149599401906369, 0.005569360363499821, 0.008320841115345468, 0.005084076078113611, 0.006812706751592262, 0.005731054203763534, 0.009569383188980034, 0.0030987724899382793, 0.005454782724352448, 0.01199241771792781, 0.004156597620003332, 0.003953885145744951, 0.010567475376642144, 0.00425212525573556, 0.0016827194134659332, 0.015213388091083175, 0.00041479073916739293, 0.0007727480558677607, 0.02088923905412764]}