{"method": "lp_rounding_t0", "P": 200, "value": 1.513664311630075, "x": [0.06150933048397681, 0.030758566294128986, 0.009386480729372903, 2.428678415420443e-06, 0.0023549025671192776, 6.202619482342301e-07, 0.00843052398270261, 2.381764589678736e-06, 1.121073334674088e-06, 7.540130037364773e-07, 0.0, 2.9578210033409464e-07, 1.0904837005332821e-06, 0.0, 8.810751748409871e-08, 9.665147451894252e-07, 0.00045474558930609074, 0.0005510415730166232, 0.014962534721303504, 0.010415233826808588, 1.2132933276589789e-06, 0.002262528718805078, 0.008505327920150574, 0.021007470026144108, 1.0345419032093729e-06, 1.3840975526069195e-06, 9.65357932464798e-07, 0.008481710497353447, 0.0008862681651666665, 1.8366305953967145e-06, 0.005580689949902884, 2.3506222268751086e-06, 0.00021054216763791291, 1.3897981323802621e-06, 1.1851386501686888e-06, 1.3382604702625723e-06, 2.1236699400693096e-06, 9.580540890208423e-07, 8.177299472546243e-07, 1.7936630101038295e-06, 1.6316532717345431e-06, 1.63766124385357e-06, 8.515620371451957e-07, 1.014820181715248e-06, 7.919791475871017e-07, 3.7840868498766824e-06, 8.756181226854565e-07, 0.002145099134591829, 0.0006502511116987919, 0.0009281928825171987, 1.0037054912083444e-06, 3.540284816784136e-05, 0.0010268914559217568, 1.8191626692652984e-06, 0.00460514822896469, 0.0001733078070122595, 0.0022641103836364197, 1.5786341186962013e-06, 1.1607600231901114e-06, 0.0032851768754816528, 0.009575634151988128, 0.017744250895826024, 0.010056729131781947, 0.0, 0.0052776807432817424, 3.109330730957081e-05, 1.66342419637308e-06, 0.003475034564102011, 0.00546587823139653, 0.008349835822333718, 0.015614368377213096, 0.0015792253626192593, 0.004469386323661655, 0.0035757510042970964, 0.003356724786011617, 5.694338882332253e-07, 2.251150627985423e-07, 0.0, 0.0007074505469156147, 0.0029281923192591157, 0.010344968197599396, 0.003363317404167226, 0.005664619849153288, 0.004455630646647339, 0.011740346456359088, 0.010788901470207527, 0.01302598888076503, 0.008588658186595224, 0.010106291121689375, 0.006762449029730603, 0.009746706985400201, 0.012944606963397077, 0.0003666628561581367, 1.0313088006950184e-06, 4.1270736726845357e-07, 1.8987357966244079e-06, 5.610572918673349e-07, 4.982183011746937e-07, 2.2335126666718296e-08, 1.572791538883749e-06, 0.0008292137504332469, 0.0006357250840146393, 0.0017108881063446514, 0.005407575873453993, 0.0011495766782522213, 0.00031551544833223016, 0.0017701081238361313, 0.0042245260706819205, 3.5959736075166306e-05, 2.4003443302880236e-06, 2.0765221561077234e-06, 0.0009327053139843453, 0.0031186567476864996, 1.4296235857926036e-06, 1.5642850873935182e-06, 0.003827505696858511, 0.007665106289649797, 0.005112588960289394, 0.007114857336017863, 3.189726949894728e-06, 0.011204337410459831, 0.009307754956839552, 0.00785083704302058, 0.002749247736523795, 0.0009699669038845652, 0.0002536547353223186, 5.811152390910073e-07, 2.966633458603538e-06, 0.0005357434787122887, 1.979318376360552e-06, 0.005273400591323543, 0.006069875091479512, 0.0012924559306999389, 0.007907236859101625, 0.01244758645338976, 5.266162155355161e-07, 0.0010480776013632738, 0.003222916609893397, 0.0032640140622296567, 0.00743221185266471, 0.011142337982062281, 0.011983888361193096, 0.012174005539638263, 0.00906562089152531, 0.010513066969244601, 0.009716434509735094, 0.011240705177031097, 0.009658293598022527, 0.009213084951038042, 0.009675917653292187, 0.00841016627727256, 0.00970223473508786, 0.005482189953852432, 0.011253974262945077, 0.011202789835500496, 0.010285929830210224, 0.008879267908702596, 0.008193309646591472, 0.010791447011484583, 0.008570165381613974, 0.0065143837985597785, 0.008267785065039493, 0.010337810797154918, 0.006150448598263681, 0.005198306369940382, 0.008775979526595295, 0.008253730561169417, 0.005670439376424922, 0.005768602935153326, 0.00584621619198127, 0.0057802569006502845, 0.00384552278733103, 0.0041695534970252225, 0.005536921130959149, 0.005519067788008113, 0.006196033664308216, 0.0018372322313768602, 0.004767197037718745, 0.00802060485932603, 0.007283490865176321, 0.006336612592593027, 0.004978517645976297, 0.008048927011242804, 0.008951594262510725, 0.00692091907928324, 0.008132255144629206, 0.009735168839140319, 0.008523429953551322, 0.0063296113714525586, 0.00865624904165553, 0.006894001750974868, 0.006549013216071658, 0.006119608945223516, 0.008152660820695634, 0.007888194260816354, 0.007054861442415091, 0.008710457398253178, 0.008778047378035132, 0.006897008012877468, 0.009721302791762901]}