{"method": "double_polyak", "P": 100, "value": 1.515705931928985, "x": [0.060892642018280825, 0.048492358188812486, 0.004299930498851054, 0.013820158943155275, 0.003834846025100983, 0.006542169928514708, 0.011808380990378016, 0.00884788326433647, 0.00971659402405057, 7.031355410782357e-06, 0.020036919450715295, 0.015063910711375039, 0.012467488953943149, 0.042942298304522813, 3.318607497343251e-06, 2.3617263869444544e-06, 2.2914614903837693e-06, 2.5576383486265482e-06, 2.4216700780411384e-06, 2.5597286565281856e-06, 2.9102657103828375e-06, 3.2928161935117377e-06, 4.369746698171054e-06, 0.0003408787522173396, 4.493731971539511e-06, 0.0002764519711094468, 3.2855239977720767e-06, 0.023639960075305933, 0.03281556534155344, 3.4066061010075874e-06, 2.235368318874483e-06, 2.5344871443173286e-06, 2.249637441438613e-06, 2.5078352437411966e-06, 2.8305977866052803e-06, 2.428038954761199e-06, 4.35909673770866e-06, 0.0007235373835937244, 0.0034464140284398838, 3.402554671885951e-06, 0.0001024999048560517, 3.2072356831247797e-06, 0.0008621133613740729, 0.003399519978009334, 0.016520999440813377, 0.014478837171734022, 5.031161292475325e-06, 3.637479513007326e-06, 0.00785968772792812, 0.009662243913165424, 0.010302661421636786, 0.011953416943096729, 0.010282496367502586, 0.01018214016353622, 0.01754493056200319, 0.017422792232468003, 0.019335666533378884, 0.019887639094728078, 0.02068806511905283, 0.026464459440261965, 0.01816081292895492, 0.01628600556714686, 0.0141711555732413, 0.01669984415445393, 0.01113638390301338, 0.013521358469390796, 0.01023814179916513, 0.010581612041374325, 0.01136209166466715, 0.008206529916662026, 0.01089665694909357, 0.003557244107076797, 0.0034654703968277226, 0.01625395146109558, 0.018972892775505654, 0.01502882248831912, 0.010529289814975026, 0.017491697537376526, 0.009927874022626225, 0.017942560921041316, 0.009201409491569742, 0.014416288668940161, 0.008646246937570472, 0.010166368377828978, 0.009708923791213993, 0.007701120108248514, 8.091109985600103e-06, 0.002838573320059146, 0.010860682203137373, 0.007806828825271112, 0.010384663439441189, 0.013708612422798246, 0.008800654818847196, 0.015672511180802557, 0.007388992189180049, 0.01658910399878072, 0.009057954933441555, 0.017240885448613505, 0.007671728463287947, 0.02066268117784332]}