{"method": "rescaled_gradient", "P": 50, "value": 1.5229225233260306, "x": [0.09583143332937963, 0.03302942842272033, 0.009676532883115131, 0.011460025119664137, 0.024088104492706312, 0.017864143141928576, 0.06338688702975552, 0.0, 0.0, 0.0, 0.0, 0.005104009037565503, 9.170896985752868e-08, 0.0170517869994988, 0.04157422496700552, 0.0, 0.0, 0.0, 0.0, 0.0, 0.0, 0.010000412184955615, 0.02648368287926423, 0.0030396576945098514, 0.010655919030550774, 0.025499412225469205, 0.02237566625313593, 0.03578177586787068, 0.03200100873553444, 0.05171649984817703, 0.0366776413219343, 0.027719374703645716, 0.029950555192548883, 0.017885919793781024, 0.02496056444042903, 0.007809253403328134, 0.021740695534040125, 0.03535690512727512, 0.023643846804783746, 0.029929056425366522, 0.020251158052041793, 0.02533151320948219, 0.013090388713555364, 0.0013023063135033644, 0.022565077658603647, 0.019396305119118627, 0.02667840239127257, 0.022996138211350516, 0.026520829975836133, 0.029573365756326176]}