{"method": "interleaved_lse_polyak", "P": 100, "value": 1.5170746288462227, "x": [0.040692028208334834, 0.010706282437652587, 0.015375089217485118, 0.023501124667187765, 0.013819520622096768, 0.023481142074382677, 0.010780567924957013, 0.007554535760069939, 0.03286790820888063, 4.0551490552664835e-06, 3.510760908408054e-06, 5.52356069125121e-05, 0.0073084551575317925, 0.007773567791632789, 0.00811290278649628, 0.0013570945666642042, 0.007179631782864773, 0.012416394643958113, 0.007027725150571, 0.00872242755836538, 0.005848633883219625, 0.008097605578663649, 5.27745766565219e-06, 0.0013240695379863811, 0.0015830669658454994, 0.007302890879026865, 0.0031886059274924675, 0.011349292933123627, 0.005016406515355568, 5.245068031884964e-06, 0.0053639064998839085, 0.0010535735124164555, 0.005022549627496773, 0.0028183754165273557, 0.0015876441362609765, 0.011361610583792486, 4.825219350115425e-06, 0.0012302222696223715, 0.002419710619396183, 0.00043757506892781587, 0.0020577460275296227, 0.006171509643947109, 0.01189248490378072, 0.0026413508157722716, 3.8001090767157155e-06, 3.225361358894916e-06, 5.766961897958175e-06, 0.00013136055396618807, 4.367773282525595e-06, 0.0058355145476341715, 0.011390506787146436, 0.009013585229198812, 0.014719088692939544, 0.018347495114995154, 0.027182209528396138, 0.029070140038390063, 0.017432193846812712, 0.007474964468464388, 0.025860345807497687, 0.02441516439595549, 0.0189264042493732, 0.016547819897870433, 0.011466937761469712, 0.010809104379016717, 5.069544288363649e-06, 3.2366063676747756e-06, 0.024758548076711843, 0.02306414450240039, 0.022264273317412896, 0.01698134335416142, 0.014634281409266852, 0.003013582167814534, 0.008992973309980216, 0.013668181042514155, 0.0019845251993884584, 0.0053175325505104174, 0.01552523719065821, 0.02094584464170189, 0.01837899499029945, 0.016156364455019088, 0.003694861759021221, 0.00420461788891397, 0.012530575547844501, 0.012311788140028087, 0.005196710279336511, 0.0008247570498750434, 0.007137673393239944, 0.011919166640670558, 0.025007537362016632, 0.01908931783763868, 0.007581442177843666, 0.003965857821778281, 0.013930917523723128, 0.002574826796636429, 4.684536976925881e-06, 0.002183475788998304, 4.85170770563443e-05, 0.015288972038096874, 0.031122542211383348, 0.03052425109855927]}