{"method": "moreau_smoothing", "P": 200, "value": 1.5233744546564805, "x": [0.012569850439451892, 0.005912195400592772, 0.00633681595865129, 0.008817949675686094, 0.006472309675876778, 0.0069970458363487155, 0.0069302286262918926, 0.005891424861827816, 0.006907209653535127, 0.00569752623234277, 0.0046341332467321195, 0.006884708726799171, 0.008587302945862706, 0.007533932138393473, 0.007361104876670472, 0.010377099512128382, 0.0074195828534742644, 0.007961660549331997, 0.010356564145025938, 0.007499534333222845, 0.009266469313061325, 0.01060495828556458, 0.008883845848082859, 0.009866847686459462, 0.010092714442342634, 0.00888242758708236, 0.009149083548654817, 0.008166747343593017, 0.007179049057217782, 0.006146711780599696, 0.007106424077387468, 0.006799734903789511, 0.008642849003056528, 0.0098951106413787, 0.007365911715576429, 0.008893449417990433, 0.008647793450210998, 0.008154032402538099, 0.010061039239508577, 0.009766761358005803, 0.009585496279549993, 0.007887309884584972, 0.009564029842957967, 0.00900108267726213, 0.00937122278742912, 0.010519229342032187, 0.008894690245175495, 0.009499732675507957, 0.011099250020000262, 0.0067396261916780565, 0.01748135067406282, 0.012753149350362607, 0.00947677492379796, 0.0025994154697570873, 0.0035491214425579175, 0.0037793777240604327, 0.0031497199598702922, 0.0034089731815217083, 0.0029749809752080882, 0.0026228518906924302, 0.003237942824152024, 0.0028006595073387353, 1.0622470639545658e-06, 4.065405515067169e-05, 8.165470637347018e-07, 0.0029135111180978845, 0.0034348620682091886, 0.0010909569612110091, 0.007024274299923427, 0.005399062934053363, 0.0033532238777849513, 0.0046210201463020946, 0.005055480851656554, 0.0025485517595305023, 3.089624016566381e-06, 0.00074761742924617, 3.9880768601940593e-07, 2.7143973776949443e-06, 1.6393068378971733e-06, 0.003663860907734748, 0.005911458322591945, 0.006679907264224374, 0.009730330595024898, 0.011391963859213776, 0.009873833066230877, 0.006689829697281212, 0.006717227504221508, 0.006794247918426664, 0.006308204046148224, 0.00462284841169426, 0.004660844541959376, 0.007187905054480573, 0.005350113396591881, 0.005210693081391864, 0.003908086657515197, 0.003355392805450601, 0.005121271229625387, 0.006148304871766654, 0.00332877467207929, 0.006274386485278304, 0.0023692596401794137, 0.0031295701392265412, 0.0029553997744769687, 0.005625279032321106, 0.006210131303800505, 0.00459332674722663, 0.003236615229954731, 0.0032246380100353885, 0.0034289337640504448, 0.005605017959753323, 0.005209288696498288, 0.003017651894605885, 0.004959904526467509, 0.0013867372124265014, 0.00035757029936881845, 1.576479890962674e-08, 7.232835076976912e-07, 1.0590144895262354e-06, 3.5397210869387013e-07, 8.258604515856691e-07, 7.503892304689e-07, 0.00398236550496286, 0.0030075220559472923, 0.0026226604181774226, 0.0036712304452937252, 0.0032949631690547777, 0.00019908459884586106, 0.0, 7.603311543414779e-08, 0.0, 0.0, 0.0, 0.0015081593715080615, 0.0, 0.0016796731485563547, 0.008801580967301824, 0.009699023561546654, 0.008791650900661372, 0.005509600787420257, 0.007359969629468884, 0.007185430132461988, 0.0069458807400497955, 0.00706820662376978, 0.00779694458258257, 0.010097531872521815, 0.010808114684565974, 0.00940420749015025, 1.0115157628106393e-06, 0.0, 1.4710851896456836e-06, 0.004075285868289072, 0.0009315106937939797, 0.0026494048228992793, 0.0012513794089106908, 0.00013351635023868983, 0.002058795702547977, 0.0037525011783884027, 0.003900570112693547, 0.005451975359705355, 0.0016821338036567223, 0.0010013754028972452, 0.002888959220821712, 0.0022207226231119514, 0.002697756649454505, 0.0025901929892848587, 0.004758702221596009, 0.0020534684888739376, 0.0014600662528432657, 0.0006778350278765997, 0.0007146729020715086, 0.0009600091774328949, 5.073628475259361e-05, 0.00022532259320631707, 1.3956622128329543e-05, 6.979594730118273e-07, 4.370348390672372e-07, 4.370348390672372e-07, 4.370348390672372e-07, 4.370348390672372e-07, 4.370348390672372e-07, 4.370348390672372e-07, 6.554009719915704e-07, 8.73660069823522e-07, 1.1079526637858066e-06, 9.076428726806624e-07, 0.00018956774152915833, 5.749423712244773e-07, 7.147748990757256e-07, 0.00499047035512793, 0.004218510262362192, 0.003198553505113518, 0.003597639418331372, 0.005848112890037193, 0.0065708163176183, 0.00792307727695258, 0.009756917579684984, 0.010200028793110681, 0.022751076869096828, 0.02501812803231315, 0.022894135344944732]}