{"method": "frank_wolfe", "P": 200, "value": 1.5231346977768954, "x": [0.014735961760340317, 0.010344507845382574, 0.010612382942231905, 0.009112215739712175, 0.0041191434131086935, 0.004729675783636936, 0.004770473363307108, 0.0, 0.0028171767826535433, 0.004155731584356278, 0.004416252338135642, 0.009444903840012947, 0.007168520950329549, 0.00807880644656546, 0.011083928297646144, 0.005066101516911576, 0.007119429424054961, 0.00816409941561011, 0.004209212112829222, 0.008988126277703073, 0.005273589132733877, 0.003737613935221224, 0.008402240499927027, 0.00464020241756019, 0.004753224876032443, 0.00583390072534661, 0.001645153381895311, 0.008919459278314197, 0.007769516939696561, 0.004672866456912318, 0.007234302268596252, 0.004942495048892897, 0.0026381481925701585, 0.0010566525475689526, 0.002907470566662133, 0.0026794615939128895, 0.008329092994969488, 0.005498873620798365, 0.006083306458546974, 0.004716839313294374, 0.0056710994836686075, 0.006928147896710134, 0.001448287172201174, 9.482021987005376e-07, 8.485048767909165e-07, 8.077117202578023e-06, 0.0032621363241223922, 0.004640219290522236, 0.004598820764178255, 0.006508569272682327, 0.008078058595246393, 0.005292262354182536, 0.005595513061561164, 0.0072151772562522075, 0.006394642225883088, 0.005589663594437356, 0.0051416585410466965, 0.006402980935862125, 0.007134331064518488, 0.005278272252214319, 0.006694228591605985, 0.00901280891258968, 0.009180711164426782, 0.010559229939509737, 0.01117742006423206, 0.011303382566534601, 0.011877028771371588, 0.010902820046818891, 0.01004388920511667, 0.004459765673302116, 0.0042720733964343085, 0.004890077274758241, 0.006206432537565988, 0.005660496311641909, 0.008614307432737047, 0.01097261392329442, 0.012896985862048491, 0.015222251831336566, 0.0107251933924295, 0.007901278999552615, 0.011584955880126096, 0.013729814258895587, 0.01085413360758741, 0.01005391857945838, 0.009567605134923324, 0.004963793921483582, 0.003633203549375505, 0.004198741141477384, 0.0028398962066866935, 0.002614635565536584, 0.002223709200319504, 0.0020645044196478213, 0.0033179496975195475, 0.0012368144575578676, 5.585152139194268e-07, 0.002824340318524361, 0.003644427697864706, 0.005260935380088248, 0.0060296953965095134, 0.005153346066567109, 0.0038181293682335686, 0.005200283831080025, 0.0026856720235114953, 0.0035530485596024057, 0.004957962222504805, 0.00893853844532503, 0.007504015849479641, 0.0077658822117044795, 0.005948242524611962, 0.006508641034164591, 0.006271921090036009, 3.393211843358532e-07, 0.0013675403614782796, 0.003094359363290829, 0.001355011004842774, 0.00026844725823724235, 0.0004807271333026208, 0.00013392684270909291, 1.1530106784108142e-06, 0.0016158781780625504, 0.003942556268261213, 0.002133716116805103, 0.0023583316979869625, 0.0015271918052831752, 0.0014055299466591024, 0.002721881562174366, 0.0004172681191766702, 0.00022294140791152283, 6.39221551797716e-07, 7.391724237830875e-07, 7.6377341641568e-08, 0.0, 0.0, 0.0, 4.561063115127543e-07, 4.517741901185824e-08, 0.0020372475999100095, 1.362879137079817e-06, 8.161789137591744e-07, 1.0698282434019489e-06, 0.0006787819708540301, 0.0022934885025286695, 0.00016930227943838525, 1.1915668221844585e-06, 6.407631789535909e-07, 1.6510491263891594e-06, 6.644715941056066e-07, 0.0008641064646095231, 2.5764651839475484e-07, 0.0, 0.0006328795659722318, 9.487058553912906e-05, 5.090845712901229e-07, 0.0014825815170523935, 0.006427897486499916, 0.007034925060148935, 0.008266363132381554, 0.008573913781592673, 0.0020764734071173742, 0.005166672551922052, 0.006705864100194148, 0.006425454592398128, 0.009972024989223248, 0.0020229086139968416, 0.00495479353978255, 7.147523280207321e-05, 0.017904718813689702, 0.008521056650122405, 0.00349355191428987, 0.0061233785247414825, 0.005557957775701942, 0.0022713962261557996, 1.2032866172708456e-06, 0.004321290039813842, 0.007511893163586174, 0.003637328878402875, 0.0035479881298625, 0.003310213989499141, 0.0032841037612494775, 0.002280548365225327, 4.2622627480699117e-07, 1.2610397845076698e-06, 2.0068543523170938e-06, 0.0018172229495592195, 0.0030614232268623733, 0.0006022888396089525, 0.003931979287478595, 0.006274620834063626, 0.0041323576333120796, 0.007363308515392166, 0.009611209053113426, 0.010154492481362763, 0.01566034430163497, 0.0068278753255638725, 0.010936012125776147, 0.013125794439999457, 0.006848173222386823, 0.006606232066508957, 0.012830106406232694, 0.021854205710140982]}