{"method": "diverse_init", "P": 200, "value": 1.5132539773642875, "x": [0.017634368745782208, 1.9086839851103373e-06, 0.006271794512031903, 0.012287831914037725, 0.0029668713825594987, 0.0027738550017003464, 0.012985065679274085, 0.0021318062404296124, 0.0047149985523820765, 0.008714661874976085, 0.008292736176289207, 1.979994942074588e-06, 0.00965366653081892, 0.008027948757673528, 0.0008955704630949789, 0.009206537491481514, 0.0061557393593711105, 0.0027071527611057422, 0.007039659726523932, 0.00690272471971399, 0.0033699439027497866, 0.0009561735617421433, 0.010885526958890992, 0.00046082513400939613, 0.0019127615495162101, 0.00301836709133869, 1.462930960118715e-06, 1.9371030330103727e-06, 0.004168338192996976, 0.0024071200185277262, 0.00998385987991917, 0.002915315211384319, 0.002959911680948858, 0.006370642491649461, 0.005937161901273876, 0.004122968172745116, 0.004891972060953052, 0.009381673296417667, 0.0017917326851630477, 0.008510013767193984, 0.008099541193173961, 0.003853566027542544, 0.00864704881800702, 0.00659949296974786, 0.006437412820096487, 0.0055659888312937006, 0.008534716490296515, 0.005165070782588929, 0.0057068618751086354, 0.011212280940179776, 0.008717382219034581, 0.0021421383761922, 0.01741998126083154, 0.0007090439570260028, 0.0010097684261074383, 1.5669758413882222e-06, 0.003884567921829405, 0.003238510413113523, 0.005135048979793604, 0.004371209700225484, 0.0018589266967558834, 0.006840201024875645, 0.00599788385434856, 0.000977630884459997, 0.009461200413817693, 0.003824936777628338, 0.005134975826678709, 0.005584241128347499, 0.006992224833718196, 0.006217641178754205, 0.006895516127608042, 0.007036101369169403, 0.008346282736171216, 0.006792422864764332, 0.005812067204641966, 0.01120826359870101, 0.00616717365939946, 0.007931244608189104, 0.012002861324907443, 0.009632292744281536, 0.010865467996790938, 0.014397439711855649, 0.011368936151521424, 0.009316485132167826, 0.008868956921789444, 0.010640658869936393, 0.010170787886361854, 0.013859990054636244, 0.006240009255565848, 0.007288193357954063, 0.010136345984246526, 0.006296843426053241, 0.006687413502997972, 0.00598665168722113, 0.0038559093752194447, 0.006996485958659157, 0.005383083416444021, 0.006291433491684961, 0.003689313110485721, 0.005206172843115544, 0.005485043779547221, 0.0035512835794922703, 0.0055246424655005025, 1.5152843432407208e-06, 0.0017746604900654018, 0.0014840543360482355, 1.6893843081069738e-06, 1.1677407147028232e-06, 0.007335116865824396, 0.012290739399553328, 0.007282490855845351, 0.000827248547465666, 1.2468328108067604e-06, 0.0073049711874665114, 1.9325196555854827e-06, 8.865415202262852e-07, 1.3448145570047042e-06, 7.947373987160264e-07, 1.5804216258052758e-06, 1.5513121683130168e-06, 1.781965838342797e-06, 1.423102973391166e-06, 0.00014476448421014642, 0.0023762585636496296, 1.3101319236047458e-06, 1.0306547977255061e-06, 9.971466536698585e-07, 8.776598856034799e-07, 1.259199401694824e-06, 7.787238574345364e-07, 9.213306026922802e-07, 9.311092338387621e-07, 7.867401080921125e-07, 8.672480993616835e-07, 6.890842943130056e-07, 7.187994547233452e-07, 8.046711136400825e-07, 6.423790304290749e-07, 1.0537318821925386e-06, 1.0626885558648989e-06, 9.78636772265478e-07, 8.282868073480516e-07, 0.007979489504884692, 0.01918118641795384, 0.020208912744174783, 0.007594259168398256, 1.7579335578420223e-06, 1.354534947818191e-06, 0.0027867442448468544, 0.0003971125951806394, 1.3585775323696204e-06, 0.001165230096632749, 0.0012992444119813214, 9.101316856250384e-07, 0.000640657548322771, 1.0724413780096296e-06, 9.158506520441237e-07, 9.87281656578835e-07, 1.0952572340756125e-06, 7.932453804562277e-07, 8.233731846524018e-07, 8.650802540114798e-07, 0.0019251129531239076, 7.342149435289652e-07, 9.14863779561579e-07, 1.0085323676603077e-06, 1.1779311402270265e-06, 8.673561740525149e-07, 6.105679982085263e-07, 1.0009990627277377e-06, 8.66700299552087e-07, 0.002488576229067586, 0.014428078030654172, 0.0204855685459129, 0.013930194967627487, 0.009675363323738478, 0.00959658781159066, 0.003662763451399059, 0.004724161084694608, 0.002817702019885045, 0.005235401922379942, 0.0031382015815779414, 1.5132885327527958e-06, 0.005123763985472346, 0.005060580964536535, 0.005164842155561446, 0.004309324725837545, 0.004700174790647598, 0.0030637627144485934, 0.00423114072872399, 0.005040143981764041, 0.0027984924657546957, 0.003234122113311808, 0.006556828561985953, 0.006612665305233611, 3.407329465917166e-05, 0.009692076479331516, 0.03237709363677477, 0.03956847549127305, 0.02551008222429316]}