{"method": "perturbation_sweep_t1", "P": 200, "value": 1.5104420352334826, "x": [0.015060726888357329, 0.009059917617553974, 0.004128955087958881, 0.003466377059206618, 0.0025313705672552317, 0.008546871255644184, 0.009599716836092285, 0.003898870813451803, 0.004936090235773461, 0.005731751386538297, 0.006902674000544753, 0.009413489556138936, 0.005760156512479625, 0.00519173756021132, 0.007106461825155517, 0.005222586426153393, 0.006818869328877747, 0.006420876699878668, 0.0051418796763519755, 0.008338952724663314, 0.0077811472360481545, 0.004923472392062171, 0.005357250263403048, 0.004223006079874742, 0.008439360841075105, 0.009333674275730664, 0.004712624232813284, 0.006038192813699005, 0.003941382851731386, 0.007153329877999102, 0.009601843644249807, 0.00347063569166805, 0.003939881066047083, 0.002996133473009887, 0.004235183873737167, 0.002072520071124727, 0.0009277047779441726, 2.221693512967491e-06, 0.0016877475887681656, 0.002012101168307578, 0.004191369788364211, 0.002743366648697437, 0.0002639969274984515, 0.0019049243308895056, 0.003538928503088064, 0.006827941202492358, 0.00761018152278136, 0.0037700577263179093, 0.0030447795510571436, 0.004865745941381303, 0.005997903364226448, 0.005683722965675811, 0.005367032923421582, 0.005196902802491695, 0.005390522159756995, 0.0069166401356186985, 0.004447554470794883, 0.005526934308582644, 0.006926200168804478, 0.007325265148713008, 0.009091866869403482, 0.00582980243831239, 0.007268478234419954, 0.008689007335088041, 0.00801761357395953, 0.009494780021617893, 0.005278810547290887, 0.008552427920648056, 0.010437904345109189, 0.010281475870734346, 0.011688849507377369, 0.007107243766948467, 0.007114933589552546, 0.012911386546274644, 0.012146876435125506, 0.012379464546380213, 0.012830627700701796, 0.008338113279122332, 0.013748038856586625, 0.014092419262539435, 0.00047173817294370116, 0.00494780556586995, 0.0012176956686360475, 0.006839252638114571, 0.0037189822192320488, 0.01169204318598933, 0.011631088538065354, 0.006763493502050535, 0.008360840772549174, 0.0021541746155184257, 0.004597877832065094, 0.006482136296495995, 0.0021817143001373255, 0.004743854614902068, 0.0037999375633027983, 0.004524043843773132, 0.005887736968760301, 0.002843981912608006, 0.003851837359108735, 0.004176443995900117, 0.0022916236734318598, 0.004180217892237777, 0.006189628913378934, 0.004172039970357203, 0.0018471787350349113, 0.0008830157698008111, 1.4171045439967803e-06, 1.100535452744001e-06, 0.0013558052891032638, 6.803285503746199e-05, 0.0011965234927911817, 1.046709311937697e-06, 1.0384896683096654e-06, 1.1327528368436194e-06, 1.2406464604873468e-06, 0.021090308003698682, 0.012668110242565957, 0.01343789249766929, 0.007935494378360547, 0.008943434993469803, 6.328892479632888e-05, 0.00014503731989198778, 1.4996165249865166e-06, 1.4186533778857072e-06, 9.564663272756938e-07, 1.0511357519764492e-06, 1.2746150560256554e-06, 8.903689807460396e-07, 8.738114592835284e-07, 8.871515386019952e-07, 8.718598193232991e-07, 1.079740813609105e-06, 8.85635073867012e-07, 0.0009184678023880355, 8.824859792059559e-07, 6.884535107957781e-07, 9.338583590020819e-07, 8.073534337195314e-07, 9.343026946471796e-07, 7.548237964021791e-07, 5.319040841248469e-07, 8.062550956542198e-07, 8.095604403857156e-07, 7.238461460332429e-07, 7.733023783804044e-07, 5.458180466214425e-07, 8.513821726758623e-07, 7.398600160804123e-07, 6.139616132109146e-07, 7.941054986737374e-07, 5.816443140391866e-07, 7.922513393069708e-07, 6.629833701588486e-07, 7.850365622438872e-07, 1.347200326136869e-06, 1.031468770065925e-06, 1.0019073502038856e-06, 8.601563560666376e-07, 7.628425162225331e-07, 0.0023831155677461052, 0.012249219436537619, 0.01613193567717097, 0.015046145942299855, 0.011814552005504115, 0.010352802686249512, 0.011009628521254394, 0.008447757000032068, 0.010179015865677628, 0.010837406896858578, 0.00308750692505476, 0.0030211248098119853, 0.00026018715889567786, 3.2190520609656766e-05, 0.0006640102004442076, 0.0013667916447749591, 0.0035833724548716165, 0.0031633384612250234, 0.0030295833932266337, 0.002622715225443542, 0.0021010258771798256, 0.0021621645158949676, 0.0024960305716260145, 0.008567942270449899, 0.0031591392280331835, 0.0029582334783010895, 1.3816394784898772e-06, 0.0003004897009804511, 0.00037136306492489195, 9.467500210775183e-07, 1.1029532714495802e-06, 9.478699720939351e-07, 1.5735443882220399e-06, 0.003938599408968716, 0.0009121351185702372, 2.044250781687824e-06, 0.026032897561712138, 0.021794881041416896, 0.030665125958958126, 0.02156966281324212, 0.03640061240199494]}