{"method": "final_interleaved", "P": 100, "value": 1.5142750472128734, "x": [0.08688288911673316, 0.023267562632881614, 0.032741745547279454, 0.02161621011367958, 0.009164318594023823, 2.0857456079064525e-06, 1.484740632810711e-06, 1.819547119373318e-06, 1.6311763770495575e-06, 2.893333705543919e-06, 2.5728590554122376e-06, 2.1968100433562527e-06, 1.8390289095295909e-06, 2.6391887971444488e-06, 2.592589506501989e-06, 0.004113029496337709, 2.476351242958203e-06, 3.2545576913999013e-06, 0.005037200847981467, 3.318298739354004e-06, 6.361698470448853e-05, 3.7989157820191527e-06, 0.00018188807358886645, 0.007936457400619594, 0.004292822814762057, 0.0018147775067980407, 0.019227135058650983, 4.0318926510778745e-06, 0.008460585595447037, 0.02517287357414134, 0.001774641411015216, 0.000119570367781564, 0.005434756436033078, 0.009721952328779643, 0.019801430781560322, 4.440557887315733e-06, 0.0016773917876984753, 0.0019439831968454133, 0.011129937843363077, 0.00941511749029939, 0.02098865121938127, 0.03003722431102238, 0.01972209183468513, 0.01951384363922522, 0.018699829611648826, 4.302702501643483e-06, 0.0013509428931150315, 0.011856862934171082, 3.2079650046917825e-06, 3.235806808948279e-06, 4.535339692774142e-06, 1.9812265774328956e-06, 4.6784127072894595e-06, 0.00029722313020447876, 2.2355337170819808e-06, 0.0011040402370236645, 0.0002816375016603219, 0.0018974823641594802, 0.000348475869925278, 0.004382370427742236, 0.012701017790559493, 0.010375458957808692, 0.02299181756649958, 0.020809494589199107, 0.017881362152853294, 3.2843533240244377e-06, 0.017689656089446316, 0.016042274018903683, 0.017638058028136623, 0.01401249518400154, 0.00960632966779444, 0.018449418256437436, 0.01618176056542672, 0.013448787440148746, 0.017879497829614996, 0.014745093855876901, 0.014642825620439228, 0.01781543601580421, 0.01727254568690176, 0.01758797854215419, 0.014063303753999437, 0.009510487882266267, 0.012578652242081467, 0.014646114006351909, 0.013266525315159766, 0.01221240080825082, 0.013637680307489521, 0.015197535407650236, 0.013187177585470194, 0.012881865233713872, 0.013174274597009691, 0.013729259241274942, 0.012317496609625542, 0.014094198846201104, 0.013527041505220291, 0.009034015961552441, 0.008675247016340008, 0.009079945549758696, 0.01215316946216339, 0.013719192901361347]}