{"method": "final_heavy_tail", "P": 100, "value": 1.5134655790335798, "x": [0.01523887127454369, 0.010248067702137568, 0.013709249963599386, 0.007226734572457048, 0.013563172035566553, 0.010858549082638565, 0.012542344245501234, 0.011152235409157305, 0.012119450890484966, 0.012757963168889523, 0.014574915587423494, 0.014705413971567254, 0.014215150134572398, 0.015157651654683265, 0.01278080355910737, 0.015082036753394463, 0.012958869559681467, 0.011744587081893059, 0.008869449566753198, 0.014560219189360754, 0.01604174856375054, 0.01905422854331747, 0.01509408639495919, 0.018590297292116625, 0.01680842138150687, 0.02081008559000737, 0.01805487687396227, 0.0103378956696824, 0.009284489061392575, 0.01370500889885491, 0.014716680125684145, 0.017395021266649217, 0.011372204393927018, 0.020597115861039902, 0.01636126745399769, 0.026418277051821388, 0.014847893728219708, 0.005563397641152502, 0.00362717738793119, 0.009574024348389993, 0.005717296571125012, 0.0036037497273666555, 0.005302651226957475, 0.0059607210117913435, 3.027063897185554e-06, 1.1493807601755762e-06, 1.6065101901019253e-06, 2.014252738579408e-06, 1.8890127817116965e-06, 1.3273846630811836e-06, 2.1225288653926396e-06, 2.282043839283115e-06, 2.4580461551763025e-06, 0.00043695068202276674, 0.02707934147509742, 0.024083500973675773, 0.01803771095924199, 0.008033680570263737, 0.015485528448009418, 0.018595650332927198, 0.004843842067357621, 0.019172563488611582, 0.018679371293760186, 0.006604721424119285, 2.279691270866719e-06, 4.083877219445095e-05, 0.002000270423335448, 0.00819767631296571, 1.6555396602098613e-06, 0.011994376631046752, 2.0186295861655712e-06, 0.02370326427641159, 0.030614985119266375, 0.003975751475237413, 1.3158722964171953e-06, 1.1411042039031405e-06, 1.3185501699382668e-06, 1.328605905316973e-06, 1.1448966690904406e-06, 1.4798414456660196e-06, 1.8569311588430247e-06, 0.004711334959943978, 0.0015867223773527572, 0.004342980421055434, 1.5757558360224647e-06, 2.2392034187704887e-06, 1.4225682559272435e-06, 1.1320686747579643e-06, 1.2539962654791567e-06, 1.2738821052451464e-06, 1.6461045670915994e-06, 1.7077410777579456e-06, 0.002855437842194038, 0.013305202531418583, 2.1735684851872758e-06, 1.940010487050825e-06, 0.036103804586101226, 2.4265495167108834e-06, 0.0422970595547345, 0.08026087419769086]}