{"method": "double_polyak", "P": 50, "value": 1.5184901117946645, "x": [0.08716897386737764, 0.03801509990883334, 0.044417650509606756, 5.300817342346698e-06, 4.501378402852747e-06, 3.378848736850111e-06, 3.4625156451688677e-06, 4.956138478822955e-06, 3.939757037077855e-06, 4.12157038184655e-06, 0.015223124640985698, 0.02096922371195679, 5.484980441131975e-06, 6.816142115463073e-06, 0.024990744576946555, 0.0063127596119949315, 0.011988656355669203, 0.011580914484461356, 0.020768677230961572, 0.05008321100087929, 0.030980370072651864, 0.04426249031244883, 1.118451253172517e-05, 7.49270293401179e-06, 0.00035896272024140986, 0.017598387259757466, 5.202715640281882e-05, 0.011342085026975373, 0.0031846248211519477, 0.007574785792021232, 0.0039247009729152715, 0.021114091848219156, 0.026704410537904275, 0.04722205225920896, 0.036685119833730934, 0.011214118494724463, 0.042663083933378684, 0.038633283044404075, 0.01745924401629244, 0.024277014543328406, 0.03281263526692519, 0.03431054771294768, 0.030249218681912698, 0.033362638757018934, 0.025480951466733334, 0.031215446276970014, 0.023375820397868022, 0.01738310307407526, 0.022654926863806355, 0.03232418359226472]}