{"method": "game_theoretic", "P": 200, "value": 1.5301122809790415, "x": [0.023372702331333785, 0.02086370417563444, 0.013462517251212185, 0.011034740680440351, 0.007004313669596589, 0.006234529212468095, 0.005149848415816599, 0.004513353898181808, 0.004764505816256849, 0.004919065825312148, 0.004885872466448655, 0.003813783850362208, 0.0030871770770592877, 0.0045600462588139415, 0.005535536971233953, 0.0021098881857793237, 0.0012380045361279487, 0.0005197387822568882, 0.0023471457085559324, 0.00129139177850618, 0.001881650510247542, 0.003331605432353107, 0.0023628014932474527, 0.0024737532021415075, 0.002232848843942522, 0.002944620779631824, 0.002254043348203434, 0.0017137056918699787, 0.008857627729780685, 0.02739736723717316, 1.3141667970205327e-07, 0.0, 0.0, 0.0, 0.0, 0.0, 0.0, 9.171273990667053e-08, 2.6253094989722045e-07, 2.0779764489847206e-07, 2.6832756874199767e-07, 2.535618163178314e-07, 2.947498871230264e-07, 8.863227954187935e-07, 3.345546724086964e-07, 4.6087754119376213e-07, 8.172160470306536e-07, 5.573601890395866e-07, 5.907224333929377e-07, 8.494058512281945e-07, 1.3308718730831661e-06, 5.25225663470036e-07, 0.00015384751776788543, 7.384987575755747e-07, 4.940628936392042e-07, 7.283864126078908e-07, 0.0041774327539194555, 0.0039214755227728, 0.003878621865617372, 0.00888796325927325, 0.006799749737885666, 0.004583292594170153, 0.0037447020581009853, 0.0038683077779096144, 0.004327439506096376, 0.003297694410228022, 0.0015055624086772995, 0.003999098400336423, 0.003268282606323947, 0.006261827482210711, 0.008150686954400225, 0.009306072390465455, 0.008835651963402308, 0.006340003159259736, 0.0017873025682244386, 0.002713536396083137, 0.004122867449505349, 0.0018654614520427324, 0.0016104690501645043, 0.0014772558646439682, 0.0030196444170146786, 0.007437059867340331, 0.003701308078899877, 0.004985706757964235, 0.005983612216520694, 0.007175152186073666, 0.005085551609237694, 0.007841280030277856, 0.019916277902232854, 0.003952958563313418, 0.003480334797954096, 0.003044711503756717, 0.0036671378741048267, 0.004257912235447242, 0.003820543682622875, 0.002079495602661883, 0.009543046448061589, 0.004760808040217952, 0.008363854845757943, 0.001961743085518197, 0.0008410556384825707, 6.124296465831898e-07, 0.0, 1.4057265057975707e-07, 4.197286824781921e-07, 0.0, 7.674293798839736e-07, 0.0005107549094885478, 0.0012686654293447381, 0.0011907427066100164, 0.0011662631415597779, 1.0215132003031841e-06, 0.0001581572264172245, 0.0018848816322126775, 0.0009121450814796933, 0.003751071629135771, 0.004784872363803961, 0.004300487255091753, 0.003865050367789612, 0.004727054804641368, 0.005309533848625874, 0.005594195781685198, 0.0058062500938668975, 0.0036018999907468908, 0.00387809194137946, 0.0035237212715392243, 0.0031414307402049782, 0.002848834008940972, 0.0021845719692944474, 0.0027279710672206926, 0.0027203190918860466, 0.0025312073989781697, 0.0035188613507756805, 0.005369982812468291, 0.004733479244420899, 0.003987302425647776, 0.0056332519015785095, 0.0055342970693837545, 0.005388086401442102, 0.005986381044694699, 0.0054453817982242384, 0.007154488036193347, 0.013371174841018433, 0.013570416607961875, 0.01312497140946674, 0.012263595788923557, 0.011857209928026722, 0.008220316082462785, 0.010724868387087635, 0.010824461303571637, 0.009377734018883083, 0.008677297200572788, 0.00863343366474859, 0.008552403795528515, 0.008804017426513528, 0.0058899341567036564, 0.008022520400286939, 0.005850790611237067, 0.008589522980874705, 0.008919540463716793, 0.009826156809448223, 0.009550576977706098, 0.010057249859168957, 0.00877152900035529, 0.008922316277197792, 0.007031482495157149, 0.007872657265188003, 0.0066510920905397215, 0.005544146407864962, 0.0051999603046117065, 0.0008296906398336805, 0.0037855483889084546, 0.005504219643509411, 0.0070843703380103025, 0.0068410070406106655, 0.006651978820584099, 0.006514284810706401, 0.007162647284198008, 0.007272379996483316, 0.007484148403052776, 0.007484480132139062, 0.006426094605845322, 0.008423954921259424, 0.008231510936032166, 0.006539032703420831, 0.0073641105231576545, 0.006614528413418956, 0.008237793280655187, 0.007023824810965666, 0.006314650235636751, 0.007147337370644973, 0.006583566343129683, 0.006585307465733528, 0.007761446546351044, 0.007686885003353365, 0.007625496412534076, 0.007445895443198208, 0.00882418520674563, 0.0078093969902153304, 0.010924687929162012]}