{"method": "multi_peak_subgradient", "P": 200, "value": 1.517073190119099, "x": [0.035407335887170224, 7.61923688571523e-06, 0.03113282644306458, 0.0143590950170106, 0.0022543904637623603, 0.022190333035811045, 0.00019142350337028025, 0.005331837076085224, 0.006028727188772376, 1.1447062767688183e-05, 0.011221647824592564, 0.005395385310124348, 0.005198544046627844, 0.007152517931080653, 0.0004572495882169489, 0.006645234088182749, 0.0008025971157000553, 0.0034749375195357586, 0.009627988652896, 0.0018820130972610107, 0.0050271057424669825, 0.0007240744154687357, 0.0029864411096300145, 0.008531899868906708, 0.007003802432496924, 0.003973493128880665, 0.008807306127986483, 0.014311561452074233, 0.004909460147788644, 0.027499794731730236, 1.2536212292705667e-05, 1.0654679496461937e-05, 9.37651599848817e-06, 8.9573027182552e-06, 1.0654311666156784e-05, 1.0465179509011326e-05, 9.105023280352484e-06, 9.751799539138268e-06, 1.0635895643939164e-05, 1.0224757454565886e-05, 8.811177968673728e-06, 8.761877412502665e-06, 0.00046995619303338566, 1.056677906643603e-05, 1.3469969355981168e-05, 9.461778967434935e-06, 2.0071170947419792e-05, 0.0046210161294751384, 0.00042720338210753265, 0.00015400718050528135, 0.0002529036228438029, 0.000617691656338044, 0.006113185743246448, 0.0008209474114351327, 0.0007282651723784809, 0.007759340621755021, 0.01622356415395502, 0.002073410895989947, 0.022971418551934197, 0.0003566348325337502, 1.07610860834675e-05, 9.027985541911049e-06, 7.84395117114122e-06, 9.238332096221412e-06, 9.56579042028766e-06, 8.9328235152454e-06, 8.140673201834562e-06, 7.913890338005994e-06, 9.222362722145538e-06, 8.583677230652497e-06, 7.624996523272326e-06, 8.436827280702957e-06, 9.157183110340666e-06, 8.914447176974323e-06, 0.00039175067742266723, 7.0895529733348815e-06, 8.551874852194406e-06, 0.001373090069063952, 4.862323546466702e-06, 0.0009832872116569457, 0.0019582497019931446, 4.032209449878697e-06, 4.614895452166228e-06, 3.1010807541782904e-06, 6.896662859248392e-06, 0.002064504996213488, 0.0015455469433314916, 5.932283690066669e-06, 0.006171665412912794, 0.00048580202814008333, 0.003678837468011332, 6.829803329602794e-06, 0.003995437436214384, 0.004214358957114348, 0.0019615274692270195, 0.005909633058555933, 0.002842659080624315, 0.00594055214414641, 0.004422609190911443, 0.002399308718829568, 0.00851010712075289, 0.002437557067176304, 0.005049051512613651, 0.005147662385401137, 0.003036691415168587, 0.008993695421129828, 0.004253999132263224, 0.006209489230102187, 0.006469051087281699, 0.0038305425644937635, 0.011216418848618107, 0.00349791335166888, 0.007234691070421528, 0.013405946906229819, 0.015338243860321168, 0.011262439501939467, 0.011536571729105419, 0.012553119785778461, 0.012529590215946058, 0.010779465208511668, 0.009067121960383553, 0.009210012874533414, 0.0073327636498600685, 0.007860682118324386, 0.007970578208695461, 0.009255202390791478, 0.007377972429248933, 0.007021865588628495, 0.008401520412318684, 0.0059843195409896915, 0.008229068649658673, 0.007954405286743568, 0.004530645097086045, 0.0058806175604174905, 0.006949576270280696, 0.007119486827696477, 0.0041351155948917235, 0.0035400988380102283, 0.00813019282832246, 0.004780269545587872, 0.002694454462594739, 0.0020513760471863674, 0.002984088430764926, 0.0, 0.0031250927369147925, 1.629829123922467e-06, 0.004217301096238406, 0.013505940379660254, 0.010752032999548144, 0.00435834429102199, 0.004051124913117751, 0.008477771294514314, 0.006507244866947255, 0.0038334615757927718, 0.007805878415323129, 0.01054754945231313, 0.006782196348421088, 0.002027415909037009, 0.004409843485307249, 0.010631275007846852, 0.007617447224580537, 0.003629495820088911, 0.006128909142915235, 0.008595360285442364, 0.0059204808261023555, 0.0014731354568512799, 0.004421615738624381, 0.01123171241502717, 0.006462703356096571, 0.0021272079016869515, 0.001627268138383398, 0.0021051796365668674, 0.0014692544255841833, 0.002357455757975941, 0.003695509715252995, 0.003582871622904068, 0.0, 0.0008239549555865592, 0.009275805172939296, 0.012443808024404777, 0.003236300321533728, 0.0, 0.00624696457831862, 0.0071772134134034694, 0.0040751121654264725, 0.00434574398431073, 0.008796443661271101, 0.008898244891330877, 0.0021402094896238026, 0.0019274080798570249, 0.007735087213432866, 0.009454845857548279, 0.005232263307628566, 0.003247954144759979, 0.00836035933199239, 0.00947852870935432, 0.0004282457310518868, 0.003334776397742775, 0.01493571397735056, 0.01634638999509646]}