{"method": "baseline_lse_polyak", "P": 200, "value": 1.5120530472659865, "x": [0.027631814756781118, 0.017449182500696783, 0.021840003798529756, 0.016505497027590414, 0.014510291289068488, 0.014305226092916224, 0.011318991139390094, 0.019378569830339257, 0.006742581452495441, 0.012888234873436004, 0.010549950000131163, 1.1557562269202082e-06, 1.0451523703032621e-06, 1.393564616194809e-06, 0.00010147308337871575, 8.103842644955261e-07, 5.263928975178989e-07, 4.5964823530136116e-07, 8.217038158206066e-07, 7.891873082353455e-07, 5.960599846525778e-07, 7.196916498739926e-07, 9.571603448118045e-07, 1.4447687610108818e-06, 2.684308510987141e-06, 7.840866692662179e-07, 1.3170446693798398e-06, 1.2984115185846012e-06, 8.869114311806496e-07, 0.0007475585136542151, 0.0032624218233019277, 8.604307665815508e-07, 6.418716937044051e-07, 7.601788755212936e-07, 1.1593668244357218e-06, 9.938629911649284e-07, 8.677925822474335e-07, 1.2496907967018667e-06, 0.0005722443740065753, 0.0005131309848913357, 0.0011384610181821612, 0.002074647910799856, 8.360064223749005e-07, 5.605688371867046e-07, 7.99314566083073e-07, 0.0005284656128961801, 1.4129709510096677e-06, 7.824066210344831e-07, 9.477640972564023e-07, 0.003389536274957485, 0.005450729501129367, 0.007078255357481965, 0.010705959864206173, 0.0022632008353168126, 0.007051804782674125, 0.00013772769718293034, 0.005651400935065328, 1.5305095039446353e-06, 1.4639119592122376e-06, 0.0010081133712070436, 0.00240792465140055, 0.008822231666053863, 0.00589290407596605, 0.005010502688233555, 0.0030164562877322164, 0.004865271463150001, 0.0041402266435184775, 0.010497385437716045, 0.000586026314982016, 0.0017498719027860385, 0.00648538511542309, 0.002173846778906415, 2.2005354394250583e-05, 1.3037668151931612e-05, 0.007124799338017481, 4.460676913172594e-05, 0.0014277554852592312, 0.0016441501425583304, 7.961968367922207e-05, 0.008120089581288209, 0.011794832705879601, 0.01100276479970201, 0.011205683183740435, 0.007913643341377044, 0.009327010650660184, 0.006450062229067017, 0.009741893785417038, 0.00903064805356544, 0.010895195328105347, 0.013489333865030309, 0.01145604375787185, 0.0060259857260929715, 0.0005742935011807584, 0.00020106783271019705, 1.1184460602469994e-06, 0.0015527134474626297, 0.00249867333755429, 0.0004828026158212175, 1.2454665409649024e-06, 2.4097992566022515e-06, 0.005855254774925172, 1.1693085905558031e-06, 1.5195206606033087e-06, 1.460382337965769e-06, 0.002322711693144977, 2.482999764851603e-06, 1.2293118183663408e-06, 1.0158741462179895e-06, 6.808014465802214e-07, 5.913200672392353e-07, 7.420435881849438e-07, 9.106715434716515e-07, 1.330947336000503e-06, 0.0010637593239123163, 0.0020744844126570324, 0.0007451624708108259, 0.0026569395340964776, 2.1858233543578944e-06, 0.0005236209091394999, 0.0016298795091407943, 0.00016555020634262716, 0.003312144458394841, 0.004729318002717354, 0.007995186771675253, 0.006067105182665652, 0.004741562740714247, 0.005429325363405454, 0.01144910139035052, 0.010385211306679226, 0.006725934854840929, 0.014508883049229962, 0.011192405541630545, 0.005067919706572415, 0.005887184833779395, 0.005700969724855213, 0.00791140135336368, 0.007932604170247281, 0.004209148784620946, 1.333664507889362e-06, 1.807611964687336e-06, 0.01655138047307403, 0.011258718966252947, 0.009446228574572193, 0.009224758995399644, 0.009318762299116446, 0.008929781256145667, 0.008371980383567554, 0.0032527489972778148, 0.009773542917279103, 0.0029861717669801566, 0.0008790487341355577, 0.00885036765960119, 0.012185737215698721, 0.009559218792052104, 0.009298108796457533, 0.009231013959472602, 0.009369806997284536, 0.011651028940517333, 0.00700027356166755, 0.009555292197432464, 0.004755753951278551, 0.0028515706511879316, 0.008110058745080119, 0.008274674395874287, 0.007079907896780408, 0.007635240680411615, 0.006160484025203998, 0.007569245798072903, 0.008313351819957442, 0.0035583553774920285, 0.0026085653211416356, 0.008434711080405775, 0.008475845248235055, 0.008362124468140691, 0.005648964361498949, 0.00615673908088529, 0.008986917560246116, 0.006141948763345562, 0.005174023382700918, 0.00736923297248641, 0.0062435133097581115, 0.00543755033172946, 0.0074028784333949925, 0.008347397425853128, 0.007318646981260683, 0.007192516523895321, 0.004429052080168881, 0.009765384209860886, 0.008261073646323764, 0.002875903793635911, 0.004726744064549682, 0.005244679191608426, 1.5476830518097053e-06, 0.005853567121745394, 0.003934340516555332, 0.006781786886884676, 0.005450577271491359, 0.0015029863029356071, 0.010291039593081645, 0.017676346712849247]}