{"method": "warm_from_best", "P": 50, "value": 1.5193224349157364, "x": [0.11719581174023852, 0.00975395235346046, 2.8445994305592316e-06, 1.7174078466981906e-06, 1.5917321639335942e-06, 1.5268442972038476e-06, 1.755020104736937e-06, 2.448922364256938e-06, 2.63320652234503e-06, 0.03048555964406942, 0.0083435435824157, 0.010475695536987717, 0.004764795129634041, 0.06441770234622451, 0.009009854206988584, 3.52672355619581e-06, 0.012401398098453937, 0.003379718435983653, 0.025004535407826923, 0.011880551170673279, 0.0006552802599160228, 0.00027125917920523397, 0.002833752373231627, 0.013482979578833312, 0.01833271509653133, 0.02477915415794017, 0.04203687222265075, 0.048393119309186224, 0.007183026320984072, 0.00777242687121696, 0.00037460455608391677, 0.0071299921754662526, 0.01980092829135582, 0.011602489109056289, 0.018981896398374904, 0.015116370896103298, 0.008429331501263026, 0.04033915926187891, 0.03681070975991734, 0.03184649457333939, 0.026501068354610552, 0.04261541345171898, 0.04090460901543489, 0.039222973007254996, 0.03667172816824553, 0.028769758207193977, 0.033090264390619656, 0.030691441499675315, 0.02901665784932411, 0.029212362054144455]}