{"method": "quadratic_approx", "P": 100, "value": 1.7556180339266831, "x": [0.036725381798282906, 0.002742417943737804, 0.02797270017195149, 0.005152558415434355, 0.005828025939001393, 0.00898340019098336, 0.004169193333112529, 0.008993912764818809, 0.015785882878564323, 0.006064744514431998, 0.0036057890146671866, 0.03250763294716402, 0.0034082560418370587, 0.008013111454153432, 0.009491831288370603, 0.0010358766732286658, 0.0035430393903630587, 0.01311964067220432, 0.007168146076250522, 0.02381818766169041, 0.010010252509702213, 0.010569906432201565, 0.02250323500203065, 0.007347002974935108, 0.0026454593137185648, 0.0007656224853067974, 0.014544229326120504, 0.006875672657135196, 0.006885294142596093, 0.00607297092215279, 0.01882236134548969, 0.013600589612362603, 0.01690150266042516, 0.016305179449085216, 0.03291435963927453, 0.0045984468268114075, 0.018301915032152425, 0.009431441358230461, 0.012695070309842363, 0.02059885182727437, 0.01821496143581851, 0.02174560241309292, 0.026112423462604933, 0.014598365753968494, 0.024740899145586595, 0.01097689708794727, 0.028416876688415714, 0.016838201434100378, 0.013075937544440796, 0.0032763687905621145, 0.0071934032786421034, 6.0859836718608375e-06, 0.0, 0.0, 0.0, 0.004082131326303189, 0.0050374714939562925, 0.004824417517969555, 0.005457182509848512, 0.001220752064867737, 0.0040995579207121595, 0.0, 0.0, 0.0037285335425616957, 0.0, 0.000304312422586518, 0.0024068135601814224, 0.0025701533902201864, 0.002497614660419428, 0.0, 0.020577818085492836, 0.01894726271261183, 0.007193403559570473, 0.0023668218998183312, 0.003598969475559383, 0.009850890809287048, 0.0, 0.007640545806281937, 0.0, 0.007957334266662648, 0.009500313139534682, 0.0084199255747646, 0.0037313527957992592, 0.009798005492045075, 0.0, 0.005253454989976315, 0.0024101041232697396, 0.00044404544277705776, 0.00307612908486122, 0.015137927664126923, 0.003102410519449845, 0.010990846149404758, 0.017445146216102752, 0.016122721229433454, 0.023213715020133016, 0.01192860316990791, 0.01481257950698525, 0.01121711845976402, 0.019112325350583496, 0.034206173030221824]}