{"method": "peak_variance_penalty", "P": 200, "value": 1.5177452132739002, "x": [0.023597763429888695, 0.014954822432266196, 0.014698139972434063, 0.010003937892460846, 0.013789448582755935, 0.012944876613032775, 0.009030325443779769, 0.013634242878863985, 0.0009078359547150778, 1.1169804040884463e-06, 0.004154960040536363, 0.009231496302769123, 0.01014400538508256, 0.0012657425107314747, 0.0018967505839871418, 0.000850975193941065, 0.0015703825218447568, 4.882602664445646e-07, 0.0, 6.758229369709767e-07, 1.0965538305743064e-06, 4.5665771148991414e-07, 2.98722125831637e-05, 0.00941199364796333, 0.009894206648758067, 0.004966015093581745, 0.0015183296731342967, 0.003095784633845825, 0.008429053678364131, 0.006709532907213194, 0.01101173204473549, 0.006262707017845033, 0.003248366550294872, 0.008904697061100083, 0.01138416434650567, 0.018064274643171202, 9.40155475262326e-07, 5.411200445763604e-07, 3.1533486474262176e-07, 7.594743631676787e-07, 8.907976715352832e-07, 1.0481083327967178e-06, 1.8841286572924443e-07, 7.372060973784436e-07, 0.0016633118694401963, 0.005470341706732813, 0.007849299626880489, 0.008143578094466968, 0.013449616139792814, 0.00824179661697034, 9.91290966491287e-07, 1.2092546992178521e-06, 1.238751835790235e-06, 0.0003203280299463431, 3.936671277877363e-07, 4.3430823074180166e-07, 4.1157191034740825e-07, 5.446285053070269e-07, 0.0, 8.27039639956925e-07, 6.903028304059362e-07, 7.614466449440058e-07, 4.853462465360608e-07, 7.419564077950813e-07, 0.0019105890060978593, 0.00018709096278374213, 0.003676260242710141, 1.3999274179275872e-06, 6.890524844031062e-07, 0.0, 0.0, 0.0, 0.0001789344370532477, 2.5266483747442766e-07, 2.4132203394096097e-08, 0.0005976738837710777, 3.4551168116686934e-07, 3.942878594378362e-07, 0.0, 4.279852212589702e-07, 1.4422836169577114e-06, 0.0003793995226782772, 0.0021361123936423088, 0.001369878790971465, 0.006253846724373718, 0.0052634126668499965, 0.006527679823676309, 0.0025465776268766356, 0.0005079729872638517, 0.007597362326615962, 0.006549127351739483, 0.0065452722329244995, 0.010081932637898427, 0.007684321169245544, 0.008089152562201008, 0.005781825721738436, 0.01358418871580955, 1.878990010555652e-06, 3.869295774792681e-05, 2.4734590413714577e-07, 0.00036467561409777145, 9.894669619254956e-07, 0.002103201557083966, 0.0, 0.0023315532170972014, 0.003541102906662574, 0.0016450559896044074, 0.0005477875064579063, 0.004223068899583597, 0.003134864769305124, 0.0031605688751270705, 0.00543883571939223, 0.006633982467526805, 0.0036956837069149905, 0.004106470739839929, 0.005156417783369586, 0.007634530160572604, 0.0052860125667094325, 0.009470988211645345, 0.008905532481831013, 0.009191949487339616, 0.011452973301891288, 0.011580131138146932, 0.016426626721750773, 0.009216582439014106, 0.01068307369539258, 0.009654282918212895, 0.009440398630448458, 0.011672346408304375, 0.009165508179715802, 0.008217667832370764, 0.011611210560363978, 0.014860237584302107, 0.009334941062290582, 0.008349687113225424, 0.007258936840869833, 0.0030678570813649046, 0.0019097705841547808, 0.011926839171632187, 0.0046023692362784285, 0.00858802124789161, 0.010144739604540409, 0.00499139870920088, 0.005742281079775374, 0.006628138916289601, 0.006124011035782932, 0.01012752915459063, 0.009694461897796608, 0.008374838474599171, 0.0061049618809028905, 5.703956093560514e-07, 2.0632036796477895e-06, 0.0030822249360092876, 0.0007259824171309247, 0.0016061701349724979, 0.004119218617887121, 0.0035813388787951147, 0.005233672163190194, 0.002266842324986813, 0.008099506953851171, 0.007298160108915249, 0.006049000204176206, 0.0031216325837465806, 0.007113433776711952, 0.00504712925295293, 0.005794596466605072, 1.8523781179457098e-05, 0.0023783615405502207, 0.003878813772263598, 0.0038864476744412194, 0.003138743171493526, 0.0009733293023283783, 0.00898185831253144, 0.0067348172245510415, 0.006350267704089611, 0.00048082311400357894, 0.0014414865105696773, 0.00801837248823483, 0.00626798345444254, 0.001708594400232806, 0.004883303641478302, 0.009313695850690503, 0.009850401144543358, 0.00907490913124235, 0.006710833503711854, 0.009600748458235685, 0.005433999188518244, 0.001597859518514294, 0.0027452472192118845, 0.00476903606240377, 0.011037702611360027, 0.011337330997189261, 0.0007509983915138921, 0.006338428673050931, 0.003009811993177433, 0.003255655397228079, 0.007996739329686474, 0.0082745356023963, 0.012325880407437111, 0.022510724021823157]}