{"method": "differential_evolution", "P": 200, "value": 1.5279447615064554, "x": [0.017769232553262626, 0.011947659547749536, 0.0065470124449120695, 0.006509871570849156, 0.0037302826378671863, 0.007309853521569165, 0.008752997880711266, 0.00962747904296847, 0.006515684809923642, 0.004862400354893903, 0.003441260326831312, 0.00457489923631273, 0.0022022911997692197, 0.0030758791054191887, 0.0077176588355734686, 1.3973936386366168e-06, 0.0037757014065777127, 0.0012222092218445173, 0.0027707183673196106, 0.0029340945500228935, 0.0021897371446684484, 0.003715768441552712, 0.002953493363125918, 0.008727523487211477, 0.009243990147809519, 0.0031858672842456624, 0.002099149908939626, 0.008668379299017794, 0.006976951332758856, 0.008320602583438, 0.009033645179094954, 0.0017634075348752507, 0.006219111774060787, 0.004114551506205315, 0.0070549793342726186, 0.009761543918542809, 0.007304662764098236, 0.007923404083169263, 0.005411977625481192, 0.0008546169547947323, 0.0006308889757900165, 0.002544085534174292, 0.0008794092042468905, 0.0025370931115245073, 0.0030328712532580637, 0.0036387734062996017, 0.008060305583601636, 0.0062442906234375616, 0.006565796692648065, 0.004479746059363817, 0.007604218974358594, 0.009173175975661111, 0.005896373051244101, 0.005856262564352036, 0.008586056508913463, 0.0075303856658020555, 0.006479817513918442, 0.009278183658052802, 0.009415660463423136, 0.008084579796253344, 0.005985821522076017, 0.006305145287749479, 0.007840351764952997, 0.004415806931044424, 0.008645853824971718, 0.0070662710272954435, 0.003986630744559183, 0.0026151087345323305, 0.004901132739248741, 0.00641968185039774, 0.005811379952483823, 0.0045509392749732685, 0.005317118044592963, 0.008956889007508505, 0.00507675888144828, 0.006447205946150125, 0.009147971617715404, 0.0061134011411101965, 0.009029364170223628, 0.009209429308388454, 0.013125253462174283, 0.015376544285350653, 0.010787550667515817, 0.015688322556396725, 0.011737145554610817, 0.010210453458401271, 0.006889707241789657, 0.006329452617790774, 0.0074476971185386915, 0.003961370196524308, 0.008592358003938821, 0.009418192936075827, 0.005771155592772342, 0.01044798479989807, 0.006416210515084248, 0.01119481425807215, 0.006471548640680292, 0.004998956673855065, 0.007749125881890471, 0.0027295396440787617, 0.005364939773890898, 0.0037312334109901976, 0.0023143371429247346, 0.002501527233502357, 1.0887937976982598e-06, 2.286852926176597e-06, 3.732168429493448e-06, 4.3794220058321633e-07, 4.4247903817852107e-07, 0.0010326430577195735, 0.0017796851663758868, 0.00131942343652418, 0.0030150593862202824, 0.0030293774153099264, 0.00045744798625645084, 0.0005679403920976223, 0.000975322822264942, 0.0006097633280273482, 0.00011567230760817228, 0.0009380911286197103, 0.0006353253202313084, 0.00018630175694386408, 1.3411247479618422e-06, 2.0723544142710597e-06, 0.0014588786403831506, 0.0022793548345351492, 0.00412949610161976, 0.004291517111497311, 0.004062098618919937, 1.770857109253608e-06, 0.002044498720616873, 0.002460807885073405, 0.0029371926850072227, 0.0010610513695979219, 0.002854961705091569, 0.0019798991582061867, 0.00297843665869918, 0.0009539976634046697, 0.0021413076486242744, 0.0017265895869711678, 0.002646229753241821, 3.0779785202326917e-05, 0.0026155910770661933, 0.0012602512673431376, 0.002775204206163809, 0.0013680415950165596, 0.0037630171597937867, 0.00195349721453045, 0.0024083337207470917, 3.7465835477526493e-06, 2.9654598591872434e-06, 1.410749091796328e-06, 2.0650700457621658e-06, 3.3688474719345274e-06, 0.0032989970841232103, 0.007269699574857622, 0.006754165801451771, 0.006208002558652371, 0.006389004852379748, 0.0032697728402713913, 0.0012575628455750347, 0.0012690885845138172, 9.100564323934678e-06, 9.534866529052378e-07, 0.00038034041002021776, 0.0035655027429100155, 0.0037392094178004534, 0.0020711434547944344, 0.0, 9.369360598767862e-07, 1.029530708932316e-06, 0.0028842170298435423, 0.0007335072871124704, 0.004730151071239566, 0.007069600597352837, 2.587120162936817e-06, 4.2475583494456065e-06, 0.003937107362330512, 0.01278678805759721, 0.008002060268982557, 0.011173492643764719, 0.0063399661949373725, 0.012374467860181034, 0.007139883918758567, 0.008370997247562248, 0.003934729834922018, 0.010594517351941909, 0.009969367371210394, 0.005957039526400162, 0.007782620856276184, 0.006973153472455733, 0.006689673540553341, 0.00195980856311218, 0.007281457607915338, 0.008173023438327653, 0.012751280756771856, 0.008059196803898992, 0.01600118714129864, 0.01099488798281081, 0.016547048164728555]}