{"method": "random_smoothing", "P": 100, "value": 1.5283180334346165, "x": [0.033795245940332286, 0.020445925320064763, 0.00490855875687229, 0.006130316511405591, 0.014070235581725385, 0.004409873501961461, 0.011098972891537015, 0.00711845407938734, 2.3562554815802197e-06, 0.008831140817679604, 0.025024576522110504, 0.005888051249010253, 8.294260420975106e-05, 0.0048158222146804765, 0.017083447506250453, 0.012520660565747592, 0.018877986701326153, 0.010861240523782942, 0.00810069274750637, 0.012114306050724824, 0.0141261855729993, 0.0016242719383388116, 0.002914887703286864, 0.012620945535693748, 0.016401330358261332, 0.01093666781139669, 0.014528973956794682, 0.014529850076816944, 0.010676617713837652, 0.016281740564398142, 0.016948149726902548, 0.010189513128538474, 0.014315819428931406, 0.012776704945728292, 0.013222140915024376, 0.006963647494575889, 0.015127527501319281, 0.009407311476552277, 0.013312944611027099, 0.01617190676361933, 0.01512222735824078, 0.04352149124633596, 0.018184955251649357, 0.02150478970755881, 0.019199178039127105, 0.014224906794815816, 0.015553052092166434, 0.00983561083257417, 0.01250111321979736, 0.013511350037399296, 0.0035104495156938645, 0.0013913282830540269, 0.009974546025398512, 0.0018031905694183706, 0.0027781523485414243, 1.397104377894406e-07, 0.0, 0.0, 0.0, 0.0020921461597123423, 0.004948252907736558, 0.005257525244526204, 0.008118856506413504, 0.0077932881869388106, 0.004656669728937226, 0.0033434997881719142, 0.003319277266137683, 0.0003796338310015663, 4.032491089457991e-06, 0.006783217643240466, 0.001945855883754242, 0.005053096575090593, 0.0026921627137117365, 0.001358584632882263, 0.0030087049859484714, 0.007365825681895376, 0.008575712703099243, 0.007085569430214002, 0.009412031152564318, 0.0027315241809184893, 0.00475437500224604, 0.0, 1.6706178175722693e-06, 1.7727004889169228e-06, 0.0074963695447751635, 0.007530346760280448, 0.01195137102461989, 0.01113694209441466, 0.012095799835569594, 1.6960060803311805e-06, 0.016514499945612195, 0.017668506025922473, 0.017465142221283852, 0.015362488107122232, 0.015089193002668849, 0.016817907704366544, 0.018486874845621653, 0.01948340192906064, 0.01740484718142734, 0.022936903158588436]}