{"method": "baseline_t0", "P": 200, "value": 1.5119674437372004, "x": [0.05270361425087655, 0.028713143743124427, 0.00957511393352903, 0.016430754177689518, 0.021646972097539432, 0.019302913565187405, 1.6243366330049827e-06, 8.052162333342135e-07, 1.2380349449818194e-06, 8.362014803358274e-07, 7.914503406716511e-07, 5.522455592382502e-07, 6.285957227785472e-07, 6.571144621781199e-07, 9.91113284182937e-07, 1.221317587273291e-06, 0.00018037027138350533, 6.90482548087556e-07, 1.06829217096817e-06, 8.166617054669167e-07, 9.305663348602321e-07, 1.05490779625361e-06, 4.923426467531303e-05, 1.5232339760786179e-06, 0.00028038964434613887, 0.0028029483995328677, 0.002624056020620164, 0.009683412691064232, 0.014968964151999836, 0.012074403680182392, 1.2955373220311183e-06, 1.2200605445227589e-06, 9.10481634570942e-07, 1.1419158108211404e-06, 1.2160316593122551e-06, 0.00044036418299489566, 0.00013824127566332216, 0.002423843323990495, 0.001327696989745095, 0.001914014427642124, 1.3241571404366433e-06, 1.1730989968711467e-06, 7.169505223337756e-07, 5.734420538804555e-07, 8.558903237852818e-07, 7.808852162620032e-07, 1.5706372329973207e-06, 1.0719337551476472e-06, 2.0683840013515473e-06, 1.3628136052615818e-06, 7.775643317921376e-07, 8.725840147300522e-07, 8.490256838866407e-07, 9.630397669134166e-07, 0.00014187143110690182, 0.002865407774976921, 0.0028987870700617523, 0.004232321373277653, 0.006115708179221534, 0.008124291719665375, 0.0016633370084719811, 0.0011787976040481263, 1.0091215041105684e-06, 0.002269287920289756, 1.0117966471636495e-06, 0.013593223035708372, 0.003055940788436718, 0.0058297001631785654, 0.012832746991893653, 0.002236118120797469, 0.011271234329911863, 0.012691676688709748, 0.006958078336150776, 1.328285810649587e-06, 1.9629388478469528e-06, 0.009237213475739909, 0.008790226223451, 0.003521157341140082, 0.005110606013669782, 0.00820280832526991, 0.009432194484934929, 0.005021514636240209, 0.0025395205374750505, 0.006032500831433154, 0.008953829209433972, 0.006370943087198739, 0.009400001549681607, 0.001968057048970887, 9.672937315766368e-07, 9.33478848616298e-07, 1.110608962462206e-06, 0.0002771703034265546, 0.0011321172934057786, 2.596302165636431e-06, 9.830295338893105e-07, 1.5354913641547923e-06, 1.207963872995187e-06, 8.861312232857217e-07, 0.0007395173404154432, 0.0005433840562133668, 0.005290475833896669, 0.00784868228184558, 0.009921171169301147, 0.009713449535081789, 0.013163896470080582, 0.010601869940999993, 0.008813490190761204, 0.0061686697020620785, 1.3372206554620092e-06, 1.236406691827972e-06, 1.9010735217069279e-06, 1.0023214589156746e-06, 1.5207234543828452e-06, 7.130933946639918e-05, 1.4044505633550694e-06, 1.790687196548486e-06, 7.593696025717754e-05, 0.00027720580726366513, 1.6951526527142458e-06, 8.058558247677663e-07, 9.713371042665467e-07, 1.248460063187598e-06, 0.0023061918847396314, 0.0010127123635971962, 0.0017729090413176236, 0.004966807656706445, 0.007012731732339114, 0.0034431816983390966, 0.0026950494713392486, 0.005176391221462313, 0.013367893289295569, 0.0058700966973983465, 1.6288524790151232e-06, 0.012986103738207225, 1.943806892041618e-06, 0.014137301647647444, 0.011603133626261706, 0.013684969858380991, 0.008002802601794493, 0.010428277768770427, 0.004514984284942652, 0.008019875930410602, 0.00870355332807754, 0.009772173178832076, 0.011142453367401297, 0.01088808640132714, 0.008724048897739499, 0.009267089319959131, 0.009076569353583615, 0.008768352297063946, 0.008333699142780128, 0.006539290959526359, 0.010083351596680928, 0.008943460976573524, 0.007207072541798964, 0.008280984752945367, 0.008194657965008194, 0.007165675495166481, 0.0071948067306400335, 0.007426841501083768, 0.007309177405097951, 0.00645746215152944, 0.005444669936155283, 0.006005206760986969, 0.004497879217032653, 0.007291431795133851, 0.008137401060169778, 0.009255961760650258, 0.007554631569991882, 0.005896400536933421, 0.0028102553398598874, 0.0038789635559881553, 0.002278158050541024, 0.007978676923273283, 0.007236623744350105, 0.008797152538422264, 0.00739893208316678, 0.00722374414563722, 0.006664963341474869, 0.0073755520811328084, 0.005483177708248278, 0.005486957092705779, 0.005960890539262815, 0.006486296508375199, 0.005918989581058817, 0.006292295452397687, 0.006413825433791189, 0.005853241319940165, 0.006119454889117226, 0.006920870839295936, 0.006688271879148054, 0.007870653847158316, 0.006958821907297175, 0.006801197802337101, 0.004383935191150054, 0.004677004362980573, 0.005228116513342513, 0.008823232184552582, 0.004376777081873695, 0.012521071937022938]}