{"method": "lse_cyclic", "P": 100, "value": 1.5153196551545747, "x": [0.06666719719513615, 0.03889272916276621, 0.037492384119441086, 0.0, 0.0, 1.0715876373181027e-05, 0.0, 0.001694617544627861, 0.00823942225947749, 0.009802624464381605, 0.005628725062828226, 0.005500768306533612, 0.0009400498787492317, 0.00076850164729484, 0.012002692000346381, 0.0030109552589162544, 0.027632690939840415, 0.025242900093502, 0.0224499740564275, 0.027535694572250826, 0.0, 0.0, 0.0, 0.0, 0.0, 0.0, 0.0, 0.0, 0.0, 0.0, 0.0, 0.0, 0.0, 0.0, 0.0, 0.0, 1.6206399192586973e-07, 0.00027461392430316503, 0.0, 0.0, 0.02259378203963957, 0.02417123016301979, 0.018703232372111918, 1.1300875500177398e-06, 0.0, 0.0016520765011875888, 0.001407435906939927, 0.002486719306989243, 0.0060904186206389615, 0.009812422685709555, 0.00926670514413846, 0.010221794071258944, 0.003042638205699883, 0.011707801655832451, 0.009984801828433466, 0.010192407429044658, 0.0215477843334786, 0.01636619529168171, 0.007011766478698466, 0.0, 0.032362727659301094, 0.02501576057886051, 0.017031030284565433, 0.02387689981720284, 0.020023852372875288, 0.014383145353091608, 0.019304118410005792, 0.0163716060181432, 0.014762684363061431, 0.014085279786306115, 0.012724033202490017, 0.013484892697285455, 0.008480510249039787, 0.012104367554926589, 0.00946795318492963, 0.012798225535095848, 0.009318825175001044, 0.005846223237294466, 0.008912907213646988, 0.0, 0.004433244301197932, 0.008050572785631746, 0.0, 0.00977407454895273, 0.015537403098380465, 0.00929789908789181, 0.012976583003323192, 0.01536448511273497, 0.013911846585646103, 0.010483127898997201, 0.01320702550453905, 0.012864566112966134, 0.011342478812144492, 0.015403390782421481, 0.01177220485108383, 0.01302910058902216, 0.01364595307784892, 0.006824285196154857, 0.01438547849707835, 0.017293476911619914]}