{"method": "very_long_single_t0", "P": 200, "value": 1.5123063389101747, "x": [0.02847497442388869, 0.03467744171274799, 0.031153282068700487, 0.009384598824429383, 0.0053456388178912745, 0.0008005620323767014, 0.008796457060747317, 0.0006019511974192375, 0.005050405050385764, 0.0039016628116942155, 0.005070268769393469, 0.0031070132518057772, 0.005646841816582946, 0.0037581553860859232, 0.007820480990130703, 0.005658967971487524, 0.0016611060955156155, 0.0013993591231923432, 0.004679208600163679, 0.0025831237154808726, 0.0016804415965859785, 0.006629764538472299, 0.008452723833697726, 0.010143348486833044, 0.002831143308528888, 0.009702903238884706, 0.020386330775225954, 0.022082980473505247, 0.0014079175436463108, 4.588932146303991e-07, 4.228718871329834e-07, 4.835095865836118e-07, 4.382761197238465e-07, 4.5027811132322667e-07, 4.7283276369397504e-07, 4.739663063819478e-07, 4.582165961805768e-07, 4.519641466167283e-07, 4.656058011616246e-07, 4.4144603070716263e-07, 4.352630219993226e-07, 4.780089601378294e-07, 4.686270848836087e-07, 4.572118373659318e-07, 0.002444414236829339, 4.964714717132491e-07, 3.265204215985371e-07, 0.0033837442431060407, 4.495870879986675e-07, 3.7606117093728066e-07, 0.0010220906388746166, 0.001690879200076433, 3.531564857473779e-07, 0.0008294303186605354, 0.003129535824704624, 0.01737122752108537, 0.01982887830288931, 0.012741144852339585, 2.8146722754468654e-07, 2.5490340066785555e-07, 3.0270433809363085e-07, 2.566233995650184e-07, 2.136540598593599e-07, 2.820052723864109e-07, 2.6618188835171586e-07, 1.8593263318880745e-07, 2.923191434677587e-07, 3.51847464901511e-07, 2.2763413955747814e-07, 3.2226201102957047e-07, 2.941433952162878e-07, 2.734826835925138e-07, 3.975004657677261e-07, 3.172761201873891e-07, 2.6844102968590114e-07, 0.001026192592292913, 3.298480012726855e-07, 0.00308161438831878, 0.0002192262014715469, 2.8034681859087154e-07, 0.00019245913811119825, 0.0, 1.0967554724045096e-07, 5.3245563167060074e-05, 0.0, 0.0004614790360667439, 0.003478814142551424, 0.001221558247242339, 0.005149167212809017, 0.007916668219679577, 0.005034443191548501, 0.007696921379622809, 0.0, 6.033719526692254e-08, 0.0, 0.0007375529151708722, 0.005036044537318129, 0.005678715312610137, 0.00368378390189804, 0.004989271037432751, 0.004094858636083638, 0.006660782106613292, 0.005789456329747875, 0.003982079653307675, 0.006099167464778739, 0.006662796096653779, 0.0027760014580991885, 0.00836976728912596, 0.0034663746792855912, 0.009462838348660985, 0.009604281470937896, 0.010090861079100618, 0.006468294108466789, 0.012658113347665437, 0.010377410882995514, 0.010580764015879852, 0.010975432013163406, 0.00980877890894115, 0.014695118959658323, 0.010414285763945458, 0.012025567224095483, 0.009621868005353522, 0.006465327988166447, 0.008516617067060514, 0.007427672274752941, 0.009675156525220333, 0.006149289107035084, 0.006891443457966703, 0.00769699166353089, 0.008126655535872922, 0.005519915188143694, 0.005992621042684263, 0.005704300755407761, 0.006378875445027092, 0.005414709264453361, 0.006103541924767192, 0.002132443778017204, 0.007368850128048141, 0.006084262141200156, 0.0020188758032188827, 0.0048592774090795736, 0.004109046866611494, 0.004481354010969856, 0.0008824492128094793, 6.332780418661803e-08, 4.945429836701126e-08, 0.010911284493705325, 0.005146096375451137, 0.008486532817594624, 0.013923855314798304, 0.0023939511372303088, 0.007359909405444677, 0.0061620313996802204, 0.009645952234752817, 0.003725375493344387, 0.0056520297729591926, 0.010729785534252715, 0.0038020570415728027, 0.007299356945431305, 0.008290227805300705, 0.0023518087385634755, 0.009353203854756739, 0.007360228435522797, 0.0035586370892099436, 0.003951232445343013, 0.008795988580817444, 0.005105708598015604, 3.287997950273464e-08, 0.009256508291478274, 0.004385259221328843, 0.002887823764657224, 0.004594501792199806, 0.0008627181429555919, 1.4915310824365298e-07, 0.00053610157186154, 0.001991047060015077, 0.004306417833530201, 0.00836908616451673, 0.0009659710546285028, 0.003720288307537409, 0.00800742578611352, 0.007009461668726211, 0.000778460524581284, 0.00873110102429616, 0.007144062926368294, 0.0017707486219634895, 0.009379155539711642, 0.005494320779680143, 0.0025111808363290048, 0.010476859597877903, 0.005045724553301098, 0.0037182684757590895, 0.0077717956032827985, 0.006684767443154815, 0.007598716726446466, 0.00028526331710352845, 0.014223321777079473, 0.004689162140752883, 0.0003843269930678289, 0.018728046672433236]}