{"method": "basin_hunt_t1", "P": 200, "value": 1.5156955230629099, "x": [0.020520232504451598, 0.01717314518264781, 0.010999100021945988, 0.004315914009420854, 0.0, 0.00031209579938693786, 0.0020846796910367945, 1.515065165557669e-06, 1.448244309263005e-06, 0.009460631298891643, 0.008440214226655574, 0.0006755153446609342, 0.0008846823311434077, 0.002836359314123787, 0.005404626061111371, 0.011200800891094998, 0.010118268486952908, 0.006442256951758863, 0.008434376721511445, 0.007146891574967553, 5.160674828459949e-07, 0.0020474933395399314, 0.0017244338983631276, 0.0006188150404019098, 0.004570298534184769, 0.007870980267329564, 0.00457738433584268, 0.006683699480006282, 0.009468326138524705, 0.004893762423941721, 0.007858993761133746, 0.0070186056695524775, 0.003716884328374944, 0.005847297514566678, 0.010690120095067184, 0.004231843424538107, 0.0046857203383121075, 0.0025592420719169296, 0.0007020259155102301, 0.00028280731151110315, 0.004592736392181764, 0.008259693984805727, 0.006560498703347239, 0.009507981061606897, 0.0015169845411555159, 0.004087629569878047, 0.008719549488145541, 0.004366750449329946, 0.002354682520575909, 0.00449952755359812, 0.0009925687503396748, 0.0033588564849816372, 0.006820120857928826, 0.004316583825666674, 0.005386029402743151, 0.001616776270939875, 0.0041087380650170775, 0.005127088200168252, 0.012646595567821071, 0.011010636635638206, 0.008037182100562135, 0.011006616067550438, 0.0101899458481219, 0.002529857150453084, 0.0020514489470294397, 0.00019426224199248153, 0.007712728571579736, 0.011959237687660416, 0.00944533168897982, 0.0013365731115088124, 0.0045705879773456125, 0.010712625225628805, 0.006980613203873264, 0.009832982789245357, 0.006464169193726036, 0.014556973317506404, 0.013887481239710103, 0.008021787127838475, 4.555121077937306e-07, 0.0018884347015413112, 0.007800238424521132, 0.012498324487788107, 0.002625142534596858, 0.00944037791319812, 0.004946526148611892, 0.004938296117746721, 0.012137715132028711, 0.009670867157055256, 0.020250748964570374, 0.0023184398149736565, 0.00963180564461171, 0.012066936379609684, 0.005891334151520157, 0.014486043467108564, 0.010645765930538394, 0.00644220904622067, 0.011134269987257169, 0.00869476383259469, 0.00804391836893545, 0.007006173464097496, 0.00037551562711497614, 6.837927411259379e-05, 2.572950607643155e-07, 0.000997559479778416, 0.0020370413728531666, 0.0009303597118447435, 0.003359150379621883, 1.653686011018075e-06, 0.0024628816407675064, 0.00020958656958131746, 0.006999438166948706, 0.0013306519706289032, 0.0018864429569028175, 0.0010816382727474618, 0.002996022194117727, 0.002849108051286656, 0.0009240482701669024, 0.0031650909863620313, 0.00011563162247586991, 0.003029132767171463, 0.0011507789603045083, 0.0007984302981906613, 1.8463164407931787e-06, 0.0002712972538022995, 3.2262975654853326e-05, 0.0001094251784618066, 1.8739099891593588e-06, 1.6954231439902727e-06, 5.820288311377798e-07, 3.577783992448512e-07, 1.4778632019329438e-06, 0.0, 6.506368736265187e-07, 5.364944169653996e-07, 6.814784787019634e-08, 5.876760693314809e-07, 1.5662766348290734e-08, 3.216856928332122e-07, 9.370926904991996e-07, 4.936535853572102e-07, 2.318327530599226e-06, 9.76911477913601e-07, 0.0002830861443855207, 0.0012483140203691195, 0.013453499820352134, 0.00613109966629558, 0.003399307647623532, 0.0013568598115018045, 0.006265558287192647, 0.005487943566160306, 0.0059963421439667985, 0.004900098009914902, 0.0044509715570285905, 0.004035704136512356, 1.0765354188235883e-06, 0.006690075827214245, 0.00427693252489329, 0.004265496015128275, 0.002039907834806254, 0.0019925649813072404, 0.005308007012602221, 0.000827565432039858, 0.0038730706668482916, 8.03946999070939e-07, 0.001979695311085172, 5.639864048101284e-07, 0.0001762979518536725, 6.998639712346141e-07, 0.0024121095045393608, 0.0007882058451670566, 5.853775903097675e-07, 5.278713558226645e-07, 2.7000285535285576e-06, 0.0009239856411833604, 0.004781193838147824, 3.1968779069787275e-05, 0.011898382476722109, 0.006278115442445214, 5.353500953069681e-05, 1.36583191465492e-06, 4.721093737398656e-07, 7.836206270085503e-07, 4.7367798878350066e-07, 1.2450473529581893e-06, 1.1264429071438383e-06, 0.014662257519121287, 0.0023562136157831547, 0.010081254071323242, 0.02612432621712346, 0.003295620695911934, 0.0076433520273978565, 0.010628003683797956, 0.016114739935932466, 0.015290453759707804, 0.008587607579914596, 0.0192600408689749, 0.01397972148062192, 0.011115218226937179, 0.010129788410954, 0.029515335414472894]}