{"method": "alternating_peaks", "P": 200, "value": 1.5177505634715915, "x": [0.0235981789922143, 0.014952585345915608, 0.014699944625140297, 0.010005586935674137, 0.013788856424205945, 0.012944354767945006, 0.00902763653178189, 0.013633582155644896, 0.0009084502043086472, 3.923661680331839e-07, 0.004154174920252498, 0.009230195241672628, 0.010139946865423343, 0.0012660066273694507, 0.0018982790234478833, 0.0008500279868865764, 0.001571141432767958, 1.512733911988991e-06, 1.1958077382805584e-06, 1.4077846450641246e-06, 4.86832182037928e-07, 1.1098371909260151e-06, 3.074474438787091e-05, 0.009410535390251632, 0.009894853571602578, 0.004963985484858224, 0.0015204218197676022, 0.0030989132565831267, 0.008428587339343839, 0.006712801277258327, 0.011012276049055664, 0.006261058521176399, 0.003246472051632491, 0.008903252929931623, 0.01138595032653969, 0.018066730275929244, 6.070496015910678e-08, 5.58946114499313e-07, 0.0, 5.597593527025502e-07, 4.4290771214080403e-07, 1.6901762002496793e-06, 5.019620176422545e-07, 9.883908322384782e-07, 0.0016608293256348732, 0.005467825468070098, 0.00785105660465813, 0.008141102843750985, 0.013447191374548601, 0.008243004730009705, 7.848562094834817e-07, 1.0599540744326734e-06, 8.715092546725924e-07, 0.0003198311837387201, 1.8599499826347877e-08, 6.735415568725339e-07, 3.5708767071481163e-07, 0.0, 9.306843821812728e-07, 4.4823807071602843e-07, 2.31806672472323e-07, 1.4814344401500075e-06, 1.1124311781054445e-06, 7.409628645087212e-07, 0.001909985535786511, 0.0001870249209705881, 0.0036740173340567587, 6.631252274033446e-07, 1.4807654253349362e-06, 1.5787225175262206e-07, 2.633465596103929e-07, 2.8499394641081774e-07, 0.00017905318891798876, 6.795742588688873e-07, 0.0, 0.000600962066412424, 9.3329686945668e-07, 6.360930901584066e-07, 2.779012514226832e-07, 4.542581054854773e-07, 4.5504563912081887e-07, 0.0003783256036895895, 0.00213696491920243, 0.0013685854793890567, 0.006253922038118566, 0.005261739398664614, 0.006527813938509956, 0.0025486667847613035, 0.0005078609028431807, 0.0075979422334410485, 0.006547414141472022, 0.0065458929669589315, 0.01008182781359911, 0.0076840721357359434, 0.008090105004948148, 0.005778823198152613, 0.013579375539316214, 1.3327215372742232e-06, 4.214573129639561e-05, 5.159480625823373e-07, 0.00036477011165497026, 5.112096425227877e-07, 0.002104792659480864, 2.24047065454125e-06, 0.002336011014897642, 0.0035407417401745796, 0.001647498065810517, 0.0005454766405020388, 0.00422383310290579, 0.0031363140714074393, 0.003160825038915515, 0.005438124530175697, 0.006633281463320494, 0.003696959076053431, 0.0041072557903472995, 0.005157214470996857, 0.007636745560061891, 0.005285885125683967, 0.009469118309483443, 0.00891080723646382, 0.009190568808892147, 0.011453478965315405, 0.011582056125776188, 0.016427037409028577, 0.009212898654588748, 0.010681485327263459, 0.009650995218288149, 0.00943978207535223, 0.011670221439777376, 0.009167345240199168, 0.008219172524297163, 0.011610642879755464, 0.014859739336174859, 0.009332124019510318, 0.008349008374683334, 0.007260715656360245, 0.0030655155166793633, 0.0019101893804341257, 0.011930226478899224, 0.004599883522193669, 0.008588969673310543, 0.01014291384590617, 0.004991530669677938, 0.005742985492138514, 0.006632132916107977, 0.0061223663880882176, 0.010126251532367393, 0.009693900694898831, 0.008374100682152812, 0.0061033147602227965, 1.4278911979120294e-06, 1.5788967449987392e-06, 0.0030832151102322116, 0.0007247401580257257, 0.0016113966013779938, 0.004117135131666853, 0.003587043147665002, 0.005233830601177363, 0.0022637183724935625, 0.0081002491907458, 0.007297523721053374, 0.006047313161492203, 0.0031293598766985865, 0.007109576150867068, 0.005045367473063359, 0.005797148796668668, 1.673048562687661e-05, 0.0023766707142366837, 0.003879729021098257, 0.003889079108866737, 0.003141489428797217, 0.0009722341922035799, 0.008981819702074616, 0.006734844041500976, 0.006351264134829262, 0.0004814419271184761, 0.0014420519939354174, 0.008017067497979527, 0.0062672672717915484, 0.0017097306432799625, 0.004882095437755609, 0.009314392637599062, 0.009851423710638603, 0.009072627392817497, 0.006710741142441027, 0.009600293711621934, 0.005432296155102406, 0.0015976450496306984, 0.00274809172353277, 0.004769051923093963, 0.011036445746990604, 0.01133720219053783, 0.000748996246145708, 0.006333693859541087, 0.003013289684780693, 0.003255737325106461, 0.007999001915097084, 0.008274602006054808, 0.012323438555244497, 0.02251028206203618]}