{"method": "quadratic_approx", "P": 50, "value": 1.6682989077203427, "x": [0.040218767075550874, 0.045173765787011176, 0.02912372276579933, 0.03297526479938946, 0.026046130678579815, 0.030823556298692604, 0.0480783700760305, 0.0014545414345770334, 0.004846254826337278, 0.0028924151340672193, 0.0005404177044381043, 0.0, 0.0, 0.00160187164021614, 0.01560565390897476, 0.005894393078565622, 0.0, 0.000915974077151166, 0.0006303095733541952, 0.009557257682887267, 0.01500593668122949, 0.013577614162244636, 0.032211008780244556, 0.013640857467347653, 0.0005103661278051414, 0.03882943810455363, 0.0343119539283083, 0.03648600135068766, 0.025727591244399984, 0.003695408877664372, 0.022288669954124814, 0.04762239874126436, 0.02619273445620808, 0.033404194997215364, 0.03376538436318982, 0.03130816260955107, 0.004564764316078964, 0.007531923279849012, 0.03064767613691082, 0.021665884553932886, 0.02534266003866722, 0.025360783938441742, 0.053274261596125236, 0.006516758605920185, 0.008494197895775036, 0.020436619927905228, 0.009291451391318489, 0.0043937648189557865, 0.012020938464267807, 0.06550192664818988]}