{"method": "final_elite_breed", "P": 200, "value": 1.511509351714744, "x": [0.0361561237694231, 0.030577343432513004, 0.006618735491253817, 0.015378352711347628, 0.027725174023102837, 0.013848010522615781, 0.005466986894764435, 0.016315383003875226, 0.01782923348468772, 0.00261619977375516, 1.5929840329242528e-06, 9.698670816566436e-07, 1.1446630911069547e-06, 1.411101167657373e-06, 1.216095577131565e-06, 1.0120858438656255e-06, 0.0002703423481749513, 6.883648890179847e-07, 1.980184579814143e-06, 5.766099730954783e-07, 8.3364912425696e-07, 9.250132724372186e-07, 9.03109744351758e-07, 1.0246978980167106e-06, 9.18177452817048e-07, 6.436742036730457e-07, 8.022959424546045e-07, 6.251619067664551e-07, 6.191603968627498e-07, 1.2250336266366375e-06, 8.468241148186781e-07, 8.563254237813584e-05, 9.528162655595784e-07, 0.0005225273624263732, 0.0007176768106641357, 0.0001755958069876307, 1.2231629653102447e-06, 9.077466398216907e-07, 7.25385868879278e-07, 8.243638549159946e-07, 2.1233438476822706e-06, 0.0023320226510386397, 0.005165991815533914, 0.0002091626140535115, 0.0028521890895145913, 0.012249677354004194, 2.423644986785943e-06, 1.0345000027172038e-06, 1.1742633483556197e-06, 0.00029896981465118646, 9.664852046007603e-07, 0.012098440402207249, 0.008146431116517543, 0.0010913582710564223, 0.001363075064074798, 0.00903452834263946, 0.0005890840378846505, 1.7796531419478128e-06, 8.030500997026693e-07, 6.922731065278735e-07, 8.356751588493847e-07, 1.0625887041075396e-06, 1.4600044743786016e-06, 0.011179368705798387, 0.001899687031323766, 0.0024617074793591483, 0.004538530091065325, 0.004502197230600172, 0.0029513531854781193, 0.004871092287797388, 0.005476549148827566, 0.005510207307211818, 0.0051091061995834465, 0.0006709397220839131, 2.074035590522369e-06, 0.010796748854566707, 0.0027892357170046476, 0.007452526659833773, 0.010710576877673487, 0.011610942551396303, 0.012805218554710562, 0.009801227311399062, 0.006210469085822685, 0.011707955836221532, 0.01488476658420493, 0.011380267726633336, 0.005886940244859531, 0.011850039290897065, 0.0018150154759933785, 0.0016963292766906302, 1.9423431090991317e-06, 1.4424018183959246e-06, 0.0003318797562965728, 8.739548592064903e-07, 2.331812271868919e-06, 1.990679706925413e-06, 1.1519757979385232e-06, 1.1105707393869798e-06, 1.0235154374417313e-06, 1.3521838823896878e-06, 0.00011946781670573814, 4.961274256053233e-05, 0.003985019426207572, 0.005408439593566918, 0.0067645534095344025, 1.2791869414352976e-06, 0.002254809784891529, 0.007138879628132724, 0.00415554080692814, 0.00030856266337239154, 0.00236957882874804, 1.894469633698264e-06, 1.4558904194823569e-06, 8.222161145465758e-07, 1.1803546004443484e-06, 1.0351976620662221e-06, 1.628272689704747e-06, 0.00010494530285962511, 0.0007239371243194586, 1.2985175424567992e-06, 3.447766750914245e-05, 0.0023343195091947723, 0.002287158187692136, 0.004395380919960183, 0.004711256309256699, 0.0051106009671017735, 0.010195194789124366, 0.007776847298298207, 0.005659216450713135, 0.007181760846954756, 0.012185994025614901, 0.010052763914836307, 0.009311045269358945, 0.009511228511907674, 0.003486473619411745, 0.008099801997374869, 0.0033638175463507466, 0.00033285041347622015, 0.01419943063483724, 0.008483415042802239, 0.016842648336202873, 0.011072402114994153, 0.00757116760842136, 0.009348037785195397, 0.007080979001996071, 0.00809658165400652, 0.0036284944691703912, 0.004077674188661467, 6.0914722245796806e-05, 0.013114541959796269, 0.005968048018603249, 0.016219265731439794, 0.0054940065647013205, 0.008908512551591965, 0.005836494273938921, 0.004737115763807378, 0.008828809822827185, 0.0047401495239882095, 0.004789696695814807, 0.004165607631420459, 0.011521242695926411, 0.007379260809539788, 0.008450196956947252, 0.00725939193322552, 0.004590559453808132, 0.008132812102447108, 0.007118269908251921, 0.005889335398515286, 0.008028809553934552, 0.007703115449446417, 0.007178782628120222, 0.008965071443393874, 0.008621294607140353, 0.008348408721152672, 0.008283363685573683, 0.007889651983785571, 0.008417808188899811, 0.006425761912584187, 0.00773459936700577, 0.007559207692572693, 0.006698008747582524, 0.005768135373753642, 0.0037013857165881423, 0.003961537150772678, 0.006502883417779037, 0.0035014063419699835, 0.008619288608982261, 0.004753050972649448, 0.010354656940243182, 0.004634339872727942, 0.005860746486534686, 0.0027931004402033895, 0.0064703040615864595, 0.0020554921215137126, 0.005129006271577958, 0.00430904276095212, 0.003674675111229013, 0.014168704135314047, 0.0032366224235831804, 0.014933177048872448]}