{"method": "rescaled_gradient", "P": 200, "value": 1.5154502019276992, "x": [0.027080891381122695, 0.024833789531953084, 0.01687918745535277, 0.013836364961936704, 0.01833736413493234, 0.023776238826659992, 0.020032215878332895, 4.3169072425651827e-07, 6.514673000761271e-07, 7.829396028159308e-07, 6.385091828182927e-07, 6.841812674444044e-07, 0.0006957847562854834, 0.0012127364347282576, 0.002041903485197963, 7.414104299772412e-07, 5.778693167323346e-07, 0.0006169435082850869, 0.0011683738973283936, 0.005194571570163965, 0.009982643332763445, 0.005223441542192035, 0.013210210898756836, 0.011890492332727612, 0.01287475045976972, 0.01631751396931787, 0.012359779213052742, 0.0014630824027840597, 0.014924327939751396, 5.254955376566162e-07, 3.67859387147308e-07, 1.1351256285181222e-07, 2.1632291241691644e-07, 3.1324379767105696e-07, 1.53983025651145e-07, 3.3778154243508496e-07, 3.808263811378221e-07, 4.458586669982919e-07, 3.988829144860751e-07, 3.417484784349306e-07, 4.1365929803484895e-07, 0.0, 3.1639826220447364e-07, 1.7400106491348521e-07, 5.328963897543048e-07, 1.2327489136577236e-08, 4.4770472706863155e-07, 0.0, 1.063710019097334e-07, 3.514618698378507e-07, 4.927486337997161e-07, 0.000654048416051532, 0.0032990965295920448, 0.008681230052593296, 0.00935964785488977, 0.008049659819270865, 0.012651995510091886, 0.015249878033962409, 0.0022095807629742854, 2.6176005328821695e-07, 0.0, 3.216035200119733e-08, 9.654332890238601e-08, 2.0743666832199062e-07, 1.2759543789613176e-07, 4.62659763658201e-07, 4.223593108394236e-07, 0.00027631397566426486, 1.1289131637258317e-07, 1.6238983674788128e-07, 0.0, 2.438917558451256e-07, 3.793731003474643e-07, 2.626658236462364e-07, 0.0005295360966755975, 0.0014561176462800146, 0.0, 0.0, 0.0, 2.590548505460941e-07, 0.0007872548566183597, 0.0018450174669380878, 0.0002479748335621442, 0.001507841997388052, 9.996308998468272e-08, 0.008170202653590872, 0.002431373615376584, 0.0016234349112802635, 0.0, 0.0, 0.0, 0.004098121931204528, 0.0061158164970223795, 0.004382751544773679, 0.0024906146959681992, 0.003656063802692622, 0.006043670007947431, 0.006069765521215031, 0.0034720851150934675, 0.002337645215327408, 0.005211455838915419, 0.005793909797873723, 0.0029839547701250428, 0.00046829659527588814, 0.006021136824894776, 0.011958152967962772, 0.005579069911984894, 0.003228587833274767, 0.007996088089921064, 0.012708619347116454, 0.013192199944225493, 0.009724012016086782, 0.007478620130526671, 0.012948460119746014, 0.007270863714904771, 0.010972401280437685, 0.012061231081654763, 0.010383482279822484, 0.009670282556680876, 0.007194967351078249, 0.010151436164641125, 0.006993285852520705, 0.011261210081607737, 0.011115076693999495, 0.008981884272882225, 0.009606910999273474, 0.009056660489186399, 0.007172220638317283, 0.004130549077764189, 0.00420432505094485, 0.006923575902510768, 0.007587228320229941, 0.006445470173412192, 0.004080325341298367, 0.007773271031591445, 0.0015423554227423039, 0.003258072094393058, 0.00323947876310155, 0.003344114363323832, 0.007525414465277815, 0.007231298328451115, 0.004759014541359521, 0.005369146621424435, 0.0064868256998505645, 0.002709744407909077, 0.0036710544778705517, 0.006368877821869385, 0.006519603092585078, 0.0010054302877721718, 0.009914191908876466, 0.005718267806745187, 0.006342412800855541, 0.007784252048883661, 0.006966524258117254, 0.007210140397960471, 0.0076393777284810595, 0.009658535432562737, 0.006136470912723863, 0.00576301166399687, 0.007648571018487015, 0.006884947681934104, 0.003821362454751751, 0.0008875495854480992, 0.011317689820017657, 0.002074144118131435, 0.0017751405093586676, 0.00559088325332203, 0.005494416879815959, 0.004252234922539853, 0.0037888570834857314, 0.009043847129520194, 0.00018423595487018692, 0.0032082247130356895, 0.0053462664538825085, 0.0021634453321396755, 0.0021778251762813007, 0.006880424258785005, 9.356056811721473e-07, 0.0037885884169011476, 0.002522474664231666, 0.005173305790614472, 0.006062475203486538, 0.005856767100472237, 0.008475176346640769, 0.006176436863447398, 0.006075336293952687, 0.00503203354986318, 0.004718543746525779, 0.004968413484847138, 0.0072624543830760585, 0.010011668654848255, 0.003043480536703889, 0.010310592571675157, 0.004420753742227212, 0.0024069335345236905, 0.001622988856861217, 0.00447677836911091, 0.01040973064995265, 7.951092653691466e-07, 0.018487003115565493]}