{"method": "baseline_lse_polyak", "P": 50, "value": 1.5197899029194717, "x": [0.12326522892473506, 0.01645024655845929, 8.525484920073638e-06, 2.792364225143143e-06, 0.013998101794310894, 0.02100769720798015, 0.007152150351863026, 0.007877652029394496, 0.04937221498748899, 0.05264156713975928, 1.6585380709932127e-05, 8.567711514802993e-06, 9.63866432384725e-06, 1.0257605856718695e-05, 6.752803921669832e-06, 1.3347931282647884e-06, 0.0005903130127799334, 0.0039366762395472025, 1.3347931282647884e-06, 0.0014536221842568603, 0.05614360233822188, 0.0049767035800857805, 4.647326926866495e-06, 0.005484281632541012, 0.01504873092272534, 0.019908645364274405, 0.016828063830981718, 0.018890140692814833, 0.03187516484771823, 0.014281507785134642, 0.05107244796549203, 0.045485813251037864, 0.038102669068745106, 0.03289964554764968, 0.030649051192501785, 0.026033789530106176, 0.021059935677799718, 0.021526370346567625, 0.017831085101517596, 0.006005404644528158, 0.0023418542207949552, 0.01952122939609542, 0.023228075781348268, 0.02539054450602347, 0.026917693581483226, 0.025356340024029915, 0.025896055220358875, 0.02784995177286434, 0.025545945926358168, 0.02603334889096922]}