{"method": "diverse_init", "P": 100, "value": 1.514112996682936, "x": [0.027077510389628072, 0.0069912546595353765, 0.006063180528123121, 0.019429274406871352, 0.011632630139410398, 0.008101982954309325, 0.018615298364520142, 0.012075765692165343, 0.010733206512898932, 0.014397897986506144, 0.011715783954262883, 0.014000969689106683, 0.013248029440038505, 0.013172758397343168, 0.011311797633121146, 0.01191157461681645, 0.0085551485160286, 0.0004109376972284958, 0.004427860753508058, 0.004266601111048612, 0.0061434232915731244, 0.004168630892522261, 0.0035846429981620156, 0.01678005054678887, 0.010426102651631701, 0.004652919595251383, 0.015842686883873868, 0.010470322315096679, 0.010790864277785684, 0.014035690035908712, 0.014568484340989684, 0.012869750167775659, 0.01896278242619531, 0.020034541429725983, 0.013795475954083885, 0.022053762386205072, 0.021092573307240074, 0.02174160650115161, 0.02349954967263283, 0.026604184620165436, 3.922701621696132e-06, 0.012883630188784778, 0.007807391577940386, 0.023211238620874076, 0.012697271512750696, 0.010395290701885003, 0.007926795259230943, 0.0073958264249303395, 0.008414316726576923, 0.008756353135507575, 0.007962186885891719, 3.0957906553554592e-06, 0.0064088110924498025, 0.001709423153281869, 2.7959676623684917e-06, 3.7675949845775466e-06, 1.5365910277206872e-06, 0.03244240974809709, 0.02048657680232599, 0.01565777133307018, 3.5616041709491055e-06, 2.178194349896051e-06, 1.4985223874805249e-06, 1.6159816552409986e-06, 2.0658989249778617e-06, 2.0631824128905414e-06, 4.609642061854007e-06, 1.317649069238793e-06, 1.6861828226028734e-06, 1.2549010549494257e-06, 1.31049336244582e-06, 1.2332321435949334e-06, 1.4096725920427257e-06, 1.6979848085483427e-06, 4.34544739937084e-06, 1.6804717069362493e-06, 1.2063601710388177e-06, 2.8060101456431824e-06, 4.9606211173875335e-06, 4.029138071541261e-06, 0.029293930716561573, 0.028436783275041316, 0.01836247518854539, 0.020598166273489548, 0.011879578411484501, 0.014972711214803888, 2.5539558566083695e-06, 0.0006116608121334318, 0.006528681809682159, 0.005764629836179397, 0.00809399061556943, 1.765850011482293e-06, 0.003541264386032406, 5.53835608162267e-05, 0.0021950374771880477, 5.792838349352413e-06, 0.000841342708780446, 0.04614185722257895, 0.04527178479174382, 0.05292615831794306]}