{"method": "coordinate_descent", "P": 50, "value": 1.5423327946018437, "x": [0.1117265196300019, 0.010411634918531542, 0.0, 0.031012886783890425, 0.038280445781245766, 0.0011672424319523794, 0.06123069675229563, 0.0, 0.0, 0.0, 0.0, 0.0, 0.012986201291019156, 0.015569571763099007, 0.0023221871520192855, 0.022626941039568586, 0.0, 0.01368604433686922, 0.0, 0.0, 0.002875437741995845, 0.0, 0.008190253669002667, 0.045684917492480236, 0.010515490180983198, 0.0043592392895102665, 0.017432706130325572, 0.04356008449953742, 0.05070131653455563, 0.02941955793901422, 0.03730385778641547, 0.032704536811381205, 0.026054464272883607, 0.020178185547017766, 0.01377291094353643, 0.024466442110495215, 0.022255106951332197, 0.032028329299077236, 0.026877657684834817, 0.029171315087659494, 0.022009859947936472, 0.017828065720750942, 0.017480944353654444, 0.00863884450647968, 0.019378580739306945, 0.015161364591835052, 0.020893246351777552, 0.027686166262502428, 0.026534182974223514, 0.025816562699001594]}