{"method": "coordinate_descent", "P": 200, "value": 1.5359373695787701, "x": [0.03504735095924517, 0.0, 0.017787800989121996, 0.002951822287519445, 0.028186513163939914, 0.0022960245711282743, 0.02462087752397988, 0.005726160692699053, 0.023807854979127376, 0.009103890202685797, 0.013567306976499256, 0.013508913016281465, 0.014150587154153753, 0.0019950439843450913, 0.007353047812552575, 0.027836020517575066, 0.0, 0.0, 0.0, 0.0, 0.0, 0.0, 0.0, 0.0, 0.0, 0.0, 0.001868892617002188, 0.0, 0.0004358471033131675, 0.0, 0.0, 0.0, 0.0, 0.0015342440961749267, 0.0005354237153513397, 0.0, 0.004587442099795788, 0.0, 0.0027448356242845383, 0.0001868999983677223, 0.0002595243244071768, 0.0007273514692527589, 0.0024865736334174766, 0.00541636148193907, 7.683916237044108e-06, 0.0032971638124876692, 0.0014052811824430652, 9.664513324491827e-05, 0.0037462098876621533, 7.60415016160999e-05, 0.011602357101345197, 0.0030711667347520645, 0.00931076418126709, 0.0035297562394616304, 0.012218345086220278, 0.0005210634127468536, 0.013575771548030404, 0.0, 0.00984017798774781, 0.0, 0.0, 0.0, 0.0, 0.0, 0.0, 0.0, 0.0, 0.0, 0.0, 0.0, 0.0, 0.0, 0.0, 0.0, 0.0, 0.0, 0.0, 0.0, 0.0, 0.0, 0.0, 0.0, 0.0, 0.00037644211743550576, 0.0, 0.00011641896149278878, 0.0017715307838259003, 0.0027766852183711633, 0.004438139978828542, 0.0014021421428729642, 0.004258091861356733, 0.0, 0.0010012534543006385, 0.0005380850120019839, 8.76801181191705e-05, 0.008327705415897864, 0.005054948986507126, 0.0064875723569792435, 0.006718688547464842, 0.008320575775997284, 0.007961202205139453, 0.010255447046133974, 0.00046893336696050863, 0.0027198194018960235, 0.008877916026157657, 0.015168913411827384, 0.007817546547482448, 0.014102351007144182, 0.0070528563613411885, 0.007853764231576778, 0.007792910490541332, 0.0062846304922560495, 0.007403799512740579, 0.0058547886518321105, 0.0071406076271776486, 0.006669959803917567, 0.004358013093306467, 0.002142741835805474, 0.0009965826694378417, 0.011834555015307923, 0.012955810205326079, 0.015244899513157939, 0.012882954456697335, 0.010729678543430137, 0.01178134533929545, 0.006435657530092203, 0.007696395861105283, 0.005245724265441378, 0.0053860006369216675, 0.007124973474161481, 0.003226552760864922, 0.004912878728612035, 0.008470963358034338, 0.00895036394832214, 0.004157658344330482, 0.0019980862564702305, 0.005014314685556274, 0.007821579603235597, 0.011128700919108992, 0.01227016241321581, 0.010428927662409576, 0.008342579375719339, 0.00808692019322876, 0.00498900459366883, 0.002282756577106707, 0.00637693189892991, 0.003892290317481299, 0.00017291894751268733, 0.0, 0.002922364096080283, 0.008612917956256171, 0.004921998343946848, 0.007417623496351975, 0.0029183746174805177, 0.0020280519016398642, 0.0050019553808074565, 0.008161117292131172, 0.004092789812837829, 0.00894214409376135, 0.010235099437639143, 0.004435436719510881, 0.004449204282464269, 0.004797630674562459, 0.0031670943438451365, 0.0029363636592531594, 0.0, 0.005430249458806811, 0.006256816860316169, 0.010998450389837024, 0.012466788455170469, 0.003327825418700819, 0.0018043710101858794, 0.004492584199488301, 0.0002178700983531943, 1.7603404988937935e-07, 0.0041621861414365266, 0.00505029268085884, 0.00507907552004956, 0.0063214396657098795, 0.009615157845656625, 0.010757516283791457, 0.008490853349318124, 0.006698303223228281, 0.0003670732687451449, 0.0004748649287703238, 0.009757783775549353, 0.00968308832320995, 0.003986089454946739, 0.004875207438053641, 0.004630483745836437, 0.0, 0.0, 0.0004722610128917219, 0.0, 0.0, 0.0, 0.006619925485375181, 0.010953308973417257, 0.01988672100439868, 0.018621701186985473]}