{"method": "pso", "P": 50, "value": 1.5326088510975084, "x": [0.062260592709199675, 0.046184859399245645, 0.009111594474896132, 0.0063166478432612975, 0.0067191032756127025, 0.0009192871909065302, 6.924667202949978e-05, 0.0, 0.0003423497550781049, 0.002256214984654099, 0.014504884377037132, 0.00420150350827274, 0.026166160523251592, 0.05100519039538677, 0.028023791465925568, 0.005387223236923381, 0.006649605538081322, 0.005137564893361274, 2.263946790793266e-06, 0.0032500720835457234, 0.012693403778070149, 0.012804308734594727, 0.014351653352796834, 0.010917768208040335, 0.006908221276944107, 0.04142783455153548, 0.03903443654851389, 0.02035085072978835, 0.0014681776509822705, 0.0056490704819758, 0.017443647958703987, 0.017884778967282966, 0.01803160516576834, 0.016185804281251253, 0.016131755760121238, 0.021421609238294743, 8.340698440836501e-07, 0.01690258028672775, 0.04725266281362366, 0.018041986228308507, 0.053486315706089846, 0.04355961258958114, 0.04288961300418226, 0.035695759677586814, 0.034298328756216634, 0.030096376230427623, 0.03234183927859558, 0.023487700206905406, 0.029450586440496973, 0.041282721753289287]}