{"method": "basin_hunt_t2", "P": 200, "value": 1.5132164288479464, "x": [0.030669166444357042, 0.023727298228684017, 0.02222782625559497, 0.01730822594097909, 0.012527992530968786, 0.006218171147434441, 1.1356983729971469e-06, 0.005822970950551453, 0.0005181732587086496, 0.0037077958657048002, 0.01204360925332082, 0.0019465841069882756, 0.0030188994620532587, 0.001104855090577884, 0.0119676568328751, 0.0047660876430998455, 0.005310675158004568, 1.119962053564554e-06, 0.001691030308478555, 0.003061660079470696, 0.003199480755719338, 0.011402848913732777, 1.4777710550186286e-06, 0.0030884962011046065, 0.012466569285094695, 0.014399150855083689, 0.016231766749758226, 0.002235835583871336, 0.022888809006368138, 1.1338379677689535e-06, 1.1977664147809217e-06, 1.0593167250633538e-06, 1.2731984974563279e-06, 1.2524904673687853e-06, 1.3207736853096611e-06, 1.0541344512921397e-06, 1.270329554546248e-06, 1.1035217817569165e-06, 1.0545311329162962e-06, 9.63533798819408e-07, 1.0734463420201148e-06, 1.1006303893443703e-06, 1.140063878589201e-06, 1.0763307685548866e-06, 1.0742597717218477e-06, 9.041791678019353e-07, 0.0017378340438926523, 0.003663821444655189, 1.1368353933998968e-06, 1.0384402779979858e-06, 0.00149713678453231, 8.201600868029888e-07, 0.0005436010971992717, 0.0018420885153353067, 0.004912362733802846, 0.010670459443119399, 0.017332698789253222, 0.01922853270601409, 7.468933654816625e-07, 6.642280385557298e-07, 6.662160169782453e-07, 6.631405198366862e-07, 6.028078030080176e-07, 6.782853864879243e-07, 6.67425490080915e-07, 6.871696706119079e-07, 6.763644933116654e-07, 7.077650375843027e-07, 6.843354589857008e-07, 8.39780253128164e-07, 8.06837887635846e-07, 8.461719330238497e-07, 8.216105233303302e-07, 8.472893077521074e-07, 5.789016128117822e-07, 8.997737718718903e-07, 0.0022116951684846, 0.002615223038637277, 8.425496442182632e-05, 8.386981692614671e-07, 1.3146428003441461e-05, 0.0001567675511930466, 4.6779884020110724e-07, 3.4343948499507423e-07, 3.350175920406712e-07, 3.46913177231761e-07, 0.0, 0.007046663486057748, 0.0032693127645280697, 0.003533720562750073, 0.0073321963190546, 0.006131761088533998, 0.0018864777799059574, 5.3863392483289686e-08, 0.0, 0.0019523793719239569, 0.0041366895918438125, 0.005375758850267598, 0.004679103939235792, 0.004515150836946463, 0.004432072530376318, 0.0048309451891607805, 0.006832743847153719, 0.005844931803544564, 0.004391194237883873, 0.00465074570482636, 0.005652864920100419, 0.0058098448890410315, 0.00691164196281481, 0.005629126759234199, 0.007068335091367655, 0.010493833530421189, 0.010757766493186651, 0.010457454351132397, 0.007989536456048425, 0.01332882284167269, 0.011730342488966929, 0.012138548272006099, 0.010161747757961456, 0.012468599942950128, 0.011610416569652851, 0.009471896732228162, 0.007304682806547561, 0.008325975845233518, 0.009038218685713176, 0.006911996019637749, 0.007297280836096833, 0.006577996051365772, 0.009328527226544783, 0.0061982421359155476, 0.0064435757185224915, 0.005656209474912452, 0.00716857989354042, 0.0046002691849573955, 0.00595268068741199, 0.007910199609340427, 0.0030835811762098273, 0.00400442597613829, 0.005646745304573191, 0.004710926336582432, 0.00425319612597455, 0.0037605779538328337, 0.004053211401285484, 0.0006940784363091916, 0.0012975992063075019, 0.005164576173694285, 0.001057279770476118, 0.00965823915381281, 0.008952910274910415, 0.00781817721641443, 0.010844839545596527, 0.005507040952758719, 0.0025683292490631653, 0.008932509066088588, 0.006452072121324527, 0.00886347386166042, 0.005601837369955643, 0.0066338373812628165, 0.005708924856496057, 0.006312295264430905, 0.0067913490717627974, 0.00917867804831132, 0.005897583060244385, 0.001064667342581534, 0.008773304831932399, 0.006629447603889658, 0.004738387111453364, 0.004670261339790778, 0.0023461534216489277, 0.005031315093553427, 0.007276457384113605, 0.00039505452667601404, 0.0034534781204355073, 0.0, 0.00045199549990761895, 0.0007229030621710112, 0.004571278578212948, 0.00874310407032246, 0.002183110265954584, 0.0035638186188968134, 0.006600389844211106, 0.0032689734110574304, 0.00911952606922709, 0.005688000931451743, 0.005292671461287647, 0.0030395275222134498, 0.006318502525915893, 0.006947724689821355, 0.008463582294413656, 0.0032904659490905017, 0.004750499489178774, 0.008041961042094595, 0.004627354309205566, 0.008690408010923679, 0.006431938345880652, 0.005204109378423517, 0.006747710863571077, 0.006847654926714446, 0.003150629091587754, 0.01807576692180243]}