{"method": "heavy_tail_cascade", "P": 50, "value": 1.5195527775092608, "x": [0.05436928494973623, 0.047561383636443695, 0.05656010754892911, 0.0063782346106949555, 1.7372516560094777e-06, 9.887436042622947e-06, 0.0, 0.00431054833892768, 0.007460709939335303, 0.004879975410428476, 0.0016333475162252104, 0.002173730702752621, 0.006288571655664969, 0.013812552192779338, 0.012826175628213107, 0.011349949956856169, 0.032206453788568234, 0.006552462006587682, 0.016405405795320013, 0.0023321107639860776, 0.03274490189645109, 0.04782105309277864, 0.03488451397857973, 0.02303788477099096, 0.00557554162608412, 5.050816867802844e-06, 3.4730430016999407e-06, 5.187417243153168e-06, 8.381653229545535e-05, 0.006305798956812635, 0.005541436325029876, 0.02249632568654303, 0.05323060085962792, 0.013091528600008505, 0.03467229855716393, 0.010106036759483818, 0.04590336270495458, 0.036563454698712375, 0.013209132211613836, 0.04190621640925045, 0.045732872593947746, 0.005683408539936269, 0.026060645675720088, 0.04468588513732789, 0.011832464930404098, 0.0230235286437983, 0.05472443046617342, 0.010566398765784038, 0.0031832739948095402, 0.060206847179457366]}