{"method": "baseline_lse_polyak", "P": 100, "value": 1.5150853239347288, "x": [0.06694153011012237, 0.0384618500537595, 0.0374468389061168, 1.6510143346246955e-06, 1.8656370004487146e-06, 6.160236119718122e-06, 1.6114521099103423e-06, 0.0019693500050411384, 0.008452543380921829, 0.009920973830944747, 0.005183892778612059, 0.0057480446927181406, 0.0004266896260226082, 0.0008200711821997882, 0.011917801087783886, 0.003124173954854128, 0.027901947943506755, 0.025054144211082378, 0.0225254175117125, 0.027506862955016274, 3.686419686592187e-06, 1.2859976081218978e-06, 1.337342330894739e-06, 1.3801739590479412e-06, 8.216786949515626e-07, 1.0244691634256935e-06, 1.0502693830153333e-06, 1.6021462180178822e-06, 8.381163352999476e-07, 1.1565594384657837e-06, 2.394324287203624e-06, 1.3413348887910994e-06, 9.520475255276705e-07, 2.0642058804539675e-06, 2.4865139682927487e-06, 1.206295731589222e-06, 3.379469080786308e-06, 0.00038163286211143435, 2.3961276765753635e-06, 1.4949386268294132e-06, 0.022802276266901237, 0.023824364649535516, 0.01862679477545978, 7.740972633560446e-05, 2.329595426622206e-06, 0.0018040383964056622, 0.0012177196384707044, 0.0026065053136159495, 0.006164310316776345, 0.009899129282369017, 0.009161863466040455, 0.01030218617464476, 0.002898930498173975, 0.011685303768588666, 0.01008165205780347, 0.010135816769710083, 0.021807538511092964, 0.016277700223454494, 0.007009501009684158, 3.453272141724208e-06, 0.03239665592075479, 0.025080183786709242, 0.017016311068909044, 0.023822353654713357, 0.019918217677174423, 0.014477241440038164, 0.0193846850813516, 0.01622243938392934, 0.01482239101336399, 0.014079999153261863, 0.01273409866941797, 0.013417141054674637, 0.008508210258609221, 0.01214038873371052, 0.009479182998906033, 0.012747179814623002, 0.009341573686484299, 0.005844464718677918, 0.008883015830140948, 3.4813297317067605e-06, 0.004432576467056321, 0.008143660713006444, 1.8236061664015522e-06, 0.009703883758037208, 0.015482552692338222, 0.009389065942646458, 0.013017165243264035, 0.015321492324993309, 0.013963866320126474, 0.010365718449743168, 0.013258340980804195, 0.012814036361031726, 0.011345211287298894, 0.015405106746235403, 0.01176148662435612, 0.013013730484615895, 0.013556566707136687, 0.00689249951923419, 0.014347322325239305, 0.017248902596281514]}