{"method": "multi_seed_diverse", "P": 200, "value": 1.5130141095258434, "x": [0.014176164187284615, 0.0024464692889815333, 0.011889590991939702, 0.0028337467582943486, 0.0048081077543958095, 0.007426219218939137, 0.0012169833676206245, 0.01120068697735887, 0.0026219056262004946, 0.009889428039730593, 0.0056730017713732105, 0.005069214388721015, 0.008380287123100199, 0.002007939093454577, 0.010886032387976306, 0.0032502321480126104, 0.007901953293240593, 0.00637560641981625, 0.005055032343624838, 0.008844143099607764, 0.003928998820024528, 0.008555949798381349, 0.003799404492741174, 0.008162116463369196, 0.006108358512034187, 0.00657159521530443, 0.007452827486608804, 0.004046169312669725, 0.008100095290739249, 0.0044366090672331385, 0.008086897034320653, 0.004276355802762192, 0.0030955053884532155, 0.005931990888341319, 0.005284057492404933, 0.001074458059426875, 0.0020820618988088326, 0.00030019711471218705, 7.220342451586822e-07, 0.0005901190586893394, 0.0036240869924995932, 0.004669822112794531, 0.004350586257375841, 0.0034314291647081392, 2.561563178125318e-06, 0.005722299252177498, 0.0018095246815121714, 0.006949847923393803, 0.006815072567826337, 0.003988763619470742, 0.007267981322206854, 0.003464850577905772, 0.007145887982679602, 0.00419956169299383, 0.004709190534706083, 0.00638721371558524, 0.0033674772220526473, 0.009430868142404276, 0.005280794628209748, 0.009955837257339157, 0.005317432057905625, 0.006912790126127126, 0.0064452167045297585, 0.006068398339577292, 0.01080985716380679, 0.005856697312826361, 0.010070689378632817, 0.008432199987332488, 0.009933371185024884, 0.011055565014364487, 0.006730892450662067, 0.009846125728258263, 0.005105818106815839, 0.013377225384595398, 0.014202190065884773, 0.014579839370518344, 0.013592257384859582, 0.006695118471236635, 0.009408612323037007, 0.008799604051003907, 0.004696685754488532, 0.012615850812856783, 0.00810665046520454, 0.0007370499237763863, 0.0005657658996999421, 0.005926290012062738, 0.011683227836086, 0.009307139463938803, 0.0042629922076256686, 0.006916482782161232, 0.003295490800576912, 0.008819363745676857, 0.004607422843134578, 0.0028087769718571757, 0.0026779121030353877, 0.0047609874624226015, 0.006182970536316485, 0.0047865832162169225, 0.0024575681429315614, 0.0051972298538322265, 0.004053989564721936, 0.006750362839860848, 0.0032151738969795327, 1.427865287842309e-05, 3.3465222407889556e-06, 0.0029453526478515064, 0.0019755039265370554, 0.00535741064343808, 3.4517678966018274e-07, 1.0053451099182002e-06, 1.0040371514169425e-06, 4.650252437179401e-06, 2.2882391528389896e-06, 9.799482941327345e-07, 5.937774595226477e-06, 0.02315983805022195, 0.012529609140557764, 0.006238621284176532, 0.010957742417320988, 0.007563247949630454, 3.4845796174894624e-06, 6.14560328911093e-07, 0.0, 0.0, 0.0, 0.0, 1.1933739417711901e-07, 2.6885030745187676e-06, 0.002360606307324074, 0.00027311073543031427, 5.948642614070639e-07, 1.0486742014454503e-07, 1.1474184154184608e-06, 2.7012363796204483e-08, 0.0, 0.0006537894672394262, 3.508538352825031e-07, 0.0, 6.193739984321818e-07, 1.8425079429669335e-07, 0.0, 1.4711463466636003e-06, 1.1847095425865997e-06, 2.1946342290803056e-06, 1.2595355691773576e-06, 1.9067018527973505e-06, 9.54005530203412e-07, 7.076418736963174e-07, 1.4015042248522343e-06, 2.6824492663327534e-07, 8.620829532113547e-07, 9.108995956542259e-07, 1.5346798768770583e-06, 2.7374729354965136e-06, 1.784149293939078e-07, 1.0744771110104947e-06, 0.0, 2.71739974354675e-06, 7.122487447661958e-07, 1.3855601364599924e-05, 0.01730075895479252, 0.010105749496427226, 0.01578776674530688, 0.01969988557783743, 0.012914725630141215, 0.0009192919773211549, 0.012591951673007331, 0.00253846373286099, 0.005082928152847255, 0.010845610659307827, 0.004850957191298391, 0.002039249846781371, 0.0009330436065734562, 0.0004562738500520183, 9.885110694849513e-07, 0.004660546100409019, 0.0005355071026621251, 0.0034709526564480654, 0.005185184684032189, 0.00984285938177797, 0.0018064663711915977, 1.862354465997557e-06, 9.733103014786455e-08, 1.1360941941767465e-06, 0.002197651942038383, 0.008287270646416862, 6.492726851293563e-06, 3.573227189832249e-06, 2.6602628269928025e-06, 1.8035840829173185e-06, 1.5129699920255323e-06, 2.5007719310318427e-06, 1.3419512634306002e-06, 0.008420004309827818, 0.00842155244322195, 0.029419683278790736, 0.011071307841177366, 0.004482708645334656, 0.0372948875108189, 0.040635496200741715]}