{"method": "peak_variance_penalty", "P": 50, "value": 1.5227006911484309, "x": [0.09579463864923402, 0.03308746438454093, 0.009589718366399597, 0.011469132407963802, 0.024185061708100534, 0.017851194447721805, 0.06336584732548547, 1.394959715242421e-06, 5.791939468414092e-07, 9.200303252762482e-07, 3.5086303159533133e-07, 0.005102238118169795, 3.215493739496553e-05, 0.017044836295292996, 0.041584281631067824, 0.0, 1.3960007587530507e-07, 0.0, 3.379262125400576e-07, 1.6661378974296763e-06, 6.619360761147115e-07, 0.009919765805877105, 0.026586883313212618, 0.0029786885806278615, 0.010628784674566209, 0.025531124922657054, 0.02237924809476561, 0.03572400379167282, 0.031982977833808574, 0.05177673407915742, 0.03667140948320242, 0.027718893332222903, 0.02996834509370671, 0.017875004742130003, 0.02498553429516568, 0.007783450794516479, 0.021721373949505372, 0.035382523971955564, 0.02361917634523484, 0.029946665577999767, 0.02022989641452028, 0.025361900682850644, 0.013080418207617706, 0.0012709505419797847, 0.022565880073840732, 0.019375525545348507, 0.026708454069565984, 0.022972739486871143, 0.026543240592133005, 0.0295977867846343]}