{"method": "lse_cyclic", "P": 200, "value": 1.5124326370864267, "x": [0.04428779684099033, 1.6960031092206162e-06, 0.028048631496499398, 0.021837740817831606, 0.003426151965712635, 0.027249048131900107, 0.01249424663362713, 0.0033211701416569024, 0.014303362483125649, 0.015037091179327014, 0.003462785671139474, 9.239872473329034e-07, 9.22634867308041e-06, 9.309515790348468e-07, 0.00023382939059536545, 5.04691572447667e-07, 4.0492095467325283e-07, 5.673961972232096e-07, 9.283836202680272e-07, 4.155545603974154e-07, 2.5582226743751596e-07, 5.010914793251805e-07, 3.143606628228476e-06, 0.00010501522897157164, 8.155023004015219e-07, 2.5483537377461902e-05, 0.0015782115148209844, 0.00048197679628154337, 9.9599819923968e-07, 0.0009003271191950323, 5.685407530207211e-05, 7.886492989610032e-07, 7.112942912016176e-07, 6.620314943295287e-07, 8.364778433941157e-07, 1.056382237789504e-05, 4.540700958243613e-06, 0.0037352184188533845, 0.0008108089866530108, 0.0016371170258436395, 7.832480142985591e-07, 7.480792837703993e-07, 3.992612326202345e-07, 0.0, 0.0, 2.4726633478672527e-07, 5.941731015549318e-07, 6.825872253652133e-07, 7.744017874578861e-07, 0.0010129435389200068, 0.006747390730815346, 0.005337041578576609, 0.005697538498110231, 0.005799860678790277, 0.005376483014415806, 0.008735752282399948, 0.006618529338133392, 0.0, 0.0, 0.0004368148876428982, 0.005351852772747284, 2.925977777882669e-07, 0.0054356263515754925, 0.0036319889014618497, 0.009125582688323123, 0.003947996652492487, 0.010890873267851105, 0.005582378912435684, 0.0022626958607193967, 0.0016773302717370774, 3.462041647151402e-07, 0.0, 0.0, 0.0017442705310811274, 0.0056270215361814155, 0.003518984324368511, 0.008469735633209012, 0.0, 0.0, 0.007917897237458733, 0.012422933174057864, 0.006169209999369711, 0.010932721673361775, 0.011174553697430867, 0.005680160335768143, 0.015131220766437225, 0.005345190771836818, 0.014676937337649056, 0.013285589298951945, 0.013634707612540285, 0.006816499198698219, 0.004609404943981, 2.389449373461284e-07, 3.8726254656651e-07, 2.1518797642269007e-05, 5.354852963715495e-07, 4.4942619202794407e-07, 2.0536000633114134e-07, 0.004036526316347052, 0.0, 0.0033402190244060208, 9.856983221577067e-09, 0.0013398439830312264, 7.898014262743873e-05, 0.0010572735502273225, 0.0, 1.7082375392680333e-07, 1.286160588429125e-08, 0.0, 0.0, 0.0, 0.0, 0.0, 0.0, 0.0, 0.0021753362157850885, 3.2757422661557817e-07, 0.0012025375560475535, 0.000932663075484695, 5.7631210162948504e-05, 0.003924526488872271, 0.006730193302698151, 0.006123801560967042, 0.004598282324373069, 0.0025664832431510427, 0.004153777670813085, 0.012763032721336378, 0.008705516248504092, 0.005592959463666041, 0.015204507887850778, 0.01673773933239257, 0.007850576038648022, 0.002975256803648231, 0.0007059430607533574, 0.005987434937671422, 0.0055037663926067616, 0.009901903877242981, 0.0015074015616662337, 0.006216038015477421, 0.008071977728731238, 0.01089517791571413, 0.009802935399098402, 0.009689526718233187, 0.007206564562228903, 0.0044353622738265396, 0.006033921384183915, 0.011140076061107609, 0.00941250133951681, 0.005984312679664302, 0.003557185628403278, 0.008206908639583727, 0.007247388214708535, 0.008163971893205306, 0.008616747915198342, 0.009301785493243033, 0.005570259186671932, 0.007224787927770743, 0.013944065802180456, 0.013676081466936333, 0.006721698091972739, 0.0052935159598502595, 0.0070890423324829685, 0.004976393723209731, 0.0027593241682428537, 0.0061670936939936995, 0.00887338365155709, 0.006208253225845366, 0.003308875889614114, 0.007954410031318103, 0.010752272547950758, 0.006063425317589839, 0.005304890526247012, 0.007748849485920858, 0.007591541302989594, 0.0037774201546312944, 0.0072154923189470975, 0.008563135395327973, 0.0058252520876618825, 0.004017275571421755, 0.00925662515600623, 0.009733768816889258, 0.005546657592307515, 0.005562355202571616, 0.009698236127583275, 0.00795828094466037, 0.0020182206650873223, 0.005466002253592825, 0.011056456676024753, 0.008818449137201024, 0.0016794092833769272, 0.004349434576230751, 0.00700178437365285, 0.0040782388781865275, 0.0028543814003998895, 0.007346590952612058, 0.006406684979411746, 9.300242245569049e-07, 0.00513135815331983, 0.013258211300406216, 0.01248796459081539]}