{"method": "lse_cyclic", "P": 50, "value": 1.5201160596303844, "x": [0.12324485201957702, 0.017650041883255654, 3.6848572610735944e-06, 9.907561891597946e-06, 0.014020016572802062, 0.019904134343454255, 0.007309421612971284, 0.008582396235318108, 0.04906852337668575, 0.05235817749091367, 0.00032112496201445486, 2.2303794433438386e-05, 1.8833903855129435e-06, 2.0249544258584275e-06, 1.1687488728877868e-06, 3.630373245290346e-06, 8.800716746190753e-06, 0.0032971119358892287, 1.0768408068263793e-07, 0.0014988206297290331, 0.05689967198920565, 0.005535141254759061, 0.00013261580979102226, 0.005419041024750547, 0.01493316685546192, 0.019369303404875797, 0.016954385302617163, 0.01969491051015335, 0.03175415233865232, 0.015413129863540383, 0.050571738136453714, 0.045003753727824995, 0.03781441412229056, 0.0329354547069059, 0.030379805231569978, 0.025791176672138122, 0.021217637440140963, 0.02136591632934391, 0.017519491025806293, 0.006559007913234058, 0.0023807987262142974, 0.01954510134035777, 0.02339446775534401, 0.025572590869643776, 0.02674868056714933, 0.025340327423871215, 0.026013613947312123, 0.0275342442555203, 0.025302267593265287, 0.025595860717853046]}