{"method": "final_warm_cascade", "P": 200, "value": 1.511977318458646, "x": [0.017149293830419295, 0.010870601860442114, 0.0008191936377427772, 0.0005563484491491173, 0.00732801642418031, 0.008235591872916925, 0.00812537179259665, 0.008321193059289057, 0.004226394698658136, 0.0041878854391551555, 0.0071375873752074, 0.008028086704122033, 0.0075745830730820675, 0.007194721663974275, 0.005992840804546865, 0.005861147918167867, 0.004467261859822106, 0.007777982322640718, 0.008075643684615184, 0.006663067882826888, 0.006027333086569497, 0.0056233195895929265, 0.0060428810842181845, 0.006683466251897319, 0.007721739367309054, 0.00823526453096735, 0.004610332963964464, 0.0059102403082626825, 0.006490655967933992, 0.004178014215460528, 0.007637394130264893, 0.007104538595919103, 0.003586768618606895, 0.0012909845452738764, 1.3049057192070253e-06, 0.0012237425632936785, 0.0034910984911923413, 0.0010450514663907348, 1.4303866302132455e-06, 0.0052458299052699905, 0.0066715622683979296, 0.0002494852166364421, 1.462933356317426e-06, 0.0017682030032909713, 0.003262397941302171, 0.0054744859125951135, 0.006905913558731192, 0.0022212936900048736, 0.005379831951988363, 0.003291499289559412, 0.009255941483490612, 0.004354807453546674, 0.0066237080025797574, 0.004967300408319202, 0.004303334142363451, 0.005913997836191592, 0.006787433830154602, 0.007596080257938906, 0.007809117709261995, 0.004772431850270599, 0.006570288576455278, 0.006357396028520132, 0.007676100436971232, 0.009079715405924817, 0.010260096759530874, 0.005241451585692688, 0.009578943581116158, 0.00821237795880548, 0.009556422235614566, 0.009827139648435209, 0.012060763765163506, 0.009154159347057295, 0.008081377076962186, 0.00936910934708154, 0.011399068312755152, 0.014590614939198424, 0.013911705907662998, 0.008215471892001875, 0.010418235363097345, 0.009235415600216516, 0.006573702688891995, 0.0077097786000827956, 1.3717378413569298e-06, 0.00674203996549833, 0.0009163261155573117, 0.00936358438892736, 0.005657010792473384, 0.006484659278163075, 0.007980748683536074, 0.006505281436711217, 0.006140781930310647, 0.005790749621244542, 0.00398457332595529, 0.00475523677392921, 0.003688187707192218, 0.004986839360903408, 0.0038233107763808354, 0.006124051043555403, 0.0022842036035214926, 0.004930985895684426, 0.0011873345769251266, 0.0030535744821123126, 0.0013456181087316478, 0.0027315435161335277, 0.0001592186372410904, 0.0006985588595226001, 0.003090830541605032, 1.2793693103277118e-06, 1.9851939486037665e-06, 0.00015269676225701764, 7.771198241370477e-07, 7.479492649184832e-07, 1.0733307858603944e-06, 0.007449941415567468, 0.005025226265281568, 0.020003569543022577, 0.009899422441002769, 0.017166458839572834, 0.008026303470559442, 0.002550854742265282, 7.54932612221525e-07, 6.335002712370304e-07, 6.404352138319764e-07, 5.93635593319064e-07, 5.574645643404619e-07, 5.281068545674715e-07, 5.839685605729546e-07, 5.498320659563141e-07, 6.299704594154392e-07, 8.05757738291234e-07, 8.620549908394881e-07, 7.945720844937245e-07, 8.373459410132399e-07, 8.398311592225715e-07, 8.620846679796656e-07, 6.563499403162078e-07, 5.645419257697411e-07, 5.169261165220343e-07, 4.998151368371892e-07, 5.505743237772524e-07, 4.891237722221173e-07, 5.250078613028576e-07, 5.191092029550177e-07, 5.889822361314476e-07, 5.855983644146361e-07, 6.320105626047721e-07, 5.341011036707568e-07, 5.121529163875324e-07, 6.293634036536087e-07, 5.589542792446105e-07, 4.906877153861128e-07, 5.450538799853271e-07, 5.565291002431469e-07, 6.066671852791352e-07, 6.339776635943305e-07, 6.525126394698406e-07, 6.847457765287248e-07, 9.700876071522403e-07, 9.054083513431144e-07, 1.7388947508553654e-06, 1.2886894145340972e-06, 0.0165978606124617, 0.02492069640681694, 0.01259289793942794, 1.981624469958547e-06, 0.02350939392961378, 0.0016211297203488923, 0.00912914468179757, 0.0077837499954618436, 0.0057371537042518244, 0.01202460757171098, 0.005712847813725514, 0.0006613016543396203, 0.003141767200096245, 0.0011578872521605164, 1.3291188918831612e-06, 0.005087646194299901, 0.003928746744984406, 0.004870900425644888, 0.0015897516862627876, 0.0007229892109128925, 0.0024481373924933507, 1.0771839147062081e-06, 0.0024091860941713667, 6.430136112450281e-05, 9.521484435549783e-07, 8.738464728212375e-07, 0.00023894694808984264, 0.00195099891873981, 8.146277964025095e-05, 1.3989750610555098e-06, 1.2989608054954209e-06, 8.840603961608375e-07, 0.0008439978632269541, 0.018645136533759012, 0.018440673298529428, 0.024353017463084804, 0.03470322358595006, 0.0145165004400946, 0.03633545257248426]}