{"method": "final_elite_breed", "P": 50, "value": 1.5192384181694125, "x": [0.02223772649914158, 0.027853249665405404, 0.024848820843397592, 0.030052092291237315, 0.024909623701517714, 0.022690939563032038, 0.025716680934024558, 0.028300156093470297, 0.02977092940204184, 0.035631376644179084, 0.03949175088964783, 0.03737309975969025, 0.038543263599552215, 0.03121122663372937, 0.023672212326879372, 0.02902964739578221, 0.04434109012935455, 0.0061329772834737735, 0.013208590572197995, 0.0031422981051119074, 0.0021182216446960396, 0.015985755511330302, 0.01922180643179077, 0.019255275000963513, 0.011946495895804791, 0.00978312233850266, 1.1554427977753559e-07, 1.6758041879043141e-06, 4.301250126828098e-06, 3.909825945184791e-06, 0.027905510713520702, 0.04336550002773661, 0.061403542649655724, 0.0162340026863256, 0.004200814629007912, 0.03062081111220159, 0.016758523812242115, 0.0005191796830022849, 0.00016295430986637614, 0.0003593711516820539, 2.173429818522558e-06, 1.5312104310284754e-06, 3.744214953523142e-06, 0.0015834364187281545, 0.010448214934371073, 0.009282459416450149, 5.16106051628594e-07, 0.016072923719709864, 0.033476711045930134, 0.11111964714782038]}