{"method": "aggressive_beta", "P": 100, "value": 1.5173847979185546, "x": [0.01581947275738421, 0.014901119814537508, 0.014122580649830603, 0.013935887957596108, 0.011217819793505775, 0.00929628560461144, 0.007002016709217831, 5.620112743736643e-05, 0.007218622748035169, 0.008411116235264878, 0.009138390174584466, 0.012444586695576947, 0.012632971090820146, 0.014597070368528354, 0.01581908304755746, 0.004045480119781031, 0.005679950158315686, 0.007489774381583805, 0.006964472868987033, 0.010641079314032914, 0.009186370854743107, 0.013264953165603357, 0.018495563680756014, 0.015209275059688597, 0.009868953795851025, 0.010914591468801419, 0.00896882553765337, 0.010043355937707702, 0.008818548438268363, 0.0064261860546949295, 0.016302786978234406, 0.01643841128562677, 0.01679662730410055, 0.016059663743406737, 0.014817164134098563, 0.013084259247330898, 0.011508894208095958, 0.009833818348337181, 0.01266213649170182, 0.014847733028940949, 0.013953878902938872, 0.018466646982079445, 0.02164120135188008, 0.02102689297106724, 0.03168609033304746, 0.016117750047688867, 0.017031269104894806, 0.014890067233389178, 0.019478653800278946, 0.01375895598319349, 0.011635635750123146, 0.0011585314892960386, 0.0019399782982715819, 0.0009454585259110764, 0.004501908325820432, 0.0011934124486633355, 0.0, 0.0, 0.0, 0.0, 0.020265863180382145, 0.00048497948072415614, 0.0007309563805512452, 1.1464571155802916e-07, 0.0061216021876594135, 1.5152742463271255e-07, 0.0029529174614568764, 0.01126413772977081, 0.0041183635394469375, 0.002222419615673682, 0.0055496336512460215, 0.0013700775847820675, 2.208783270649557e-07, 1.618687072117563e-07, 1.4122088569131216e-07, 0.023757444121297, 2.5456590936501314e-07, 0.005113801925182935, 0.0002287981808758238, 0.006111948741200517, 2.295407594344735e-07, 1.439193500684014e-07, 1.3694778923660546e-07, 1.668009656990214e-07, 0.03932755367092582, 0.0017824569144952562, 7.100521720420983e-06, 0.00038788747104828475, 2.958662658405992e-07, 0.005925708867415903, 2.6468734510135334e-07, 2.8542042300721833e-07, 0.04410536024116878, 0.021143764351385878, 0.013595760346568076, 0.01827110605646101, 0.012050009914815443, 0.002712501680634693, 0.011186148861221948, 0.07480069750265048]}