{"method": "moreau_smoothing", "P": 100, "value": 1.5208962451471697, "x": [0.00863134228409013, 0.00869656498841054, 0.00876747971915559, 0.008835005026309076, 0.008913118558463587, 0.008986053130089372, 0.009061110905451126, 0.009140264917640204, 0.009220796773424595, 0.009304853510329069, 0.00939455641146945, 0.009481274797717373, 0.009573925075270993, 0.00966497946796167, 0.00976779157977709, 0.009865857562903362, 0.009973333803212863, 0.010082535024560895, 0.010197911795510967, 0.010314782844026099, 0.01043406279793873, 0.010565956734504438, 0.010700509967854826, 0.010838636721304149, 0.010984276492571, 0.011140870287019019, 0.011299055877115773, 0.011471123111906439, 0.011649623542237725, 0.011842841906771337, 0.012047949541664788, 0.012260773509431642, 0.012493479767081287, 0.012742488622723938, 0.013012365369869966, 0.013302881788065879, 0.013624813156663031, 0.013973679113385346, 0.014361628064680434, 0.014792760045909112, 0.01528857251417209, 0.015880058494968836, 0.01657676411729307, 0.017437738769116685, 0.018747273262965058, 0.020287056571177582, 0.02182141845128654, 0.023990898803338136, 0.022087063566329362, 0.039822767204667917, 0.0028309503814060804, 0.0028618429266270163, 0.0028943951296943747, 0.0029265058236511913, 0.002959567825074696, 0.002995279404575591, 0.003033147892058572, 0.003073713832048176, 0.0031114184396746998, 0.0031541337604481696, 0.0031961793759975915, 0.0032426425943604107, 0.0032885628200443498, 0.0033349326586249424, 0.003385061274520666, 0.003436405628039831, 0.0034935069751961543, 0.003553725981479629, 0.003616702994851933, 0.003683878469541751, 0.003751193509062485, 0.0038257717589267742, 0.0039011496218320945, 0.003983744144090113, 0.004067818127624354, 0.004165259269860692, 0.004261154201333315, 0.004367261856079614, 0.004485929042498068, 0.004607219477656022, 0.004745101470691651, 0.0048911841611115215, 0.0050551142068974535, 0.005231899757203247, 0.00542889361940998, 0.005646674215101744, 0.005893557910692304, 0.006170151263422814, 0.0064818428958404485, 0.00683971695890017, 0.0072819213982770435, 0.007910964115864774, 0.00882923815451533, 0.009690244987381443, 0.009686904443042715, 0.009326517438283954, 0.009495506518401607, 0.014228653589362528, 0.038328243967661255, 0.07999568738126965]}