{"method": "short_lse_long_polyak", "P": 50, "value": 1.5205941282543136, "x": [0.028687737420576544, 0.010921221095383135, 0.029876252462604107, 0.018510052282587057, 0.03187510007556313, 0.020548624234011558, 0.03416886103124086, 0.020266355434495984, 0.028967372421511244, 0.025825659897477676, 0.036347286967955285, 0.030069794105509747, 0.03359114785521292, 0.028144968204346362, 0.03321557610409776, 0.02668225447519239, 0.031582828072534506, 0.03132488375275831, 0.03634639943409588, 0.02440835250823892, 1.9143672857562256e-06, 0.0014575850185980272, 0.004186246496470713, 7.035377619064344e-06, 0.001136456156293628, 0.010833711867632068, 0.0035247426500109947, 0.023270231063940442, 0.054972955864260264, 0.03271510320551892, 0.013866764722544058, 0.012603752474893745, 0.01452891446723904, 0.016863966417822326, 0.013672040306834913, 0.017184508004738894, 0.01905574193585028, 0.011161206429870263, 0.006191753545489807, 0.004496256076276039, 0.0009368828671944858, 2.1833407699002604e-06, 0.0, 2.9949804671586773e-07, 0.0, 1.8834380865170561e-06, 3.869338049627159e-07, 0.001282922423943782, 0.09241610121539051, 0.08226772599818052]}