{"method": "final_warm_cascade", "P": 100, "value": 1.5129632225923186, "x": [0.07267893844304163, 0.052028420364721065, 0.009065116282000346, 0.0024927265245367008, 0.00023057085501961588, 2.0794206245282254e-05, 9.609138366997537e-05, 0.003058519687689428, 0.011180059853418297, 0.0035329903853703317, 0.011760408172072254, 0.006918747782274388, 0.007942742350550782, 2.1657126432804243e-06, 0.005949498101481094, 0.004175991482495112, 0.016947217229348138, 0.028512695987189165, 0.02715501096124449, 0.02415755905073356, 0.003846809755421447, 1.6827996084671002e-06, 1.890241428858567e-06, 1.848718147656005e-06, 1.1515637417257075e-06, 1.3760665852329254e-06, 1.5911590273359348e-06, 1.8038265976632914e-06, 1.2671888832326903e-06, 1.6532829647824788e-06, 0.00022192434763306721, 1.4692747766460882e-06, 4.639058482700699e-06, 1.365248101081361e-06, 1.664870350887045e-06, 0.0026870267824298326, 1.2925305113371955e-06, 0.001668268639405487, 0.0004302772000307844, 0.001849207796795, 0.022943117716158284, 0.03292136835550904, 0.001837887182267812, 2.3400407394876412e-06, 2.070885675168891e-06, 1.6524377893938375e-06, 0.0039369887334299, 3.4376673292073157e-06, 0.014533832660335127, 0.0020707738593807147, 0.013066334880611298, 0.006624393972419698, 0.01185823915112152, 0.0057607766310010175, 0.010201873529980605, 0.011157099499983942, 0.011892187666081676, 0.022095321232590434, 0.006120482841893101, 0.00022160506216194358, 0.03084874186905099, 0.022613163243663623, 0.023449812979565113, 0.02329184078993448, 0.018710667868660474, 0.01841750782791541, 0.018623368132970095, 0.014666752589822536, 0.015515267508998606, 0.014942306157066702, 0.013748510300966023, 0.011953149811517304, 0.01172895970104977, 0.010539048908118189, 0.00895393236809939, 0.012994586813034193, 0.008625856722838386, 0.009570253764164944, 0.004237963527467388, 0.0022025522508383943, 0.0026781377932869675, 2.1545918974926655e-06, 0.006895169047436961, 0.011408564064079236, 0.011316710770934619, 0.011158524467472385, 0.01336762139929984, 0.011993882279385762, 0.013402314878359843, 0.011482879933895749, 0.01595885755515433, 0.01016907202245251, 0.01412491643913675, 0.012037608051976388, 0.013512918863101424, 0.013502075035640068, 0.012615099501055322, 0.012965662784551716, 0.01015029227586218, 0.019737035936150792]}