{"method": "accelerated_polyak", "P": 200, "value": 1.5154502019276979, "x": [0.02708089138112269, 0.02483378953195308, 0.016879187455352766, 0.013836364961936702, 0.018337364134932338, 0.02377623882665999, 0.02003221587833289, 4.3169072425418093e-07, 6.514673000737898e-07, 7.829396028135935e-07, 6.385091828159554e-07, 6.841812674420671e-07, 0.000695784756285481, 0.0012127364347282552, 0.0020419034851979607, 7.414104299749039e-07, 5.778693167299973e-07, 0.0006169435082850845, 0.0011683738973283912, 0.005194571570163962, 0.009982643332763443, 0.005223441542192032, 0.013210210898756835, 0.01189049233272761, 0.012874750459769718, 0.016317513969317868, 0.01235977921305274, 0.0014630824027840573, 0.014924327939751394, 5.25495537654279e-07, 3.6785938714497065e-07, 1.1351256284947491e-07, 2.1632291241457913e-07, 3.132437976687196e-07, 1.539830256488077e-07, 3.3778154243274763e-07, 3.808263811354848e-07, 4.4585866699595455e-07, 3.988829144837378e-07, 3.4174847843259326e-07, 4.136592980325116e-07, 0.0, 3.163982622021363e-07, 1.740010649111479e-07, 5.328963897519675e-07, 1.2327489134239924e-08, 4.477047270662942e-07, 0.0, 1.0637100190739609e-07, 3.5146186983551335e-07, 4.927486337973788e-07, 0.0006540484160515297, 0.0032990965295920426, 0.008681230052593294, 0.009359647854889769, 0.008049659819270864, 0.012651995510091885, 0.015249878033962407, 0.002209580762974283, 2.617600532858796e-07, 0.0, 3.216035199886002e-08, 9.65433289000487e-08, 2.0743666831965331e-07, 1.2759543789379446e-07, 4.626597636558637e-07, 4.2235931083708626e-07, 0.0002763139756642625, 1.1289131637024587e-07, 1.6238983674554398e-07, 0.0, 2.4389175584278826e-07, 3.7937310034512697e-07, 2.626658236438991e-07, 0.0005295360966755951, 0.0014561176462800122, 0.0, 0.0, 0.0, 2.5905485054375677e-07, 0.0007872548566183573, 0.0018450174669380854, 0.00024797483356214187, 0.0015078419973880495, 9.996308998234541e-08, 0.00817020265359087, 0.002431373615376582, 0.001623434911280261, 0.0, 0.0, 0.0, 0.0040981219312045255, 0.006115816497022377, 0.0043827515447736765, 0.002490614695968197, 0.00365606380269262, 0.006043670007947428, 0.006069765521215028, 0.0034720851150934653, 0.002337645215327406, 0.0052114558389154166, 0.00579390979787372, 0.0029839547701250406, 0.0004682965952758858, 0.006021136824894773, 0.01195815296796277, 0.005579069911984891, 0.003228587833274765, 0.007996088089921062, 0.012708619347116453, 0.013192199944225491, 0.00972401201608678, 0.0074786201305266685, 0.012948460119746012, 0.007270863714904768, 0.010972401280437683, 0.012061231081654761, 0.010383482279822482, 0.009670282556680874, 0.007194967351078246, 0.010151436164641123, 0.006993285852520703, 0.011261210081607735, 0.011115076693999493, 0.008981884272882223, 0.009606910999273473, 0.009056660489186397, 0.00717222063831728, 0.0041305490777641864, 0.004204325050944847, 0.006923575902510765, 0.007587228320229939, 0.006445470173412189, 0.004080325341298365, 0.007773271031591442, 0.0015423554227423015, 0.0032580720943930557, 0.0032394787631015477, 0.00334411436332383, 0.007525414465277812, 0.007231298328451112, 0.004759014541359519, 0.005369146621424433, 0.006486825699850562, 0.0027097444079090746, 0.0036710544778705495, 0.006368877821869383, 0.006519603092585076, 0.0010054302877721695, 0.009914191908876465, 0.0057182678067451845, 0.0063424128008555385, 0.007784252048883659, 0.0069665242581172515, 0.007210140397960469, 0.007639377728481057, 0.009658535432562735, 0.006136470912723861, 0.005763011663996867, 0.007648571018487012, 0.006884947681934101, 0.003821362454751749, 0.0008875495854480969, 0.011317689820017655, 0.002074144118131433, 0.0017751405093586652, 0.005590883253322027, 0.005494416879815956, 0.004252234922539851, 0.0037888570834857293, 0.009043847129520192, 0.0001842359548701846, 0.0032082247130356873, 0.005346266453882506, 0.0021634453321396734, 0.0021778251762812986, 0.0068804242587850025, 9.3560568116981e-07, 0.0037885884169011454, 0.002522474664231664, 0.005173305790614469, 0.006062475203486535, 0.005856767100472234, 0.008475176346640767, 0.006176436863447396, 0.006075336293952684, 0.0050320335498631776, 0.0047185437465257765, 0.004968413484847135, 0.007262454383076056, 0.010011668654848253, 0.003043480536703887, 0.010310592571675155, 0.00442075374222721, 0.0024069335345236883, 0.0016229888568612147, 0.0044767783691109075, 0.010409730649952648, 7.951092653668093e-07, 0.01848700311556549]}