{"method": "coordinate_descent", "P": 100, "value": 1.537192895611985, "x": [0.05157011612906531, 0.0305115656630931, 0.0062821956798167905, 0.012083699318426266, 0.00425426468055884, 0.02339067448678846, 0.030491645956345376, 0.020694836362521472, 0.026147353007451128, 0.00017434629558393155, 0.02223086008997416, 0.03488711486291302, 0.02102499897508425, 7.843090602422374e-06, 0.0, 0.0, 0.0, 0.0, 0.0, 0.0, 0.0, 0.0, 0.0, 0.0, 0.0, 0.0, 0.0, 8.207914410795765e-06, 0.0, 1.4214799844065461e-05, 0.0, 0.003082775488008029, 0.002734202152794447, 0.0006474690576586703, 0.0006973115793548798, 4.137620657524452e-05, 0.0014608159462839976, 0.004565878465090814, 0.002977145981606373, 0.0006911379569026607, 0.006861071145935565, 0.006243346610546201, 0.009405382488502959, 0.0030160680896561096, 0.009976184099695069, 0.010694268604767678, 0.01899459644032794, 0.031889198391997775, 0.010636160297411826, 5.144085510544959e-05, 0.017455499060963674, 0.0045490566833924035, 0.0025215163018727955, 0.010129786404426218, 0.025917012095786656, 0.014228923689291788, 0.021408299018231634, 0.009921488569099472, 0.009047433914848298, 0.0, 3.778760301393713e-05, 0.021453041849689675, 0.011433276748398932, 0.0018519325572440154, 0.025329981498367054, 0.01619056868310692, 0.015256885015559375, 0.014508984855056918, 0.020701979118106333, 0.016559658153846423, 0.024476236816105872, 0.014482260822920976, 0.0014308409500587128, 0.013391265090762099, 0.008708291431503193, 0.002215827808532494, 0.0002886546481593185, 0.015886623978541944, 0.00876419706380424, 0.015327996769001255, 0.014801566952596016, 0.014016087838948211, 0.02161731969563528, 0.02200030622188239, 0.014349221725937243, 0.008531508538949035, 0.02018321721756658, 0.0028751892730388092, 0.0016976630600508426, 0.0, 0.004480109081141561, 1.428753480577354e-05, 0.0028999433149794395, 0.0027198995051552917, 0.002430857596846834, 0.02292785495321428, 0.01301040408123876, 0.01532784480378085, 0.01524788337214567, 0.0289537608616932]}