{"method": "final_heavy_tail", "P": 50, "value": 1.5171834627338512, "x": [0.08757854786155031, 0.07339255274914669, 0.007204927475115998, 2.1775478734840546e-06, 0.0018579161201187112, 4.344000715116709e-06, 9.945754951652043e-06, 0.0, 0.007673480604678795, 0.0014267807766044085, 0.009233873533292648, 0.002831275907680469, 0.008004898723265434, 0.00437824681964408, 0.02927939162224471, 0.018791107943888257, 0.008052535718445487, 0.024418123343298168, 0.005337813187964442, 0.008981102262703565, 0.04586052174816961, 0.04546361048566358, 0.03271635738695514, 0.0016562345244233762, 0.0071699836497684626, 0.0, 0.0, 5.620286575348821e-06, 0.0030393722531974745, 0.0024953138417312636, 0.01881662947409368, 0.048588310834231645, 0.026671938647253323, 0.00906126855937603, 0.04918460005127689, 0.014237923391405014, 0.04148172222882197, 0.02476806274912328, 0.037698687724583166, 0.029469106305602514, 0.032677306840459455, 0.019675154095472464, 0.0253922515355554, 0.03375521700436376, 0.02349165424791025, 0.029933361127109172, 0.020919600306485736, 0.035927128057478115, 0.003985274343624244, 0.037398746346107334]}