{"method": "baseline_t1", "P": 200, "value": 1.5117352649722198, "x": [0.02730093643189084, 0.03392699351303994, 0.023170432501962667, 0.023662901561818706, 0.010956190109107289, 0.0015442339764435205, 0.011369540976875373, 0.004125228354565569, 0.0019496572947014686, 1.6012764569753667e-06, 1.3332430383471482e-06, 0.0008467082228926105, 7.20712991745261e-05, 1.1962609868690387e-06, 0.00010189182712326421, 0.0008733895477586416, 0.0008223366319942418, 1.030657966703983e-06, 0.004153458365123485, 0.0006214023844735574, 0.0015002878663134208, 0.003909262925409359, 0.002830781780758965, 0.010106788101536776, 0.009091230497137589, 0.010755637424657316, 0.018062186070475487, 0.012615990781951275, 1.6593877105031183e-06, 1.2902109746110307e-06, 1.2926390001117558e-06, 1.2073925306901367e-06, 1.7258484066462954e-06, 0.00400513197473787, 1.1374446882895406e-06, 0.0028085568356667964, 0.003518850188657083, 0.007268562748618565, 0.007336981283649351, 0.014237437877891869, 0.0196107918533701, 0.019060134241146876, 0.0019714796302770297, 0.0002076744650910093, 8.244491941188442e-05, 1.0651236508039431e-06, 1.7365025010148115e-06, 1.971254385619997e-06, 2.8211573349974717e-06, 0.00041585768310511853, 1.729383937470062e-06, 1.299971975426482e-06, 1.4557197515430553e-06, 1.7697496520377077e-06, 0.0004419012200620946, 1.4581143646286565e-06, 0.0024376580667126047, 0.0005063652263740099, 8.497837512661499e-07, 1.2049489483684468e-06, 1.3384416941215495e-06, 8.950520173404534e-07, 8.418363980746304e-07, 7.969546546243855e-07, 1.0703556143260114e-06, 9.221112083019792e-07, 1.0738420059933966e-06, 9.883991674647886e-07, 1.4838918820968899e-06, 1.4148494236043648e-06, 1.4555254674860904e-06, 0.0005958959492786224, 0.0001796916088456006, 1.1217177699286733e-06, 1.4932454580499755e-06, 2.0064828329154323e-06, 0.0029899543021672578, 0.0001597064967173608, 1.5115415560757178e-06, 0.0007220723113396221, 0.0009314762476736553, 0.001922783723088538, 0.002266696916598089, 0.003100451528739217, 0.003696423955042815, 0.004202055189725202, 0.003170965228990187, 0.0025273694881005017, 0.007229717153191059, 0.006027434476934178, 0.0011839641358884574, 0.014168895752827804, 0.010890067899188154, 0.014904610569517491, 0.01846167188849092, 1.3220923029174246e-06, 1.0601488759411025e-06, 1.2688150960942711e-06, 1.9244209885422146e-06, 1.7561389226428745e-06, 1.2235390491463833e-06, 0.0007891504745397858, 0.00012193196492634638, 0.0020667770222265827, 0.001823614535849111, 0.003195973288294508, 0.0008299615812852295, 0.0009984188073783977, 0.0008658935688359502, 0.003319431576674582, 0.007744700158756061, 0.0040541624239233565, 0.005321648054040689, 0.008148141560682312, 0.006478322609937342, 0.009893612683051202, 0.009703674720781515, 0.006724642834721275, 0.00901677781513561, 0.009208085368408619, 0.010853184477011987, 0.014878251061685503, 0.01455018542575753, 0.009822169694100923, 0.007739227180482277, 0.012008746904349879, 0.00912017782760335, 0.006629745400338993, 0.007379583065793837, 0.007635850997966547, 0.008457955672464266, 0.001664494803834786, 0.0051100741448551375, 0.006854452548407877, 0.00861675521611851, 0.01460983433145351, 0.009971095201391411, 0.011347867356179202, 0.0032976803650998543, 0.012380685233904652, 0.005027549189062287, 0.00859870016895768, 0.004018399334706338, 0.00808159574198172, 0.007549303336066986, 0.0020518913845304423, 0.008449565657763487, 0.0015990699373081595, 0.008678239513796739, 0.0026823108926791197, 0.0063262195166984905, 0.0043319097921516725, 0.005487332824210591, 0.006001570632513995, 0.002426507480939515, 0.005756813826679544, 0.002430601209280761, 0.007379895994458343, 3.513410037129818e-05, 1.452788279426353e-06, 1.292803750758635e-06, 1.2400766984479785e-06, 0.0020739416994153955, 0.00826772358861975, 0.0066135743174328444, 0.004257980440652367, 0.002563518466601285, 0.009773031118980865, 0.006353927073439197, 0.0028951830595236347, 0.004480978306023866, 0.011210908546521074, 0.005194526670537087, 1.338787060607657e-06, 1.47581433582675e-06, 0.0050940390859302385, 0.003711578313174732, 0.005694791633174917, 0.004367750403255751, 0.007834148943495704, 0.0050515597867246825, 0.007833698987704672, 0.0029823644171165166, 0.009599641714535144, 0.006749821576195657, 0.003707050277398311, 0.009598731333044407, 0.0031080971555639, 0.012859740847984871, 0.0005332895971658329, 0.010639964421242537, 0.0050537927269564496, 0.008996620599555617, 0.004467472315636982, 0.0031651669852980724, 0.01439024281242047, 9.885440779386202e-06, 0.010529502311618885, 0.0009667844363697889, 0.021547544868677476]}