{"method": "frank_wolfe", "P": 100, "value": 1.5220611458961852, "x": [0.028983771461034483, 0.012647760312334532, 0.003961205970609394, 0.008289089217944941, 0.012782157710622919, 0.003546721217368215, 0.005616064516190349, 0.010689776846254577, 0.007231135451090588, 0.014551424436080719, 0.014260022554703166, 0.009321003633836372, 0.008409447930083509, 0.01075833560018028, 0.009975629663459292, 0.00870050223346283, 0.007374289195514924, 0.011777959701431202, 0.017511834491824526, 0.014769580903448468, 2.1172210743763986e-05, 0.008011752104330756, 0.011521586082991933, 0.010799739289170905, 0.012232768726928609, 0.011493866334718588, 0.013633001911223495, 0.01635390481413982, 0.016132950158173936, 0.007574176947725217, 0.0056404456004780215, 0.013284422357206064, 0.00597379098648336, 0.015507053413578257, 0.016912602788044705, 0.01864973519213203, 0.01598996253721379, 0.020291569652062077, 0.015103178452426775, 0.008533467700903751, 0.018497481663979572, 0.013868133479635007, 0.01235399512909533, 0.012038527190586958, 0.03309472021287034, 0.0223753732452918, 0.022493576200052646, 0.017583448997798224, 0.014662328671873746, 0.01195078150955494, 0.006997306220677021, 0.00658219470541799, 0.002935580677908625, 3.4277385452503247e-07, 7.550592357535536e-07, 0.0009159344483739429, 0.005271484249598735, 0.007172237744245222, 0.0027630405499395466, 0.0010576281150104247, 0.007415971677666983, 0.0015982721661070393, 2.3755280102703104e-06, 0.0011002183972749582, 1.5113057416510319e-06, 2.671605602945606e-07, 0.0007193923356826455, 0.01293830764983771, 0.005654216762501399, 0.008610671722170681, 0.0031268177096145594, 0.0, 3.094474640198779e-07, 0.0021634581231554863, 0.008270099872211981, 8.833595836803609e-07, 0.0030267593411697985, 0.011460543106627504, 0.00515712151546804, 0.008354248816088016, 2.3474325244315667e-06, 2.0792927480638124e-07, 0.008646067863576254, 0.010129943377868707, 0.006022583687012566, 0.010530753185558774, 0.0020989120445889086, 1.1307796832216712e-06, 1.0288832448736842e-06, 3.4273640042979086e-06, 1.9019595045620375e-06, 0.022747566253725406, 0.013818066274633535, 0.02087108333010909, 0.019386327353029545, 0.013325529609875417, 0.02699291252058448, 0.02814919860526222, 0.027241274649493274, 0.03299455974635693]}