{"method": "softmax_temp", "P": 100, "value": 1.527111148370433, "x": [0.02548868911234738, 0.00437150802310503, 0.023095814547408156, 0.010085196920017333, 0.014380766809553766, 0.01328247806864306, 0.009693512274649015, 0.012658434762810502, 0.008400081673477021, 0.013324085742156622, 0.011419286879107053, 0.00887783993128109, 0.01336838304064246, 0.006439538388970604, 0.023031057378520837, 0.008402136939019792, 0.010796315779498673, 0.008007927195447517, 6.642210693986245e-05, 0.007345817522477149, 0.002807893203661257, 0.006636694846202166, 0.012180278346585003, 0.010493725736746298, 0.016246754597604877, 0.009092928725086985, 0.01128980197911432, 0.008385128050391528, 0.014177486315118485, 0.008463443164245483, 0.016776430398473288, 0.013538594646815769, 0.018124443490403725, 0.015864174184560723, 0.021780703522479704, 0.01967509915181648, 0.02205992222788028, 0.025666747233355235, 0.02953974978802291, 0.023362329459189438, 0.002067691247179221, 0.01249028295523241, 0.020582274194875804, 0.013739709873446264, 0.0040669711496981, 0.008192997979428485, 0.006824827463299961, 0.0068534428179722945, 0.006696910811499676, 0.007203080038736661, 0.002216588219297523, 0.010321158400693605, 0.010726443757088311, 0.009903219183021622, 0.018219242972566854, 0.013595085028474256, 0.00042133960209192776, 0.0038745689285359756, 0.0042440847185515225, 0.0035823658854730544, 0.001337120538977041, 0.0, 6.375485178720273e-05, 0.002249719654680992, 9.433763284991246e-05, 0.0013305208543837284, 6.344474312516753e-06, 3.7773329725410785e-07, 1.6049366375929412e-06, 8.652780683640022e-07, 8.490085476225487e-07, 0.0, 0.015858531463102853, 0.010474082044536806, 0.0023666569017952305, 0.001754966588042998, 0.0009619202927197945, 0.003597797891575087, 0.0041395915663195665, 0.007763117684652824, 0.01953341336271188, 0.018122947978025366, 0.015914286416481783, 0.01287938446115339, 2.4071292298929805e-06, 0.0027708035821640167, 0.00669096502061536, 0.006228933312617775, 0.00971995837476032, 0.007022644801653673, 0.007439335032094212, 0.010488829079516714, 0.01165653877416125, 0.01135621117657035, 0.01111813815624344, 0.012325932288182996, 0.002174027783005362, 0.009019659287046209, 0.03808253662587022, 0.030930980570617796]}