{"method": "final_warm_cascade", "P": 50, "value": 1.5187188651747994, "x": [0.032973633887590274, 0.011404346998179238, 0.030981503244461125, 0.016062985972500797, 0.023489924772294474, 0.029266434950449737, 0.03341851119552669, 0.03006473869841508, 0.03250058551721886, 0.026772861810164826, 0.024527629351528784, 0.03877172355407396, 0.0157418940071277, 0.04217501932095416, 0.02152383166073486, 0.051634984830406024, 0.018610581037409434, 0.032781347332512735, 0.03718873892831517, 0.0064380187586694825, 0.0016677110235940183, 2.327868949067437e-06, 0.002499400130984644, 0.022564573583327918, 0.009995631851876467, 2.168775577170473e-06, 2.2552285856282247e-06, 0.0038388901524817184, 0.031405982762035115, 0.05876135143876697, 0.02433865466061925, 0.012091370044597519, 0.02890176026085224, 0.012528540325772941, 0.004461614207847813, 0.011757914500606982, 0.008705802087227772, 0.018407217868641072, 0.010038490443603864, 0.008542406172170985, 7.419409917992141e-06, 0.0005074423586028396, 3.5857384733871452e-06, 2.3399138791890187e-06, 2.6517535437990455e-06, 0.01193984980915896, 3.7040372832294657e-06, 3.729642505350254e-06, 0.07585880255174457, 0.08482711556823837]}