{"method": "differential_evolution", "P": 100, "value": 1.5253564460774793, "x": [0.028679257288198236, 0.023750622404246094, 0.016778808397300733, 0.019421742716726142, 0.013191533910376972, 0.019465491804696207, 0.02117628957061036, 0.01671408583990094, 0.026018436886639684, 0.003919335630690924, 9.029751742316131e-06, 0.009329513954729448, 0.013893439899294788, 5.704353785087989e-06, 2.0266848601772448e-06, 0.0035411494309159114, 0.009613059358885862, 0.009016418021519297, 0.011270906201929684, 0.003940733487616752, 4.874063130309302e-06, 2.4585901639295264e-06, 2.825470824566621e-06, 0.0017201312036584449, 0.00581695425727678, 0.01039115593968879, 0.004772167577678248, 0.009297194692290981, 3.1235892626811566e-06, 0.0015024334840552192, 0.004525091356283303, 0.002459249193743181, 0.005568969470676598, 0.005688154291272308, 0.001649556893476435, 0.0037602099618191673, 0.002158287727988021, 0.0023595620633743287, 0.0018217862867493254, 0.004040930412710541, 0.006592597686554607, 0.005489470504483728, 0.0035203009155630417, 0.002569799012650381, 0.0006274607943935361, 0.0022787804126372766, 1.5163791327849688e-06, 0.0006434805471596426, 0.003075531004950987, 0.005489522781982729, 0.012131087453918821, 0.013585350062289702, 0.01593150925536363, 0.016943871724813066, 0.01685668280479031, 0.022307779524806504, 0.022801219966310255, 0.024390817252599496, 0.02265655855241362, 0.01608691909830537, 0.014329672678072402, 0.013418489361551668, 0.01211734847873374, 0.010958764185764629, 0.014351038200418291, 0.01452861412091713, 0.015429553873116736, 0.014987929216920179, 0.013966476983115289, 0.012970299774062062, 0.014346267455110993, 0.014963456455365998, 0.00878627838200255, 0.0100165419431532, 0.0005403749885777288, 0.010874743949727966, 0.01864969316720199, 0.0160408683493195, 0.013469360967098075, 0.014167916554476589, 0.013979242228852648, 0.00544189337348656, 0.005423041763125688, 0.002066905167301391, 0.008881441382684215, 0.014425401516588362, 0.019162267423592352, 0.006808367943513637, 0.0109193227140886, 0.01659873240580941, 0.011850839740500267, 0.0034481918329715383, 0.0037950505773826793, 0.006099547329085457, 0.0048944854073331165, 0.014242211977093619, 0.006132902779960603, 0.009492754159289749, 0.01816684907651441, 0.027993904260210287]}