{"method": "warm_from_best", "P": 200, "value": 1.5112428754218648, "x": [0.02971635913241382, 0.031441251517119614, 0.03749032270876137, 0.015794123487297376, 0.011269250472466588, 0.009766375304416788, 0.0020969367713290195, 0.004163926480006757, 9.170103438800039e-07, 1.789561975279805e-06, 1.0796130467078331e-06, 1.9516720481293404e-06, 0.0010894406814886048, 1.5167166476687833e-06, 1.2641646221200312e-06, 0.00544530694332834, 0.00014505062877905096, 0.00017640901026370645, 0.002031453018541373, 0.006908096204140598, 0.0038025948229135995, 0.004938802750336798, 0.003344063333850427, 0.00199798046777297, 0.0001423626534319236, 0.006027257247008692, 0.0009478428534798599, 0.0023541806788240083, 0.0007073011748761427, 0.003508088058254141, 0.002812310584045293, 0.00788496447826123, 0.009597942706493175, 0.01240720468923424, 0.002526336515518594, 0.015557116107176467, 0.017797650576327283, 0.013601995528615272, 0.009848433761598795, 0.0001016979487269497, 0.015211593024304453, 1.8851336018683813e-06, 1.501622739642141e-06, 1.295620406060046e-06, 8.721181890568165e-07, 7.326728616475793e-07, 6.892029468138505e-07, 5.76358649315757e-07, 7.385319695866449e-07, 5.844055557034394e-07, 5.809199631293628e-07, 5.890631327661173e-07, 5.85236281763044e-07, 7.282047532141285e-07, 7.55180113721126e-07, 6.786372424140044e-07, 8.305811435683312e-07, 8.892104817046878e-07, 6.365277135158602e-07, 8.775971001413278e-07, 8.677244207621335e-07, 5.870240008037829e-07, 8.420975737687947e-07, 9.087864118865861e-07, 6.194013583394877e-07, 8.749309253106164e-07, 9.723413841267233e-07, 6.672237198777967e-07, 1.1730452932206634e-06, 0.0008108734722803121, 1.291874666176522e-06, 0.00024089597874166712, 3.098901799426332e-06, 7.819579631830036e-07, 8.624641334251015e-07, 7.69448112193692e-07, 8.725106665823712e-07, 7.685003784258996e-07, 1.6599597050870566e-06, 0.005696140604571184, 0.0020735285490473348, 0.007975066969280553, 0.01700372700866896, 0.016125433062905026, 0.015765718802913577, 1.2217173809099724e-06, 1.107095830768696e-06, 8.665343305316786e-07, 1.3405785079786722e-06, 1.0955059525413774e-06, 1.0133658806166292e-06, 1.8501030713063971e-06, 0.0029539399853632884, 8.514870863985186e-07, 0.002145448876206032, 1.4132934057393922e-06, 0.004981897187989952, 0.002958301430715407, 0.0034775805240111826, 0.002092508603766169, 0.005380682030048296, 0.00433187922924196, 0.006200265240592218, 0.004244176164389798, 0.0045648718659981125, 0.0017163999030039194, 0.005930301957233461, 0.004737488170507518, 0.004632334141842079, 0.005703702052297144, 0.006065511756901703, 0.0034370869391716677, 0.007220111794948379, 0.010218071753754979, 0.010520192998934322, 0.006599416035483911, 0.003869005904472378, 0.0019581315685784635, 1.5325727160000664e-06, 0.008892433654504988, 0.009466937538915443, 0.015144999406342832, 0.009246188228595728, 0.010399014961934114, 0.011417008189773143, 0.014930412134312213, 0.009999248670971838, 0.007174948636162983, 0.012449908261027588, 0.00947953271202473, 0.010244061507906112, 0.009285520955125928, 0.0061603876992918005, 0.00958541233215451, 0.00880051087643712, 0.007190052087857192, 0.00810949662439497, 0.010007033435801298, 0.004712713749077078, 0.0070886651187693425, 0.007559746695251783, 0.0073062861072007955, 0.0051319740726028795, 0.007662262622532444, 0.0035945083653488074, 0.006201050767396882, 0.004745726811653712, 0.007649662544839714, 0.004803860433859942, 0.004023018907457594, 0.004192663054125077, 0.009167889701745608, 0.0014824909166303315, 0.006579652841882311, 0.006433760596648046, 0.001515863875811235, 0.0003267802451143535, 0.0067103783574315274, 0.002352256085378746, 1.924337704581521e-06, 0.0018742136319806044, 1.5957426771377535e-06, 0.004946032138242255, 0.0006252256674952083, 0.0006336750423847741, 2.4144742876605154e-06, 0.0020630947265375113, 0.012847439367996856, 0.001404596816091241, 0.005325045315743688, 0.010632792822470377, 0.004273523854585302, 0.0008757859907922397, 0.012182665924326102, 0.005885658481568008, 0.0031470075350423098, 0.008455839019697797, 0.008515882906080425, 0.0027941158240532534, 0.00843633837415439, 0.0074500296677038, 0.005352573887358832, 0.004575435950575001, 0.007906257825048828, 0.006922939969955053, 0.0046332717464484295, 0.006150201264729796, 0.010627000164748447, 0.0024323484196281256, 0.005243585516511143, 0.01227597022905412, 0.0029824965254354042, 0.003746690590833791, 0.012799897509584164, 0.001114003557650176, 0.0033763047674829857, 0.014494016079458273, 0.0008363967264461488, 2.1539616581564915e-06, 0.020592068966016053]}