{"method": "multi_peak_subgradient", "P": 100, "value": 1.5240909412844612, "x": [0.02072135839241042, 0.02265136872733769, 0.02519289134162655, 0.027736037050897458, 0.027108392770807052, 0.020474586102399602, 0.017959083830882475, 0.0161748611983331, 0.009846255667643558, 0.015038198710923321, 0.00026254486068132295, 1.2997978156423112e-05, 2.296242866805567e-05, 0.00634062595959515, 0.0037393175380762396, 0.008878383874908241, 0.0035928051855896783, 0.0009662039963880604, 0.0058191297078303466, 1.766387573599953e-05, 0.0054143041270934495, 0.00564920387578067, 0.007763154255377764, 0.007068844425484676, 0.011651598818272916, 0.01234561666960564, 0.009703863613227226, 0.008787029183226382, 0.010740855334882683, 1.641897259252082e-05, 1.2308141047204347e-05, 0.00024226901305305693, 2.6860777771788482e-05, 2.0025127209914974e-05, 2.53263343018943e-05, 1.6946170820062837e-05, 1.689880615009049e-05, 1.2066949642442874e-05, 1.2857217181306873e-05, 0.0015571161364880705, 0.0035859398760238427, 0.0035952951417191456, 0.012830714604595566, 0.004552922949242191, 0.00017410363287513294, 0.00221904953934865, 0.0, 0.001386949934366245, 0.0035495866774861323, 0.007071644131910845, 0.01522762654362682, 0.013705102249921327, 0.006611373339403761, 0.014978037213461736, 0.02202014118488429, 0.02955399356193416, 0.030022536261324544, 0.01351488763529661, 0.01432607149997114, 0.011909658098118244, 0.01310084360688249, 1.6893989581679142e-06, 0.027257253417083762, 0.024835427469328, 0.014662546905833271, 0.01356329769011525, 0.012374907417345923, 0.01335818196727753, 0.013732232821950355, 0.006319939716516253, 0.02113439621342913, 1.9203001441685854e-05, 0.016713521133224614, 0.028154305955881323, 0.00922923808457731, 0.0, 0.0003069594268911854, 0.004056295443406237, 0.016890217726584722, 0.010489840230107007, 0.01226568705472973, 0.003307898841936543, 0.008038504602109343, 0.0219002824919709, 0.019698659764621887, 0.00802279639753115, 0.0017876208915313207, 6.645038416198566e-05, 0.01640488938671079, 0.029514191391769088, 0.0002667723986727964, 0.006644200507543541, 0.005990551987194069, 0.013091848502946226, 0.02402215363255898, 0.0013183287287114882, 0.0, 0.0, 0.0, 0.056983998184854986]}