{"method": "symmetric_exploitation", "P": 200, "value": 1.5125126062113063, "x": [0.027242252041245408, 0.03108745120354096, 0.03168902381357231, 0.019242811637206838, 0.008760485937998523, 0.001449696120570137, 0.0001427367847117624, 0.005141881434091167, 0.0025595172790419496, 0.001988414922328261, 0.002075097895740577, 0.002633547549683024, 0.0016600663621164542, 0.011612637751568376, 0.010716462188067774, 0.004088691184367907, 0.002548925204547126, 0.001938968529914612, 2.5217989344468897e-07, 0.0002585842974768027, 0.010336779985979615, 0.007884699673232022, 0.014575034065607834, 0.004964728435835841, 0.007568140472185814, 0.000991342990963312, 0.021037878043633496, 0.022678793270721684, 1.7139683597374336e-06, 4.807282230326215e-07, 0.0, 9.433570306977852e-07, 0.0, 0.0, 0.0, 0.0, 0.0, 9.87166358617798e-07, 1.2210556505930436e-07, 1.596085191638221e-06, 1.8631855749362822e-06, 7.774651175732331e-07, 1.0825269377871916e-06, 1.5761566632739094e-06, 9.537823762665823e-07, 5.202588101251224e-07, 0.0, 0.0021623158218824464, 0.00046639866120408246, 0.0005594121782905322, 1.5817112182628702e-06, 3.7738632826649484e-06, 4.1018618171934745e-07, 0.0013244066130577486, 0.005819334201834485, 0.01109104761755503, 0.015532383255429615, 0.014168814790278912, 0.007563738888664787, 1.5144080905789974e-06, 4.1711683838982313e-07, 9.014051615223677e-07, 1.4543460531462695e-06, 4.173606859270044e-07, 4.1700841621300324e-07, 4.172102048111177e-07, 4.172104179695652e-07, 4.1706882323441757e-07, 1.8003680899663371e-07, 5.992592820560346e-08, 9.05907197737303e-07, 7.818732179804699e-07, 1.4352010011282981e-06, 6.518078293559666e-07, 3.6872237605064544e-06, 2.460342457988625e-06, 0.002838980144992988, 0.0018851612842396427, 2.8538338788461605e-06, 1.7294084472970879e-06, 1.7311011711050763e-06, 3.333535267824558e-06, 5.361076320131178e-07, 4.1724505555935643e-07, 2.9064249200357757e-06, 2.472538191676009e-06, 0.0013161883424070227, 0.004049755386711478, 0.010729623053762795, 0.00949929301685081, 0.006786621769982142, 0.00027995473769211476, 0.0011366120382372603, 5.7509942015288116e-05, 4.1695296733494515e-07, 9.598532181922702e-07, 0.0011966394302276172, 0.004263415291603715, 0.005973312458800239, 0.005782231213964704, 0.0059484880339182675, 0.005460270348022046, 0.005403160496754898, 0.0052261595104611085, 0.00595495195602, 0.005057602258642605, 0.004013052381834366, 0.005326097868869431, 0.007081512978662669, 0.009079970453244973, 0.009603607272085719, 0.009460359188771012, 0.0069903188200060576, 0.007412807128462057, 0.008204675593337861, 0.012371718265981015, 0.012593754865838299, 0.013458560731209929, 0.011436146608881436, 0.009782689687700276, 0.01200442902405795, 0.010341682836566873, 0.007721766418762501, 0.0067759198922614635, 0.006383525500777038, 0.009995750222600006, 0.00891136998882382, 0.00653142061178539, 0.006437752016333794, 0.006471844894879376, 0.00524717067983255, 0.005316753209607714, 0.008016595468212586, 0.0054580132762400415, 0.005125213409711185, 0.0045606292187390625, 0.005332453265092141, 0.004248566862803704, 0.006774313826419881, 0.005187834858860602, 0.005126078120671099, 0.0023154738417991714, 0.0006456919706145873, 0.0035477397859066035, 0.0004682095391247033, 0.005897151713563678, 0.005208106760723969, 0.0063242406437454, 0.012219435719657532, 0.008964915822354858, 0.007433121484675703, 0.0060987027344557, 0.004228164757147278, 0.010115674225772388, 0.007001686839509199, 0.00547633207595755, 0.007232420580282729, 0.010185673878963639, 0.0027512650276805646, 0.0064622457979705535, 0.008403841120279884, 0.00626176386676254, 0.005456000524211323, 0.007390916543384821, 0.004411393347810335, 0.004016727914932239, 0.00670690781662073, 0.004427936275475052, 0.008935004725973987, 0.0021103377797183054, 2.883147930984186e-06, 0.006790359154167381, 0.00020212930203823337, 1.6573322876881703e-05, 0.0003234435232172045, 5.235396679053043e-06, 0.006806251817180099, 0.002246397434385414, 0.007016636971736275, 0.0022569930959727862, 0.004388868297902462, 0.007432291480147578, 0.006087822992448351, 0.0024417673159701165, 0.009544563188476044, 0.007988220448894991, 0.0011358981635149628, 0.0058674319695587104, 0.0076731052192149955, 0.004789079505808391, 0.006160641553259464, 0.00836231664485172, 0.004395600795680831, 0.00721631549045947, 0.005978520233490993, 0.005210012082765202, 0.014707880031941926, 4.024478414339243e-06, 0.00018529667549204768, 0.02082104270264196]}