{"method": "heavy_tail_cascade", "P": 200, "value": 1.5130379411665484, "x": [0.03980980467406469, 0.04172133101110176, 0.0078152343958736, 0.015550239311097397, 0.022450855535007416, 0.008682863721701102, 0.012936127267572478, 9.325063477275431e-07, 6.491148326594395e-07, 6.080270493179884e-07, 6.740311091066826e-07, 7.09368506498556e-07, 1.3430052158654388e-06, 8.357147007148318e-07, 7.249725603700994e-07, 6.434780176574414e-07, 1.1911948869315181e-06, 8.136939884143524e-07, 1.1738788405521996e-06, 1.2159844291955808e-06, 1.1466340231092588e-06, 3.0458877162176123e-06, 8.1449228681023e-07, 1.0159616631386962e-06, 6.098330160831301e-07, 0.0005773805553757549, 1.4820281293568205e-06, 0.008444647606441171, 0.015190012091421018, 0.012775541469923114, 0.004900122870121435, 7.589108171770796e-07, 1.1389208889193903e-06, 6.570557806890762e-07, 1.26061945498875e-06, 1.5997958928014645e-06, 0.003821108867211524, 0.0009864952256129905, 1.0685545419755818e-06, 1.0054708331157658e-06, 7.071883072826607e-07, 0.0010805120022407994, 1.027968801643022e-06, 1.0472108913333186e-06, 1.1036916418407308e-06, 9.819593297888643e-07, 0.00029005883077130694, 7.177496973389104e-07, 1.9621539073748043e-06, 1.0772513307420298e-06, 0.0004783712948243595, 2.1275168742307453e-06, 1.3884059873849504e-06, 9.822157787478777e-07, 8.669390631966415e-07, 0.0009482787316762615, 0.0028250015242377064, 0.008246342357580289, 0.009079092132242296, 0.0013697146243261881, 9.982396648754417e-07, 0.0025925718135776546, 0.0026997117904339345, 1.2539885143426613e-06, 0.0029133825354826733, 0.006158951022242913, 0.004885183373842253, 0.008891088796748912, 0.009662094797272015, 0.014448349168689199, 0.0009111237021666574, 0.005933172969779958, 0.016263987098014167, 0.003955455215969338, 0.00015111952099824437, 0.004862016237684608, 0.0005426127353248101, 0.012233695467784527, 0.010413060296204242, 0.005687535419016094, 0.004716418483355447, 0.006230380359601061, 0.004293339684974175, 0.005262169003550959, 0.009562944728974605, 0.007223348754880081, 0.00881517990934771, 0.0007453625665582661, 2.15220988498569e-06, 2.0079534459169208e-05, 2.741246734895534e-06, 0.00045925452909086143, 0.00033080296451080656, 0.00044027338970988766, 1.3257663680297125e-06, 0.00047355610376136, 1.1231695070319206e-06, 7.88866189574144e-07, 1.0499688183269906e-06, 0.002480154770767281, 0.005909773209307182, 0.007567452155703852, 0.00790374178559623, 0.009891794503143465, 0.012955716964852544, 0.012932541358592323, 0.009052236499528092, 0.005061001704993676, 1.4086100222944023e-06, 1.5234065588524408e-06, 1.3091247161786047e-06, 1.538995823175997e-06, 1.6855841109756328e-06, 2.415923999876721e-06, 1.19488008127455e-06, 7.122787755710928e-07, 1.0024462854773516e-06, 7.289608069245806e-07, 1.1581123619150093e-06, 8.446102244295257e-07, 8.073945930340206e-07, 1.1246789771413811e-06, 1.4286987345551022e-06, 0.0016291932520763525, 0.004934657271148538, 0.003990188433246088, 0.003582338574750533, 0.003210716924291249, 0.001491440536612632, 0.013889410369445684, 0.008133059941810005, 0.00021773524273562602, 0.004709463963838603, 0.010390567876022619, 0.006913984045018508, 0.012947441943337362, 0.00803239222717287, 0.014589036235251115, 0.006320541148470312, 0.01069145066494547, 0.006184078786606719, 0.007064555369424614, 0.008314900601447956, 0.00994991520389293, 0.010320255683777192, 0.011721291623889194, 0.008420260369472079, 0.01082351292857558, 0.008830250808294374, 0.006719039400497862, 0.008934975619986841, 0.007972993169450453, 0.008988839450265972, 0.006866964296477978, 0.010589138452290167, 0.007649992109059626, 0.00873586748269615, 0.0047633903794263265, 0.006733951395819133, 0.010659074896534648, 0.006384065131816718, 0.007371313978604927, 0.0020741719752234117, 0.007255131605683747, 0.005178578993280431, 0.00879799527682831, 0.00912794312815198, 0.007564429541517675, 0.00857180274721027, 0.0024152130574488233, 0.006912660436177733, 2.0916566663787465e-06, 0.006903978964268642, 0.0031548246396668465, 0.009323931356732347, 0.007704833510690944, 0.00714722066364853, 0.009795343065086975, 0.003171860027025903, 0.010951144453009223, 0.0020499866442149927, 0.008911699758980918, 0.0018267227428213572, 0.007388621971202907, 0.0068216215654369125, 0.006183108560599138, 0.008461931935998182, 0.0012687007640324204, 0.01188433988773341, 0.0027808853274904452, 0.011120041673956934, 0.0037218986481122865, 0.009497296809218389, 0.00568988299142676, 0.004041207752446594, 0.008268777316851507, 0.00205130130588377, 0.011728539240413267, 0.001388343332659544, 0.013606493307910753]}