{"method": "softmax_temp", "P": 50, "value": 1.5278731135259853, "x": [0.038433062834582844, 0.01733045620129454, 0.03926897206088101, 0.008197330113485208, 0.007123111640527527, 0.01562433645603525, 0.01864057171730401, 0.03282941817254281, 0.03081086686266144, 0.015489606070253351, 0.016227305997348895, 0.00956825793194609, 0.02884040406282317, 0.037544853379487174, 0.020621851966464908, 0.042369803763123715, 0.004039096175172172, 0.02425862342267339, 0.02586244851515112, 0.03940442042598613, 0.03501055425084145, 0.047130234317457394, 0.03549453889694946, 0.02879461072181486, 0.03450115986783455, 0.00977617682448277, 8.51967374220619e-06, 0.0036790226542351384, 0.00856811076312273, 0.0007465359099563083, 1.5189294304238915e-06, 0.022972858106402375, 0.005222601399286329, 0.0, 0.0018111625725585649, 0.0285803679351868, 0.0, 9.386193491087623e-06, 0.004741816706543071, 0.026167095322238015, 0.02523007257028547, 3.5503796107710764e-06, 5.72996668783758e-06, 2.222754138702105e-06, 0.006250209526867134, 0.05321247493193258, 0.02873348447699921, 0.006733489941141181, 0.04123139212263386, 0.07289630451438496]}