{"method": "double_polyak", "P": 200, "value": 1.5150553709612402, "x": [0.026209797199595687, 0.008357025694657592, 0.005010868838380698, 2.5561535627911157e-06, 3.750708987859232e-06, 0.010645994396233184, 0.01404773510020709, 0.011130290762293668, 0.0008264452398438656, 0.00453914371631896, 0.0011644068168033168, 0.011688977717499783, 0.004853689789284528, 0.009275660975965227, 0.001522960552141699, 0.004433257336497622, 0.00879481661183773, 0.006368439009882864, 0.008355025808932565, 0.006276942805447402, 0.008097286838293066, 0.0062155960588107795, 0.009902306753400918, 0.00556506084866403, 0.007368031481309031, 0.0032191109498254564, 0.00907379052428993, 0.0034081869755848457, 0.006627472747439163, 0.0029116610437988897, 5.0519453947575964e-06, 0.004628764076450165, 0.003517335706519719, 0.004497080032224992, 0.0017841902106037763, 0.013901945452237186, 3.1540976792484497e-06, 0.0007751520088269021, 2.4660476201327366e-06, 2.3219352557297242e-06, 0.00013222249333610958, 0.0039236523115925865, 0.0014364199352872016, 0.005341562818196269, 0.007123767929928788, 0.004444826586731419, 0.004332747829659808, 0.0014805042922717757, 0.004837666056682479, 0.008637086410710799, 0.008365405094268663, 0.007147026998701979, 0.004528147958439856, 0.0008073896587885961, 0.009293879356906454, 0.006941905030994533, 0.009891283626278866, 0.004949158752747331, 0.00478278225575246, 0.005464390738773032, 0.0071419183875501635, 0.009466211421529806, 0.009070271610347423, 0.0069593652513879585, 0.007286430704048065, 0.00725450155883481, 0.010974665490279888, 0.01102167628425012, 0.009365742030793989, 0.01100527644609765, 0.01268131588987364, 0.00911872181148935, 0.008742047651817412, 0.006642416197218598, 0.006428431289783126, 0.0116315755076903, 0.010669587204996365, 0.011560010461098254, 0.011312188734361584, 0.01313797207633047, 0.01028725988666502, 0.008206348317385181, 0.005374950341966592, 0.005121627352355436, 0.003538918790143865, 0.0035061094766954287, 0.0031486142268516344, 0.0033285205577859097, 2.802511437399656e-06, 0.005960552500858898, 0.004652720442985297, 0.004374101639946625, 0.0060269088886507, 0.007577788476331493, 0.0061552156182468915, 0.004454230338239831, 0.004718447008237057, 0.005016223669416923, 0.0031574146464638806, 0.004124990585789898, 0.004367886171688371, 0.002236276619062683, 3.284060933814378e-06, 0.001367840745392198, 0.002463112669849507, 2.7623295922343804e-06, 3.7598567268131823e-06, 1.9958716879584886e-06, 2.1214522434662214e-06, 3.786108752526915e-06, 0.011456688732175778, 0.008247260148539794, 0.008316237153910468, 0.010303794910087167, 0.01084576530835615, 0.004382419952055668, 0.0024252441647191936, 0.002829033726337275, 0.003042961749551059, 0.0005337919445053257, 0.0007850211949972429, 3.1098713659260237e-06, 0.0030643117421482883, 6.230342783302183e-06, 2.5677667610318233e-06, 0.000662405359710711, 1.8146787074995397e-06, 1.4309171908745334e-06, 1.3664826009796067e-06, 1.6378954972668729e-06, 1.3526816784102191e-06, 1.3225039025582125e-06, 1.485538980440155e-06, 1.399037147540251e-06, 1.7610455570855354e-06, 1.7846313322905734e-06, 1.5410677757395759e-06, 2.5041167704412838e-06, 0.001076609289573597, 2.6903309052539075e-06, 2.1192533993961537e-06, 1.8245440902361531e-06, 1.6275294274982284e-06, 1.1810592868129097e-06, 1.5247995307459533e-06, 1.3882921328327072e-06, 1.1298896112179715e-06, 9.234612828450703e-07, 1.007732552748342e-06, 8.914347182760575e-07, 9.613307418278752e-07, 1.1386526713580827e-06, 1.1829600026343566e-06, 1.1414885252826852e-06, 1.170971818184625e-06, 1.8053183768793848e-06, 2.1760921613261806e-06, 0.019645834147188294, 0.014489551463695186, 0.011578031340582733, 0.004159233958385238, 3.1276223010845032e-06, 0.013793067075308764, 0.004998261938723434, 1.676048269569603e-05, 0.01128676065733823, 0.011542361075197361, 0.011308163604260998, 0.0007021907271531216, 0.006077784882036581, 0.004580837910988305, 0.0032901164942484994, 0.0015107302672638981, 0.0001484239386132637, 0.004757387860943959, 0.0037990649277496224, 3.0190093915802e-06, 0.005304387618394871, 0.0003601541401469166, 0.0015815994112052807, 0.0005207870647854371, 0.003076388408441736, 0.003518692644169917, 0.001988389395479959, 0.00676338558730548, 0.005421999701885115, 0.002284349906681426, 0.010195409189968299, 0.0030309440573276377, 0.00356122236962652, 0.0017415310688632557, 0.0058428415297659625, 2.158500533203859e-06, 0.0027181288007833773, 0.01267674255330814, 0.018938810710171915, 0.020701656174713538, 0.01456204668642724, 0.018948624642733166, 0.021007827080447235]}