{"method": "aggressive_beta", "P": 200, "value": 1.5197064617082983, "x": [0.034561133438148976, 0.02321588492960212, 0.00034487955452490844, 0.01422282575360934, 0.016149441901575395, 0.005086507587786075, 0.004684088012184073, 1.1559855786798676e-06, 0.002249253014673273, 0.0012315872726478224, 0.010605380126320285, 0.005567678182870921, 0.0006019281583446213, 0.0033798591910986124, 0.006800167518852663, 0.0027854352480719425, 0.007339802991412098, 0.013423949402840266, 0.012048537059550645, 0.00972034718656127, 0.011318258168817827, 0.005505199926653294, 0.010110149269588265, 1.0369111892743832e-06, 0.0009821741126734309, 0.0026696048732660262, 0.0018284935413804206, 0.00045454883759879337, 0.004958909768708505, 0.0022569761238278863, 0.002197662667799313, 0.001899383465865415, 0.0011165675578508542, 0.007072648623368806, 0.0038372915197869622, 0.005093863903875854, 0.014409217831657429, 0.009971675787841064, 6.215138403843558e-07, 1.9457716883267358e-07, 1.7830906140096862e-06, 0.0, 0.0, 1.5311293076970232e-07, 5.08227549190578e-07, 1.0075679819218036e-06, 9.615230756914914e-07, 1.1335007173640456e-06, 2.8264623890359057e-07, 1.4189733433739793e-07, 1.0682326319716034e-06, 0.0, 1.2770818765614964e-07, 5.295037951486564e-07, 9.957632480069676e-07, 0.0028291795719847398, 0.0076758386482070305, 0.00619341508631087, 0.006363298997982216, 0.01533491454097008, 0.01271719307270627, 0.0009029948932632664, 8.78603441469265e-07, 6.857692614694365e-07, 5.049989391658441e-07, 3.0233145834281486e-07, 6.161784343631252e-07, 1.1920717614678867e-06, 7.101918049547312e-07, 3.476569673225737e-07, 7.308747663151664e-07, 7.000151042522248e-05, 1.830803422937961e-07, 0.0012129252635791191, 0.00038643831752863963, 0.0012121807721516384, 0.0005784649615461318, 1.6276947845968098e-07, 1.1582408804551322e-06, 2.3289941413264162e-08, 0.00012298346250175148, 0.0022504181430323604, 0.001317843001319585, 0.001608726525214826, 2.8643849984780964e-06, 0.00242721194061912, 0.004936174763124096, 0.00044091759855104947, 1.402699567985103e-06, 0.0005019904042523966, 0.0, 0.002714498985264854, 0.0022139036000924663, 0.003384655630211225, 0.006004666290057809, 1.5228184780325972e-06, 0.0008145338824490214, 0.005326359408583607, 0.010788221148524282, 2.007646025245284e-06, 0.005005090103377466, 0.003646734965213524, 0.005504375829748309, 0.014269516472809456, 0.007853415219373529, 1.2690219778797376e-06, 0.001046985141291581, 0.009197526208847633, 0.01046807459320085, 0.00174630856097531, 0.010844036967950603, 0.007010404354209839, 0.005016989985490965, 0.010059333317057918, 0.007256649897339458, 0.012042405259489663, 0.010832829668832896, 0.007356005190702444, 0.013639447983667428, 0.008877919978816571, 0.012484063197054371, 0.01173189204495238, 0.011823573817581905, 0.012511533589939823, 0.009680134715158571, 0.010081625135152214, 0.008732968808970412, 0.009775968250201472, 0.006453065729747175, 0.007858478543878703, 0.004728773438917394, 0.00769960348164011, 0.004531029601865537, 0.005564914793941128, 0.004082529535584533, 0.0039037809431072806, 0.005553922647239914, 0.0032119191433692155, 0.005494449805704997, 0.001612859196159241, 0.0013748625525842222, 0.0, 3.7126610053764993e-07, 0.0028357397458201273, 0.00927449386055662, 0.009408391945661732, 0.008779284924426674, 0.007903892057835532, 0.006404010589516863, 0.005749539459704138, 0.0071830429938677404, 0.005940813292904331, 0.00911440314503157, 0.005081210585322497, 0.0067383199465842975, 0.006182449120254218, 0.0061735551937840225, 0.005069100299016991, 0.007020622429434724, 0.008189075645905894, 0.006026097965460897, 0.008089894138123022, 0.0003601977518476459, 0.004726580938233478, 0.004875788315457638, 0.010059021969945674, 0.003368594604275716, 0.005702749145358002, 0.005246510283860644, 0.0043271493474386375, 0.006812726955772134, 0.004705624385266406, 0.006370364687587413, 0.004160545186734983, 0.003572751478082087, 0.0031747177195031403, 0.006340369166447305, 0.0034924565446131993, 0.004096139307545152, 0.0022956217730759326, 2.3981175644323893e-06, 2.2949475497872484e-06, 0.00037675402472595016, 0.0023018239179388093, 0.00912398285067554, 0.0056068797630874825, 0.007883101174039979, 0.0036228979680883048, 0.006221895587986808, 0.003185244953900018, 0.010040761492548374, 0.00762017739536548, 0.009185947032122685, 0.007477183509552201, 0.0033337382262329154, 0.007481138333485218, 0.0039026164602624916, 0.013440908395826123, 0.008010781649549803, 0.015701730039697742]}