{"method": "simulated_annealing", "P": 200, "value": 1.5221827753147232, "x": [0.021101619976839434, 0.018844457686201698, 0.01744867433322278, 0.020459241902797642, 0.01291224781944672, 0.007846604379307384, 0.009359163387230376, 0.005247830433487105, 0.001902416476148416, 2.0112845670010242e-06, 0.0036414776500253818, 0.007466203307278334, 0.008298279576597178, 5.692294700890737e-06, 0.0018345662616612646, 0.00016906386646198623, 0.002402916207676061, 0.004403919634954383, 0.002504238534951161, 0.002734642499525239, 0.002676348566333508, 0.0013411615038241757, 0.0, 0.00041786221998079933, 0.002637606527800978, 0.0029112431110990436, 0.007267984975639838, 2.6489220689323255e-07, 0.001849125139260817, 0.00016462151245314312, 0.001052776126904631, 0.005299670341536883, 0.0006697965222586759, 0.00014701452413304222, 0.0008203958229771335, 1.424809861583265e-06, 0.002721089727763607, 0.0023044965959358133, 0.0014804359990142895, 9.066504855511922e-05, 0.0020105977149835873, 0.00337287099485684, 0.0037669447890369997, 0.00033092636995714483, 2.535252175084455e-06, 4.886119415046389e-05, 0.00011631075329939361, 0.0017580379965164055, 0.0016773749452216517, 0.00028399416119316107, 0.001526515576521562, 0.0035860430107163862, 2.149437129256056e-06, 0.001531440211918919, 0.002824773426098548, 0.0002356655222886604, 0.00041215320784097735, 0.0019970221168852105, 0.000867946124513762, 0.0008951218181016308, 0.0006238959927006376, 0.0007510797792179894, 0.0007714474278736573, 6.292319532267996e-06, 0.00025790674018593416, 0.002861778572886491, 0.006944079950884315, 0.006278967947083673, 0.011006657140644206, 0.012400391291088678, 0.012734824423951907, 0.012797007975842815, 0.010153106512081816, 0.0034253850835428007, 0.0018027693532293668, 5.137314516378391e-06, 0.0068733884493420785, 0.008624126000962596, 0.006023342441215293, 0.006616104162435467, 7.641326743771613e-05, 0.006875539619185613, 0.006603063985034005, 0.0035023426034680133, 0.0044519048277635465, 0.0007181612532684057, 0.004233490919374202, 0.0045415812187710545, 0.008914998393334785, 0.001383148956710886, 6.825554003607653e-08, 0.004817432808873976, 0.005452340288738015, 0.005025424179897388, 0.006138831953488694, 0.004225294803183945, 0.0008961798666248049, 0.000592181093083239, 0.0029384898016874272, 0.0002532753075599151, 0.001984660579676534, 0.004496461605175475, 0.0063122257899328165, 0.0032031864548677643, 0.0027394185897879207, 0.004334715541420425, 0.0032494885875122836, 0.0031976531704068847, 0.0009805493387231921, 0.0022508158761971662, 0.0020373903758654304, 1.2194922203496926e-06, 0.006512670126235611, 0.002305698086661767, 0.001693079674476021, 0.0016621897539946455, 0.004994612851764401, 0.0021185081559108535, 2.3596147621547015e-06, 0.006833905932370308, 0.00451465272824712, 2.0626957432708465e-06, 0.0021595048431484547, 0.0008557782787407457, 0.00032235571713155057, 0.003428952945720379, 0.006463277092900618, 0.002963504787416649, 0.00043070800192328485, 0.0010821839868930397, 0.0010755693558680886, 0.0007422883487199803, 0.006242753362837195, 0.001211675108749324, 0.006634313154181198, 0.013564409261811353, 0.010334728533599971, 0.01161603646908004, 0.016595591196214298, 0.011740074340649838, 0.009986643585082512, 0.008879286042596714, 0.009454035430360008, 0.011839638208615664, 0.005757469636025043, 0.013810427638024725, 0.007368366724837275, 0.008981847730754245, 0.005776025871855283, 0.008685996554621683, 0.010225217692210232, 0.011390907887716767, 0.0068410385170650095, 0.005969827635396443, 0.008532756549555782, 0.00891753248617039, 0.0087770004000933, 0.0052613430056084225, 0.008916376155759905, 0.009060457918158326, 0.005177798115640621, 0.006294326428283602, 0.00620451759368861, 0.005816610878935653, 0.009989119712297226, 0.00904140135741254, 0.007602135711164153, 0.00806097069741142, 0.008221041910516058, 0.003599142832539045, 0.004256305061397436, 0.007373532696856695, 0.011134527525821242, 0.004770615892777581, 0.005982839893104893, 0.005668478317445574, 0.005408423520209983, 0.01007781565611285, 0.007147647851855628, 0.005638480178236882, 0.006884152247745342, 0.008340958323731006, 0.004134431807483034, 0.004569801712300734, 0.00707437486349444, 0.008618937646551748, 0.006173219615655001, 0.006903974660504443, 0.0024257033583732946, 0.005107570217567914, 0.009715883371060007, 0.0060469927763200015, 0.006240390536192201, 0.0046963120260176796, 0.01003060358270095, 0.004114579333080375, 0.001040020868369892, 0.00647084691961916, 0.008492399786186685, 0.015845300651022333]}