{"method": "elite_pool", "P": 100, "value": 1.5147286442423853, "x": [0.06542240236700854, 0.011303221468941645, 0.026770982349018545, 0.053244042629778436, 0.01738887840030455, 6.899872153805523e-06, 2.594206827496981e-06, 2.120417211049144e-06, 4.020331720417818e-06, 1.3913891265523717e-06, 8.642957514761753e-05, 3.003980772557329e-06, 0.0, 0.0, 8.23441540610252e-07, 8.373395999181347e-05, 5.041783992005335e-06, 0.005773532926467541, 6.346737895342179e-07, 1.809711098851956e-06, 0.002682351417738007, 0.00019216579809564103, 0.0028041251862695824, 0.0036615657291261382, 0.0001840703255119843, 0.011908245653180636, 0.0017533105670872273, 0.0032930043281910984, 0.014436469791868294, 0.01514874407373809, 0.0011845375245910484, 0.01512143832429181, 1.0617639193727299e-05, 0.012557392471986069, 0.01383832267717411, 2.9901114339053006e-06, 0.004446797889358763, 0.011220394361597654, 0.004723802977536331, 0.0006820667079667903, 0.016574840883292526, 0.025853658347534135, 0.02192360059181443, 0.024154087378909027, 0.017566822777805986, 0.016794155714932743, 0.0003522543879247645, 9.468960214862771e-06, 0.008047007586254033, 0.00031141025213498344, 4.524809821718009e-08, 2.578023507176095e-06, 0.00046293395252408576, 2.1578240002703917e-06, 1.5331867799013678e-06, 1.3764332848850479e-06, 0.00433620481910487, 3.960833731313909e-06, 2.1456274533595848e-06, 0.0012564987063902943, 0.004320912841791886, 0.007841387344319278, 0.023945646385517456, 0.023384729320488903, 0.013345436159958958, 0.010659352973437774, 0.012801225527522988, 0.021797222930993548, 2.5196065095689963e-06, 0.019105220054382987, 0.013953032246792216, 0.021977972559415443, 0.014742783978480238, 0.010622941390416, 0.008474294079239976, 0.018780727755854033, 0.021898275775233927, 0.02100142704560864, 0.01254167190498452, 0.008894523916384496, 0.016458787851917983, 0.01886657010984078, 0.018082217407533845, 0.011882374524894098, 0.005034723497615802, 0.006916996428046002, 0.016396466499167834, 0.023043986869538284, 0.019703911100979927, 0.010237890406713976, 0.005084392673061963, 0.009707815501814671, 0.018105903117154414, 0.02288586014852674, 0.014574455880256694, 0.0047312192449319, 3.876911863415309e-06, 0.011959991119667316, 0.018182413980423556, 0.020438124352197648]}