{"method": "heavy_elite_v2_t0", "P": 200, "value": 1.512113075863985, "x": [0.025038300246892443, 0.0015110039749804255, 0.006057628055751302, 0.00031710820789966355, 0.0009186967566292008, 0.009829049026836102, 0.014751140363904399, 0.007100675701884347, 7.98125926713166e-07, 0.0032024965674686554, 0.005127313983238012, 0.011833869362329953, 0.011488406404902592, 0.004303279783203081, 0.0020460439784226736, 0.0037840069563291976, 0.007446369990158442, 0.009359850801908931, 0.010299797712259785, 0.004748755954571226, 0.0025455647597071728, 0.006423061155355962, 0.005026962716540921, 0.009649393370445668, 0.009208010388388858, 0.007414836834811133, 0.002535246321678219, 0.0036223982832088797, 0.00413195450962581, 0.009973383032408346, 0.014100144017430078, 0.0007964144395408685, 2.3662537888801233e-08, 0.0018027177950229437, 0.002766255894071734, 0.003219329447474623, 0.0005524516084701801, 4.5369321745422486e-07, 0.0018972107977859776, 1.4189335975173964e-08, 0.011387659735545922, 0.00016395327727385917, 6.87306384069522e-05, 0.0019780810443395624, 0.0029549111594257267, 0.005243401145583139, 0.009259496299371537, 0.005356103745810124, 0.002863866561543344, 0.005206359180584729, 0.004340898163626505, 0.006214101346499485, 0.006338938157660229, 0.005395035417666091, 0.006210785130521386, 0.00611545459640441, 0.0036124191357167733, 0.0047664385269732806, 0.01027739384344132, 0.00880719686140525, 0.006473062598897525, 0.0054954516671162305, 0.004358331462135185, 0.010980512363217506, 0.011082818551628992, 0.008931813334537833, 0.004569226193666433, 0.00935529675649613, 0.007195873943781059, 0.01239460808478214, 0.013751115379011638, 0.007029803707980805, 0.007301753207444843, 0.011223347200020791, 0.011489288647257059, 0.01363759941760851, 0.013101339965064619, 0.0100786671490932, 0.01022005246981079, 0.005799245250811017, 0.007370832240506012, 0.0031331724569490984, 0.0022567991990444375, 0.006953483059819906, 0.009629423320425295, 0.008464311142332656, 0.0057742948231192335, 0.005738512620123819, 0.006128745556964168, 0.006671017543187717, 0.006468952695936822, 0.00563022946470777, 0.004262782383667217, 0.002374116395620551, 0.0026793581280950764, 0.005199442796708028, 0.006613088135110663, 0.005005505210513914, 0.0025726976910279012, 0.00031920522199655295, 0.002888010683235568, 0.006373191890310085, 0.004145728357742784, 0.0027180053745199982, 5.302168589646553e-07, 0.0006891280928024933, 4.94279899960501e-05, 0.0039061125487608057, 0.0, 0.0, 0.0, 0.0, 2.1020363713953224e-08, 0.004747113686711108, 0.01062394487935285, 0.01376567519780414, 0.014059824146157258, 0.01450536794599625, 0.007302031091602779, 0.0019075805269595535, 1.8635946527860422e-07, 0.0, 0.0, 1.0952131592546343e-07, 3.215392622463114e-07, 2.1825813172725904e-07, 4.3650082046249945e-07, 0.0, 4.167038538602372e-07, 6.037592080371059e-07, 6.784455821272149e-07, 6.280819631553194e-07, 3.7325361952691154e-07, 3.538170565631612e-07, 4.211506826177222e-07, 5.508170412441373e-07, 6.390272611931695e-07, 4.356893887764329e-07, 2.5976254314495974e-07, 3.497254733605317e-07, 4.955722431408452e-07, 4.1548161503503836e-07, 7.352335637343918e-07, 7.098124876722702e-07, 6.791212421763738e-07, 6.562182597742131e-07, 6.928337483342127e-07, 6.529266685207193e-07, 6.31283569269482e-07, 5.927006417986936e-07, 5.789593228565529e-07, 5.08890520443577e-07, 5.610615811670583e-07, 6.982213769307223e-07, 7.354283376110819e-07, 6.867102766784056e-07, 6.528187521571949e-07, 6.661663214544175e-07, 7.34099052337099e-07, 0.005015023818816583, 0.01777564319693763, 0.0033713203458365705, 0.01577033177513304, 0.01967672582180619, 0.014630676052615572, 0.006407539603569777, 0.006516225097000477, 0.01100938447348487, 0.0066367122836672775, 0.0010998912221241326, 0.003714736153120904, 0.0047172744518980386, 0.0027414372543159773, 0.0013329011307111624, 1.0576575640421738e-06, 0.0024146769173385135, 0.0035784025812789087, 0.0036674666903643524, 0.0021820715191878414, 0.003367907384686578, 0.0004744148971174639, 0.0014788549413801576, 0.005594664852894325, 0.003150765073149632, 0.0004661757801400144, 1.0993801700615084e-06, 0.0028110030658276552, 0.00023975875974395795, 1.0645861843885203e-06, 1.0367873858274913e-06, 0.00029842847506946987, 0.003960162839973268, 1.048075837221599e-06, 0.0032242185543638266, 0.016318995516887, 0.025592829987402397, 0.02596794930577862, 0.021868055765727357, 0.024617570454112638, 0.0214969175913974]}