{"method": "alternating_peaks", "P": 100, "value": 1.517836348216698, "x": [0.04738883715373162, 0.04983510028383855, 0.04086838690692014, 2.4202092840268674e-07, 5.574390206201086e-07, 1.1734153999252254e-06, 1.32363523167109e-06, 7.606895615287477e-07, 0.0, 0.00881145155874555, 0.019087952761249215, 0.0067213212507305385, 0.0023143402288766683, 0.0046141987296938235, 0.009971557731631019, 0.023857058819106023, 0.023295377065097427, 0.008120204700101772, 1.7891513747953967e-06, 1.6943004645196774e-06, 0.02447100880410985, 0.008230591226701021, 0.015295985274702195, 2.5681645251413573e-06, 8.722105757892715e-07, 9.477949724102611e-07, 2.9834554881300193e-06, 2.1378687974020888e-06, 0.00010472680865126153, 1.3648626616561086e-06, 9.212056596560472e-07, 2.322993488826311e-06, 0.0009648795564087509, 0.000463420631072731, 7.74107930800527e-07, 2.8764365682825776e-06, 6.605093693730203e-07, 0.0003291296070792892, 0.003439453444414467, 0.00482969750618455, 0.005130007564244442, 0.00318346665597438, 0.004991543415377517, 0.008082783514299733, 0.007716634142527653, 0.007289577716573511, 0.017810422777916477, 0.024396763300743442, 0.019717897990543975, 1.8482333046990195e-06, 5.42535083036508e-07, 0.0, 0.003986067650447409, 0.000791599747652937, 0.004419057798798327, 0.015212144952430354, 0.018437759182214384, 0.020685533393720364, 0.01889752973942626, 0.023185141148616743, 0.01885347809866287, 0.014486010768126547, 0.015598514555762855, 0.018423908023548582, 0.02143666420426999, 0.019913053377971567, 0.013098510112621527, 0.013242213636075952, 0.014131075856348105, 0.01764232564471219, 0.012517388065308705, 0.015283667906634187, 0.009963907631037569, 0.01129028132645407, 0.010123155910367441, 0.0074230562007820645, 0.012280131855297477, 0.0063869854709748255, 0.005015383529312215, 0.005821280125277432, 0.009242658503794715, 0.0010492416154521686, 0.022140379247061966, 0.006904360202228569, 0.0006693950836545841, 0.018626699014357068, 0.0070297351382095415, 0.009087490442557999, 0.021872754968356493, 0.0044065439702257484, 0.01301650950749174, 0.016013193248926562, 0.005303369234643276, 0.0174286035165602, 0.014258924065941378, 0.0038787709502317437, 0.0215358840628134, 0.010878393272013087, 1.7670095701328357e-06, 0.026747362875402553]}