{"method": "warm_from_best", "P": 100, "value": 1.5142290294495364, "x": [0.049032438126703694, 0.05592428246524098, 0.03668675273827887, 0.0010386427863846729, 0.006169172502172191, 1.8071606646840124e-06, 1.5890046802032693e-06, 0.00034782272882779013, 0.009275732385674735, 0.0009845822959869592, 0.0022644348783186553, 0.0039030658409622324, 0.008348600101450733, 0.001129388414644377, 0.005876123241941165, 0.017300316856849313, 0.019561737641375046, 0.024323044535186716, 0.022132004457753346, 0.030324481089069318, 0.0001818928512853849, 1.9979249115846126e-06, 1.7429797601780223e-06, 1.94001490187781e-06, 2.045829794356143e-06, 1.2842266135729132e-06, 1.2851574477111436e-06, 1.0912358685339318e-06, 1.4314798389484108e-06, 1.7528903712002054e-06, 1.4656218313229225e-06, 1.2754881432622962e-06, 1.7032432546112853e-06, 1.5798600140746697e-06, 3.159058821024595e-06, 1.5664260720973792e-06, 1.8376954332657007e-06, 1.506866823743667e-06, 1.533550450939613e-06, 0.0012773950709385126, 0.012392931219694975, 0.029298543773474125, 0.025509207543245278, 1.5136682343563787e-06, 8.912611680198447e-05, 0.0023503085620684453, 3.087335620626856e-05, 2.9193029313377572e-06, 0.013481329845051333, 0.0009763104938089818, 0.006314478656933366, 0.007407296644923272, 0.009480618697569138, 0.00866088520543651, 0.011599131161116544, 0.008340019139086755, 0.0239262756015443, 0.01401551944330632, 0.007890021539291478, 0.00045429210128393243, 0.023594867545144137, 0.027906064534499682, 0.01923108346460179, 0.02327935523531086, 0.016946204155603044, 0.02012247825101482, 0.020094517306935813, 0.012036205978155986, 0.020054211344656687, 0.012384096587638695, 0.014512038228362074, 0.01210159309834131, 0.00859842320970965, 0.013011640257342163, 0.013908064344741188, 0.0034664443006584287, 0.017295422083890108, 0.006574977977604803, 0.003347080278488003, 0.00560375217184286, 0.002503725532624218, 0.005067652911485475, 2.2691213649321593e-06, 0.00968222876198046, 0.01054109054120329, 0.011951427539169739, 0.015661630392654526, 0.00896220618717928, 0.015924923159889495, 0.009702376950343285, 0.014436596419734288, 0.015822473363786605, 0.006848840103353036, 0.016138396429058913, 0.01667034476604004, 0.005256986230654038, 0.019699610432950383, 0.010036274009973648, 0.00455029740838139, 0.028135020586880194]}