{"method": "perturbation_sweep_t0", "P": 200, "value": 1.5105553201537905, "x": [0.03758123074381047, 0.042885697057731195, 0.015985318599944703, 0.009183696710338609, 0.017977688828090716, 0.01127984703827888, 0.012273421697422172, 0.011030162650560485, 0.014154687850354642, 1.0222320263779557e-06, 1.007825159407095e-06, 1.3670546928953447e-06, 0.0016902298729852003, 8.294811941971687e-07, 8.094942178511336e-07, 8.37877100803251e-07, 6.757346108493434e-07, 1.3165351708362158e-06, 6.097067961084601e-07, 9.519484724927266e-07, 9.235275516967306e-07, 7.044775890716733e-07, 1.0846810883870805e-06, 5.979175827563664e-07, 7.830220665542712e-07, 6.734060465302789e-07, 1.0243735061727968e-06, 9.965002358912366e-07, 3.608142517879718e-05, 0.00039598480039819005, 9.11858803163407e-07, 3.4823587465314865e-06, 1.2053159390913115e-06, 1.2469606690528176e-06, 1.3476325103115578e-06, 1.4957136274041962e-06, 1.8626104172350468e-05, 1.7304637153706207e-06, 9.54323717321033e-07, 5.97718080868711e-07, 6.977051339662038e-07, 7.237998459736337e-07, 1.0591815686473227e-06, 0.010562896019645399, 0.009732774423586067, 0.0004183649256751168, 8.999199851072532e-05, 4.612417948816318e-06, 1.1267320088504918e-06, 3.8643499623172935e-05, 1.099310491795479e-06, 0.004012683052996431, 0.021832947055314935, 0.018008598781886747, 1.4218800422906766e-06, 1.175855195181356e-06, 1.2959342954629318e-06, 1.0807739319238807e-06, 1.7118467977405286e-06, 1.105513996056545e-06, 1.23289277202371e-06, 0.0001374617449139589, 0.0014852893305245599, 1.1175099589069726e-06, 1.3999401558216012e-06, 0.00530091690239702, 0.0008222268735403967, 0.006492745618681577, 0.0022128875290061156, 0.0013699324194301023, 0.004844791294429846, 0.0045794399062018595, 0.006125376105651526, 0.008133483989186285, 0.00889694168559549, 0.00676354587665478, 0.007808817309566377, 0.012102422175931955, 0.01954917311383018, 0.00793650342590525, 0.011576717198700778, 0.012547707552194459, 0.007776328488068915, 0.006555962727906416, 0.008731366101356016, 0.001619640055090645, 0.0017494179738235663, 1.6430162077884596e-06, 1.0008076708355098e-06, 9.148395302319158e-07, 0.00012571676015635139, 1.985596628981568e-05, 1.908274665734994e-06, 0.0027589049071410224, 0.004455517867753213, 0.017603162045830806, 0.008311446355663265, 1.0118199905624456e-06, 7.439460437794785e-07, 9.298944739153203e-07, 8.14791566371628e-07, 8.071601897377133e-07, 9.20314576881915e-07, 1.0259598455535717e-06, 9.086068496372704e-07, 8.758846149825973e-07, 7.536175789412185e-07, 1.0380394881812815e-06, 2.1144612914116852e-06, 1.4879420205874524e-06, 0.0019265483149211906, 0.002513170687333115, 0.0034286924503517287, 0.0031288867906791194, 0.0031153896956065794, 0.00020579254936175387, 0.0014832324208324272, 0.0031374728379100565, 0.003009619197219643, 0.0001378477055909591, 0.0014192976487819144, 1.6140432507302723e-06, 0.0012017216079590225, 0.0019323573174235143, 0.0046483859316871394, 0.0041412384701863, 0.004617035131801351, 0.0048801423786397095, 0.008597147822567264, 0.009396477103852295, 0.0067112271660319765, 0.011417500502481913, 0.008923346417541582, 0.00664048214192985, 0.011664296503586939, 0.007001199070509962, 0.008975902725418629, 0.009429330380070333, 0.004077219120467541, 0.01192069099225288, 0.01010672985223258, 0.012173710121252214, 0.009094244207055364, 0.008895618249832432, 0.00930776433092074, 0.0039506218752577245, 0.003596653753589777, 1.5014461272629947e-06, 0.003283063504449459, 0.013793985256576494, 0.007738789300114339, 0.010445740078376283, 0.008930741857966568, 0.007465034782503998, 0.00717134248404707, 0.004585295294488221, 0.004972761629089073, 0.005189600607057307, 0.008204558274853514, 0.007644462669851646, 0.007358015534114424, 0.008693652511155949, 0.006571355376149016, 0.011521218585499393, 0.006869740988153686, 0.009334148078233311, 0.007704321291934388, 0.008582856048726287, 0.00816873833473525, 0.006186515389767106, 0.009174808088395388, 0.005288815120188331, 0.007735720443674955, 0.0034195336458488373, 0.010572290573610659, 0.003909526212988069, 0.00817977140910809, 0.006486910203671213, 0.006911377179239581, 0.008913256089868354, 0.004961383716378629, 0.010662390391831061, 0.0037451879288674227, 0.008213005316129113, 0.0032773102145261077, 0.008935581996476925, 0.004776650508143455, 0.006044762443825538, 0.008146179359413246, 0.00220114363130559, 0.010442117778524425, 1.604559531656928e-06, 0.00642075418926714, 0.0017181092963073701, 0.005600650036847873, 0.005410317777832893, 0.003780668202671297, 0.012294692842997997, 0.003120509194807182, 0.014776703557769314]}