{"method": "elite_pool", "P": 200, "value": 1.5137479308825783, "x": [0.032918161219563036, 0.03374491404425452, 0.02350354812116863, 0.012338074826534777, 1.5541209529364087e-06, 0.004626765939097725, 0.008520653979040343, 0.002163542794756897, 0.006369580140490363, 0.002929412438186664, 0.0008351739658830705, 0.008090063330792246, 0.005520058211048306, 0.005362854804711931, 0.00726104533959721, 0.004069755509291553, 1.6108105287716584e-06, 0.007377848833003884, 0.005387540713872618, 7.231524478530775e-07, 0.0043016866131949235, 0.0006775996945081011, 0.005381151744821757, 0.008184943766707866, 0.008159187579996051, 0.017280335524433785, 0.018041945096073396, 0.0017344422264292836, 0.019710661306885688, 2.853230775317943e-06, 1.79509812933289e-06, 7.53984265180445e-07, 1.9001056168261132e-06, 1.333915233437486e-06, 5.204687190740883e-07, 1.8747451234877632e-06, 1.9199091300594464e-06, 1.7983679621093833e-07, 0.0, 7.67854180217075e-07, 1.5574565145542337e-06, 1.6344412524915232e-06, 2.33855357751767e-06, 2.085243298472955e-06, 2.8203636152493046e-06, 1.7879107786462425e-06, 0.002126109635473861, 0.0007320987026058644, 0.0017574933655183486, 0.001148360899598102, 0.0012789192111498056, 0.001009698504663069, 3.26785195755199e-05, 0.0013799460566006486, 0.006014502497575629, 0.014771697060132365, 0.021116558765435597, 0.009482099869476441, 7.677257900772416e-07, 1.3085937638502648e-06, 7.125421368323828e-07, 4.427862852578105e-07, 6.044049847883631e-07, 7.217493716334229e-07, 1.38078889567158e-06, 6.111434767364234e-07, 0.0, 4.3028701682862877e-07, 1.1799577894437388e-06, 1.7108101232700783e-06, 4.403094330626915e-08, 0.0, 4.969807961759283e-07, 4.130007928671301e-07, 1.7064729732065784e-06, 3.3100206452683463e-06, 0.0027126602742651427, 0.0016956276701485965, 7.676762007569807e-07, 0.0014085740592212044, 2.715264698229806e-07, 1.0926912426264208e-06, 1.5553921098312091e-06, 3.0201748793682327e-06, 4.822887074942047e-07, 1.1334344862751713e-06, 0.0007000321957040074, 0.002611750843866414, 0.005495497609350736, 0.00934204101929906, 0.006059353470477695, 0.0024660060069475673, 5.5886847356058706e-06, 0.00011950845458077715, 3.120515076042225e-06, 0.001398875589070968, 0.008142901510186117, 0.008072807504446756, 0.002473339817030199, 1.4003340772898782e-06, 0.005810649914019244, 0.01082888374157768, 0.006851207101725782, 0.0006795123804187006, 0.0017734248218073882, 0.007324191987124956, 0.009925884937483052, 0.005853906335118372, 0.002331517305512906, 0.005155354128068499, 0.009360058512654942, 0.010170677721023124, 0.010974349448899426, 0.00987807504587554, 0.011904264574635982, 0.011477781806679337, 0.013104716537969097, 0.010236007073774825, 0.011953283004327173, 0.011512916167286733, 0.01177326870854794, 0.00812752393222199, 0.0076652513312423865, 0.009297018992648193, 0.0062777440697264755, 0.007629269421018872, 0.007071939330789788, 0.008513811011139778, 0.0065888024554405684, 0.006085173416784783, 0.007512875803450265, 0.006302316067582311, 0.005724880219083843, 0.005979708071890462, 0.005990935196250307, 0.0056482814182011384, 0.0054159219522382125, 0.0042534475027027835, 0.003365351595487683, 0.005662424244130113, 0.00322279721351388, 0.004981746314679057, 0.0007595957973451337, 0.0001170695123166555, 0.003668089107804964, 0.0037722270161975064, 0.004890748265616986, 0.0101241569856459, 0.00848179444609186, 0.009631205035434088, 0.006598991526360373, 0.005279590509208648, 0.0047597460302866166, 0.0071108864561044635, 0.011599464973472876, 0.003622810342686078, 0.0048886227407240745, 0.0072564338626986465, 0.008074189525459968, 0.007953490079928295, 0.00555017664673084, 0.0036553277524377942, 0.006025353000581541, 0.010565905076929474, 0.004574263828113549, 0.0032403671344426793, 0.0061891160259781005, 0.0040768531001954674, 0.006766958482865462, 0.0015083799744772745, 0.005880113981479213, 4.855631441281519e-06, 0.0015521229199429553, 0.002696328738250467, 0.0013968141541723677, 0.0016911361996270967, 0.0043300275510455045, 0.00438745103155968, 0.005854089596684283, 0.0036302106904326998, 0.007475878747972721, 0.006179758706629661, 0.0028777466814281063, 0.008669568082374367, 0.005007980723918364, 0.0038481772919548075, 0.00571741114889685, 0.007871831315468585, 0.004621588364374769, 0.0058801037058908556, 0.0066565758802502924, 0.0036623101426360768, 0.009194835926453714, 0.006930174606305154, 0.0042182570429232505, 0.007247155841612362, 0.007592042823073157, 0.010134835306813977, 0.0011091921200619647, 0.014638088903985538]}