{"method": "multiresolution_t0", "P": 200, "value": 1.5120043884072196, "x": [0.021484793553294954, 1.979279477681503e-06, 0.0008790938933604135, 0.011965943865764746, 0.002509207718727327, 0.00969854842315124, 0.0031938495680483374, 0.003583705370846373, 0.013720259170287871, 0.002197562573551905, 0.006024655656501632, 0.008586671170126278, 0.004893404573553409, 0.009277272140682125, 0.004096367394750399, 0.007417113988506798, 0.006897153740178791, 0.0036221352946832395, 0.008644254461225248, 0.005753249399953001, 0.007446777889196232, 0.005393456262845044, 0.005988141454092759, 0.008997688798656533, 0.005857385842193939, 0.006728510618888285, 0.003805983526293228, 0.008151591132101682, 0.008460458678347892, 0.002538508654112577, 0.008422888113980499, 0.006628954291260595, 0.0018951079745922182, 0.0034436147105486987, 1.4524619497018102e-06, 1.6305044727722582e-06, 0.0059726953067061415, 5.298129473210769e-06, 0.0021748489129522932, 0.00040381107944787673, 0.007533937738501781, 0.0016239409364296937, 0.0005070103020029967, 0.0033735437169927513, 0.003715509364758726, 0.006717271602593926, 0.0012482686678958702, 0.0015856455824918235, 0.008982684841420991, 0.005493635690963514, 0.004796639256331575, 0.007401511892553176, 0.004489585520332944, 0.006584969087897255, 0.004745835648873462, 0.0042482435350513935, 0.009217247411092694, 0.0032502045343669682, 0.008171846577949036, 0.0075840587504966, 0.004797972244128983, 0.009432471916080674, 0.0033662967727484893, 0.01001903186030151, 0.011348561670409062, 0.005444499457122121, 0.007882978653422358, 0.008997406775874238, 0.010593503818862234, 0.008089492835185626, 0.009671169063872623, 0.012075965712874018, 0.008869763353440877, 0.009296719735648747, 0.012329371868809752, 0.011792858719672004, 0.011559969139930671, 0.009170133266551743, 0.01134087670630251, 0.011918660386236216, 0.009791631419929411, 0.003309984657132901, 1.4659685288516436e-06, 0.0006345831889458365, 0.005898538693691378, 0.013807010829466771, 0.008621983597671712, 0.004584125579733185, 0.0036370567312180137, 0.00452850826605712, 0.008635827233027856, 0.0056199967797929545, 0.00676063459266271, 0.003050095473585014, 0.0034309500107500843, 0.005643652369973843, 0.004633792761928959, 0.0055871253279794145, 0.003084185352002124, 0.003831960773364561, 0.0035786588831662218, 0.0037465008060600757, 0.00042005924826542826, 7.608599401387208e-05, 0.0056013353523469865, 0.00078003704583641, 1.4396105807841064e-06, 0.000176116249436921, 1.2251273950786202e-06, 0.00259885981433711, 1.08067996822034e-06, 1.1689175531374597e-06, 1.4458994261148014e-06, 1.0508153287518636e-06, 0.011170568513326562, 0.015533618018846342, 0.016798825785680756, 0.009894130527981401, 0.01135192896423153, 0.001033964648945679, 0.0013477356749243383, 1.1904598365411967e-06, 1.2567919778880859e-06, 7.902829495745443e-07, 8.12475161361193e-07, 9.092696456727469e-07, 9.259209302942897e-07, 1.1023966890587735e-06, 9.151416564074901e-07, 1.3198354401292192e-06, 0.0003183475707449947, 1.1551754748759728e-06, 1.2830260895601028e-06, 9.677946873522312e-07, 7.387500646666472e-07, 8.059191737444768e-07, 7.06029528802457e-07, 7.172568028712979e-07, 7.270595405560466e-07, 6.457207045473533e-07, 8.339376497341047e-07, 7.942957245597982e-07, 8.217278031528566e-07, 9.990057382390367e-07, 7.058528134110136e-07, 9.293108462541843e-07, 7.45573230709085e-07, 6.339878656991199e-07, 5.963314191812458e-07, 6.615049961011625e-07, 6.019399641031608e-07, 7.550488807631865e-07, 6.427789762650619e-07, 6.504278534599388e-07, 5.997361254930547e-07, 1.0516332684356456e-06, 0.0016795715860299966, 1.161112890842077e-06, 1.825086089011537e-06, 1.0051069251779366e-06, 0.01737243506816964, 0.0031683814435894565, 0.005723901513542289, 0.013642027972940373, 0.017932103060741156, 0.009641008841296286, 0.01402629317787465, 0.0123195029183324, 0.004880576053192746, 0.007879643939349435, 0.0033000676593344757, 0.0006167366730342332, 0.0017188845902570069, 0.007454716087944235, 0.00385299946379592, 1.4856916435306362e-06, 0.002193196391880354, 0.003125947088189815, 0.003808110371191359, 0.0030249769177061276, 0.0038143596253866216, 0.0027324692024794325, 0.0006771260109314051, 0.0015175201561949169, 1.0256743921346484e-06, 2.1302248320995736e-06, 0.0010571443825889294, 0.000368381164061213, 1.2170782786941813e-06, 1.3494957126032116e-06, 8.895504260798767e-07, 1.0894963698224946e-06, 0.006604833834700703, 0.007619436530975782, 0.0010142868217515799, 0.01583232458709759, 0.018075372288727597, 0.034364488355874766, 0.03395214668848218, 0.02940424466419099]}