{"method": "moreau_smoothing", "P": 50, "value": 1.5205383578907221, "x": [0.09165844872148761, 0.08292803961270923, 0.0009420388485078538, 5.832106854466067e-06, 5.884875982532785e-06, 4.856227983463198e-06, 4.699229420981791e-06, 4.378975224299319e-06, 0.0, 0.004325405023709333, 0.0029972158073929647, 0.009572138567345626, 0.005042432188655729, 0.023611087756483996, 0.013123571335788647, 0.018137388430868377, 0.013594423867629452, 0.01453916455891253, 0.016906850027671904, 0.009352115168261697, 0.03694495643671601, 0.04885555812693687, 0.023812539153070123, 0.003960635327565016, 0.008743207228445952, 3.0451298524053626e-06, 0.004795080977932887, 1.6978227179853507e-06, 0.002884599863082096, 1.7861534350291067e-06, 0.029064369502423328, 0.03947744954400095, 0.024252339260743546, 0.0385120536641677, 0.02244671423625076, 0.03636480591294845, 0.026542654474593676, 0.0355401147018021, 0.02953638538168205, 0.03405805243893934, 0.029408980105981506, 0.024573227570549017, 0.02630130110497387, 0.027862305500796415, 0.02527960756640753, 0.028586189908111872, 0.018896428840241463, 0.028422026862801, 0.011032469624175001, 0.02708344624776512]}