{"method": "warm_cascade", "P": 50, "value": 1.5171236870648934, "x": [0.03732962238933959, 0.003913253400740278, 0.03572773661193265, 0.020974812224727798, 0.029965738919914383, 0.023466892417621975, 0.03352809303137055, 0.025365303073363932, 0.019818014624066977, 0.032841667191502444, 0.029277066130697853, 0.03781278353804019, 0.02483543358317432, 0.04123701169469152, 0.014283164689354722, 0.049186444134606516, 0.009737345285660602, 0.02706995680794027, 0.04802561387849565, 0.018576356365804285, 0.002555881186795593, 0.0030285959727178874, 3.575923468922984e-06, 2.40485760025339e-06, 2.9975156165996167e-06, 0.006746709941821402, 0.002272971950653937, 0.033107321161069396, 0.045364973011527934, 0.04539989836337406, 0.008876659934798567, 0.005688027738299063, 0.024135882025776045, 0.0081203541149197, 0.018856040112027437, 0.029069941498338234, 0.004918367637691562, 0.00811838222234113, 0.002682542384522155, 0.008824036639489725, 0.0015904366520538454, 0.007602716318798319, 3.0486767352070116e-06, 4.813708839676734e-06, 2.4239458589005806e-06, 0.0009442030434320132, 1.8407450403586347e-06, 0.00955381296501593, 0.07403902305585236, 0.08550980670247733]}