{"method": "symmetric_exploitation", "P": 50, "value": 1.5211402159069405, "x": [0.049327996009254804, 0.02674423600400108, 0.04022165166803934, 0.03552144356631827, 0.0054419447098704435, 0.03418041047802131, 0.008878346735799373, 5.973594816871671e-06, 0.022040065668862897, 4.803658006776657e-06, 0.015120601998079367, 0.009467510777848522, 0.018833716458117388, 0.012702070273557582, 0.006526166691637069, 6.557020226232744e-06, 0.00039447310958112646, 0.015208576932481123, 0.02132102381794842, 0.0007170593104456746, 0.0006693020411383353, 8.653176115692677e-05, 0.006541666215340472, 0.001509852031164774, 0.019372066985447283, 0.008614370386152306, 0.035607465308457716, 0.03427640983757884, 0.03081574742535703, 0.05897549993304537, 0.04346465287655552, 0.021721896028531158, 0.01699063444194935, 3.667528964226548e-06, 0.0462048591216816, 0.04323061348445178, 0.02848377802158192, 0.001589652140647488, 0.03660270133586127, 0.016564847000714023, 0.011801637086534571, 0.02343327248447482, 0.032346869857755055, 0.016395772088476566, 0.010913016914873752, 0.04211178682982992, 2.2721605109390463e-06, 4.142924636582163e-06, 0.02480177016487698, 0.06419861709934]}