{"method": "fourier_param", "P": 200, "value": 1.5221480481049088, "x": [0.027990570588292317, 0.03230428446511817, 0.02103058245747655, 0.008380404613746277, 0.0053073254804647755, 0.006088600619522861, 0.0015793812226471522, 1.0806983528846838e-06, 0.0073433121322786475, 0.013850491599770802, 0.006085252051506065, 8.73257739911996e-07, 0.00037629107672793976, 0.003002600857371157, 0.002776359316015296, 0.001415050284612732, 0.0016782068966646343, 0.004151649203333127, 0.004632582525449681, 0.000964617715717293, 0.002606403660276869, 0.005422966519594749, 0.008191558148850702, 0.00840505934106472, 0.0006727438949714848, 6.43249015715931e-07, 2.4793493967328734e-06, 1.3928054538946705e-06, 0.003825399809644166, 0.007456213219057637, 0.00576331874969052, 0.002575274147037725, 0.0037264702548603762, 0.00810994118541473, 0.009198718829053152, 0.006922500611175222, 0.009771837649968902, 0.015178718842309022, 0.013394696457128572, 0.004965781661695567, 0.0021784885298210886, 0.0011258058384100626, 0.005986984812966439, 0.006648093016015735, 0.0007942057929030982, 0.0002508761654528062, 0.0012860629651898425, 0.0009673713631463675, 5.968945408272711e-07, 7.144526121845989e-07, 9.74685821244579e-07, 8.396869792431762e-07, 6.541899162232871e-07, 6.617519576224386e-07, 7.661949066229886e-07, 1.0973892212339285e-06, 0.0002720646852440197, 0.0025946925493924625, 0.002564618513488097, 0.001415596894718653, 0.0013678612699020828, 0.0012299659726477945, 0.00126542213956032, 1.1102474186999497e-06, 0.0, 0.0, 0.0, 1.3610854218446278e-07, 2.3859015217129075e-07, 1.017613147057298e-06, 6.06058985985375e-07, 5.523380896715493e-07, 1.599288364443341e-06, 0.00016519750392155632, 1.4410224946143876e-06, 1.7660999157623184e-06, 0.0008238194965342997, 0.0040524423011405325, 0.00023157870783032593, 0.0004953067439835165, 0.0003368338351884383, 0.0002735513867397156, 7.436410984292583e-07, 0.0026485075346182546, 0.009835319804947059, 0.01564410929723734, 0.011525218530225347, 0.00575119921178294, 0.004052524473539176, 0.0028173422933807186, 9.378517959115604e-07, 3.3863588750140685e-07, 4.4902097205247275e-08, 3.68284090728067e-05, 0.003765583395931433, 0.004943405255458891, 0.0034040071747383754, 0.0009703239316701436, 0.003504092095058864, 0.003787920212023392, 0.004655049826723382, 0.002765402379498945, 0.0052112271699564835, 0.0056358863071801005, 0.004911315112869695, 0.006426408696457419, 0.007604549614810986, 0.007550547229173448, 0.004039640890741436, 0.002624275547741865, 0.0023924437523386204, 0.002853360081887657, 0.0022026696143753782, 0.0013168549532636786, 0.0019045814430073062, 0.003934054394653404, 0.006896847969537233, 0.011093746886518416, 0.015506713387432175, 0.014781090095126277, 0.00821786270881062, 0.010883480714286785, 0.008167877071265112, 0.009700741404727032, 0.012784315910359985, 0.011253623680985203, 0.00864831413550681, 0.007756873556342061, 0.010254470719525748, 0.012696838841323747, 0.011195179908375836, 0.009956274211201693, 0.008512890721449607, 0.009222944161144893, 0.009523463321630581, 0.0093841800264148, 0.0071617983448554875, 0.006150763354728459, 0.005762496583869351, 0.0054737157929023415, 0.00537613972266457, 0.005280255589704941, 0.006212994691480525, 0.006743707642111627, 0.006262989205631422, 0.007468798925460345, 0.006236070256463722, 0.006490354336969964, 0.00809369888601991, 0.007205535586765778, 0.005861006937999482, 0.003973904413715314, 0.0028239120870595293, 0.002838744133102833, 0.002114055197259142, 0.002635889653173317, 0.0022623684697741396, 0.0021312241175721323, 0.00415164231305873, 0.003871702758248056, 0.002892132722078065, 0.0014874171597913433, 0.0033601018800614875, 0.004384387918224141, 0.004208936225534309, 0.00460006232660131, 0.0033137553888023066, 0.003701799997765207, 0.004692114315356139, 0.004865285672264294, 0.0034427288498435314, 0.0033387921672800645, 0.006434516543610788, 0.007727364622306314, 0.008896519217253674, 0.008084067615548042, 0.007172902607892981, 0.007004489944080298, 0.006822683488430762, 0.005975998335127427, 0.005508331117542449, 0.005157296045040294, 0.005549324560408956, 0.005599250697733849, 0.006551958238645627, 0.005594937546277751, 0.00586630598965748, 0.006483511007844302, 0.00730381792203275, 0.007514850481952574, 0.005497281855211492, 0.005366428372578799, 0.0066814678049287625, 0.0076041020355571455, 0.006928192519037712, 0.006038751073463722, 0.006463690472776878, 0.007348989965779787, 0.0032247925397626553, 0.012079202112383515]}