{"method": "super_polish_t2", "P": 200, "value": 1.5103571333046388, "x": [0.02097519730074534, 0.02194741292787898, 0.018526428538870984, 0.01923135764358135, 0.020890390930706968, 0.021274400430047444, 0.019357086458102423, 1.051401303778303e-06, 0.00829287037771574, 0.005727878425384048, 0.005975531458174297, 0.006017279872772677, 0.004902878469966162, 1.5689642372677218e-06, 1.2929345762461387e-06, 6.310434695599994e-07, 5.945818493944063e-07, 8.76943082881478e-07, 5.084802885661992e-07, 4.88204249385381e-07, 7.361953526332922e-07, 6.381867964912464e-07, 6.007921746752543e-07, 4.5303559632648826e-05, 0.0012596057082076228, 6.099910901660055e-07, 1.4660900854495032e-06, 0.0005930966545399243, 6.292923611797908e-07, 9.19448202146026e-07, 0.0016235412951065575, 7.339089500869808e-07, 5.480658564492881e-07, 6.599767730864415e-07, 9.066174775170229e-07, 7.298268568538097e-07, 8.218292735837368e-06, 0.002242514641643721, 0.00107815268567025, 9.113045256063677e-07, 0.001021644287044659, 0.0011881917580843372, 9.15503830393821e-07, 1.7535688950976072e-06, 1.2344899980933334e-06, 6.701641902620198e-07, 6.933878705178218e-07, 2.1748812391547567e-06, 0.00025849664323151817, 0.0004638846841880236, 0.0054385818959028, 0.006696072568442206, 0.005933234963675843, 0.00887844764014764, 0.007112192014375225, 0.005241327332674045, 0.0037807555532215556, 0.00037351591561996986, 1.4473708607675256e-06, 9.298880849824305e-07, 1.168979138183231e-06, 0.004744629573282294, 0.005978994763955508, 0.005902125821949373, 0.005916636808785393, 0.0039046033198196035, 0.004332289919363784, 0.007781506922564843, 0.006260172213553641, 0.0037425404641397543, 0.0024991434663137573, 0.0008743401133740878, 0.0016569273190706099, 9.028125929552129e-07, 1.0599304196750161e-06, 1.3245980589401243e-06, 0.0030030930216968952, 0.005853543297260044, 0.0065358895905795735, 0.008344462948083912, 0.00939420941918197, 0.007289039337528157, 0.004271051712696272, 0.009254637621445131, 0.008582504842564833, 0.010823724294810037, 0.012921539529290187, 0.013023414798701987, 0.013174874011839898, 0.010607083695147516, 0.009877376024142646, 0.007500855954743062, 1.2683094169991332e-06, 1.0210470449229553e-06, 9.675699134851225e-07, 1.0902118379541653e-06, 1.2067699066945312e-06, 1.4462604175942e-06, 0.008565198062541371, 1.4425695225814245e-06, 0.0024299673887180928, 0.00011558626360288105, 1.8672297092756713e-06, 0.0018943017818016065, 0.0003142743054303044, 1.477967230232022e-06, 9.199058700866977e-07, 1.1421431648241295e-06, 8.010376030065302e-07, 5.432087061500069e-07, 6.077542958254254e-07, 6.926078577512362e-07, 8.206365829818425e-07, 1.3292632284659597e-05, 1.535735923876626e-06, 1.5156446171899394e-06, 1.28930269397799e-06, 0.0016297538181376367, 0.0019868753167241837, 0.0011953674614099622, 0.0024375858313994787, 0.004597648949632817, 0.0034774672832738516, 0.004137442769925092, 0.00455581194253213, 0.0035888230889891625, 0.0070843681897652, 0.010814581612941132, 0.00997189310631905, 0.014268933693475707, 0.015409092767639788, 0.005690045023294304, 0.0038790078040914747, 0.005569467916876415, 0.008118370025256496, 0.007009652967814696, 0.0028404151776243807, 0.004491205196004906, 0.009351536571240052, 0.006459133731787178, 0.008011699063377606, 0.00802754139602765, 0.003488925760066183, 0.00758047637736717, 0.014452366770927821, 0.0111863871738642, 0.007274470513449369, 0.00844696461038412, 0.0037194346379594494, 0.0009779946879621378, 0.00584368120371988, 0.011931383380252382, 0.00853670173733096, 0.008806853273626904, 0.010435019756517996, 0.004988839907949179, 0.005276958887084028, 0.010739873988555939, 0.013742590136990297, 0.007829813915302972, 0.01140609342518028, 0.007848542628338537, 0.0005692418487594131, 0.004736459229429547, 0.0069086574042874025, 0.007524540615443742, 0.004895116721049159, 0.010141569048315487, 0.004424237985077565, 0.003719494107200369, 0.007521327061254365, 0.008164537636986786, 0.009778693977436054, 0.00667770199465558, 0.007570036480905244, 0.0005228035645502822, 0.006258847059470251, 0.007190665316400322, 0.00868210872148199, 0.010825889844373557, 0.006332594603420059, 0.0047382111314250306, 0.0018463105160752683, 0.008902216856295971, 0.0055749148799530196, 0.011793237541812305, 0.012626664860756231, 0.0053245183672004145, 1.6437934534898624e-06, 0.002285004145825598, 0.008645089808110237, 1.2406884759068388e-06, 0.017353042295710015, 0.0075350403094480815, 1.203426643165075e-06, 1.992538429515122e-06, 0.0011123025355001428, 0.006885680007601889, 0.00292576158675264, 0.027091952106235658]}