{
  "c0": 0.39269908169872414,
  "studies": [
    {
      "name": "alpha_at_edge_1D",
      "n_random": 200,
      "n_finite": 200,
      "rs_best_fun": 0.3959799280552888,
      "rs_best_x": [
        0.49884287651283565
      ],
      "best_fun": 0.3955351507407513,
      "best_x": [
        0.4989998823997266
      ],
      "time": 48.879714012145996,
      "top5_random": [
        [
          0.3959799280552888,
          [
            0.49884287651283565
          ]
        ],
        [
          0.4075997428660428,
          [
            0.49472531257178815
          ]
        ],
        [
          0.41159601847431365,
          [
            0.4933019179044293
          ]
        ],
        [
          0.41556491136388574,
          [
            0.49188442421508777
          ]
        ],
        [
          0.4156582950165631,
          [
            0.49185102513401335
          ]
        ]
      ]
    },
    {
      "name": "perturb_lin",
      "n_random": 200,
      "n_finite": 177,
      "rs_best_fun": 0.3928633531640981,
      "rs_best_x": [
        -0.004688780085591482
      ],
      "best_fun": 0.3928633531640981,
      "best_x": [
        -0.004688780085591482
      ],
      "time": 60.461456537246704,
      "top5_random": [
        [
          0.3928633531640981,
          [
            -0.004688780085591482
          ]
        ],
        [
          0.393324311473275,
          [
            -0.017863905828056303
          ]
        ],
        [
          0.39404087416156586,
          [
            -0.03839880221457914
          ]
        ],
        [
          0.3971737604781056,
          [
            -0.12901255789277677
          ]
        ],
        [
          0.39813092930142946,
          [
            -0.1569909862561083
          ]
        ]
      ]
    },
    {
      "name": "perturb_quad",
      "n_random": 200,
      "n_finite": 93,
      "rs_best_fun": 0.3939099221569912,
      "rs_best_x": [
        -0.11711961254406233
      ],
      "best_fun": 0.3939099221569912,
      "best_x": [
        -0.11711961254406233
      ],
      "time": 60.12714648246765,
      "top5_random": [
        [
          0.3939099221569912,
          [
            -0.11711961254406233
          ]
        ],
        [
          0.39588807130433634,
          [
            -0.3123193626889398
          ]
        ],
        [
          0.3974301013421286,
          [
            0.08437072260407241
          ]
        ],
        [
          0.39947336157586644,
          [
            0.12097811374223166
          ]
        ],
        [
          0.399484170577534,
          [
            -0.6817402635524648
          ]
        ]
      ]
    },
    {
      "name": "perturb_sin",
      "n_random": 350,
      "n_finite": 97,
      "rs_best_fun": 0.39619556184831506,
      "rs_best_x": [
        0.03282068048905895,
        26.697441542052708,
        2.664083935041919
      ],
      "best_fun": 0.39619556184831506,
      "best_x": [
        0.03282068048905895,
        26.697441542052708,
        2.664083935041919
      ],
      "time": 80.3387098312378,
      "top5_random": [
        [
          0.39619556184831506,
          [
            0.03282068048905895,
            26.697441542052708,
            2.664083935041919
          ]
        ],
        [
          0.39723905727379444,
          [
            0.03509685603435386,
            20.03955379022604,
            0.8235278931830496
          ]
        ],
        [
          0.4027584961249859,
          [
            0.15283311086010487,
            2.7481629424455067,
            3.6034954842478433
          ]
        ],
        [
          0.4035826476129682,
          [
            0.08541160906343848,
            29.710514692931216,
            4.34973318059409
          ]
        ],
        [
          0.4096210699616019,
          [
            0.14652123820003782,
            19.12524734941375,
            5.612037204251258
          ]
        ]
      ]
    },
    {
      "name": "SSplus_unif_w",
      "n_random": 200,
      "n_finite": 75,
      "rs_best_fun": 0.4023739445799709,
      "rs_best_x": [
        0.984177762654558
      ],
      "best_fun": 0.4023739445799709,
      "best_x": [
        0.984177762654558
      ],
      "time": 50.4607629776001,
      "top5_random": [
        [
          0.4023739445799709,
          [
            0.984177762654558
          ]
        ],
        [
          0.40371673755736615,
          [
            0.9819986220066234
          ]
        ],
        [
          0.40633889234881276,
          [
            0.977754853132743
          ]
        ],
        [
          0.41151481564509,
          [
            0.9694222305299371
          ]
        ],
        [
          0.41430594212882055,
          [
            0.9649527828247426
          ]
        ]
      ]
    },
    {
      "name": "SS_doublebump",
      "n_random": 600,
      "n_finite": 38,
      "rs_best_fun": 0.43286750677105085,
      "rs_best_x": [
        0.28907000913623904,
        -0.16610893389478285,
        0.4281019932796222,
        -1.6571431435158486,
        0.21840320700499377,
        0.10991628297734182
      ],
      "best_fun": 0.43286750677105085,
      "best_x": [
        0.28907000913623904,
        -0.16610893389478285,
        0.4281019932796222,
        -1.6571431435158486,
        0.21840320700499377,
        0.10991628297734182
      ],
      "time": 172.74691772460938,
      "top5_random": [
        [
          0.43286750677105085,
          [
            0.28907000913623904,
            -0.16610893389478285,
            0.4281019932796222,
            -1.6571431435158486,
            0.21840320700499377,
            0.10991628297734182
          ]
        ],
        [
          0.48225307633068404,
          [
            -0.6116443246519461,
            -0.15907070421331793,
            0.17575886289767226,
            -1.6169318259079644,
            0.16850105610063953,
            0.33282216262035047
          ]
        ],
        [
          0.48820470533203614,
          [
            -0.03318056305525441,
            0.1449343193902845,
            0.28950043160044997,
            -1.9138444306468405,
            -0.045929134264181465,
            0.3089458544527603
          ]
        ],
        [
          0.4891223492013919,
          [
            -1.530802624829877,
            -0.0286452599538011,
            0.26231853887820833,
            -0.028918487420425798,
            -0.002577851966096667,
            0.42896518817536644
          ]
        ],
        [
          0.497072710230653,
          [
            -1.4808687712409,
            0.14580409819217982,
            0.4303606959145617,
            -0.5078431426811201,
            0.21824300980129924,
            0.08727253408494104
          ]
        ]
      ]
    },
    {
      "name": "two_endpoints_v2",
      "n_random": 350,
      "n_finite": 50,
      "rs_best_fun": 0.4568628373697531,
      "rs_best_x": [
        0.21222607677026867,
        0.48854130897715703,
        0.047443101414984645
      ],
      "best_fun": 0.4568628373697531,
      "best_x": [
        0.21222607677026867,
        0.48854130897715703,
        0.047443101414984645
      ],
      "time": 81.01087379455566,