{
  "k": 4,
  "N": 6,
  "two_pt": {
    "k": 4,
    "N": 6,
    "with_3pt": false,
    "n_orbits_y": 0,
    "n_orbits_g": 15,
    "n_orbits_m": 5,
    "block_sizes": [
      15,
      10,
      10,
      5,
      4,
      4,
      3
    ],
    "n_constraints": 25,
    "build_seconds": 0.03800010681152344,
    "solve_seconds": 0.10138440132141113,
    "peak_mem_mb": 0.3072,
    "status": "optimal",
    "objective": 1.0000000002361027
  },
  "three_pt": {
    "k": 4,
    "N": 6,
    "with_3pt": true,
    "n_orbits_y": 24,
    "n_orbits_g": 0,
    "n_orbits_m": 0,
    "block_sizes": [
      35,
      20,
      20,
      20,
      4,
      3
    ],
    "n_constraints": 14,
    "build_seconds": 0.07805037498474121,
    "solve_seconds": 0.4038705825805664,
    "peak_mem_mb": 27.738112,
    "status": "optimal",
    "objective": 1.000000002271162
  },
  "delta": 2.035059232241565e-09,
  "solver": "MOSEK"
}