{
  "k": 4,
  "N": 4,
  "two_pt": {
    "k": 4,
    "N": 4,
    "with_3pt": false,
    "n_vars_m": 9,
    "n_vars_g": 45,
    "n_vars_y": 0,
    "block_sizes": [
      5,
      4,
      15,
      10,
      10
    ],
    "build_seconds": 0.035999298095703125,
    "solve_seconds": 0.08223509788513184,
    "peak_mem_mb": 0.217088,
    "status": "optimal",
    "objective": 0.19749200582189358,
    "extra": {}
  },
  "three_pt": {
    "k": 4,
    "N": 4,
    "with_3pt": true,
    "n_vars_m": 9,
    "n_vars_g": 25,
    "n_vars_y": 41,
    "block_sizes": [
      5,
      4,
      15,
      10,
      10,
      35,
      20,
      20,
      20
    ],
    "build_seconds": 0.07037687301635742,
    "solve_seconds": 0.5052731037139893,
    "peak_mem_mb": 30.67904,
    "status": "optimal",
    "objective": 0.19749208107563787,
    "extra": {}
  },
  "delta": 7.525374429162568e-08,
  "solver": "MOSEK"
}