{"P": 50, "best_val": 1.5171354461859579, "best_x": [0.037253387132907885, 0.003864346808317081, 0.03551567091049519, 0.021122050469118806, 0.029973369608416768, 0.02346308939818446, 0.03329639970295568, 0.025341188757459537, 0.01998275621460549, 0.033018315195858745, 0.02889657956335982, 0.03818422827992633, 0.02472737692402186, 0.04110632622413959, 0.014183243607455827, 0.04927299332369035, 0.010289792341268984, 0.027383287391199006, 0.047524945319308246, 0.01850666214839062, 0.002602996484082241, 0.0029645027779858727, 1.316682779281084e-06, 2.8494682944390553e-06, 1.7073924755723633e-06, 0.0059994493074533445, 0.003145031637195805, 0.03357944166640919, 0.045078552362267925, 0.04504882356883106, 0.008731771808037246, 0.006105120810675522, 0.023886903722037656, 0.008054606993188697, 0.019073159417192297, 0.02899777792586034, 0.005255579740646263, 0.007970782622545138, 0.0026176744891128817, 0.008677182312036976, 0.0018326939694470305, 0.007417189051953116, 1.9665329373830254e-06, 3.027086615873792e-06, 1.994919742758082e-06, 5.765534180121298e-06, 1.9665329373830254e-06, 0.011664087342863819, 0.07464066825251515, 0.08372940026661937], "diverse": [[1.5171354461859579, [0.037253387132907885, 0.003864346808317081, 0.03551567091049519, 0.021122050469118806, 0.029973369608416768, 0.02346308939818446, 0.03329639970295568, 0.025341188757459537, 0.01998275621460549, 0.033018315195858745, 0.02889657956335982, 0.03818422827992633, 0.02472737692402186, 0.04110632622413959, 0.014183243607455827, 0.04927299332369035, 0.010289792341268984, 0.027383287391199006, 0.047524945319308246, 0.01850666214839062, 0.002602996484082241, 0.0029645027779858727, 1.316682779281084e-06, 2.8494682944390553e-06, 1.7073924755723633e-06, 0.0059994493074533445, 0.003145031637195805, 0.03357944166640919, 0.045078552362267925, 0.04504882356883106, 0.008731771808037246, 0.006105120810675522, 0.023886903722037656, 0.008054606993188697, 0.019073159417192297, 0.02899777792586034, 0.005255579740646263, 0.007970782622545138, 0.0026176744891128817, 0.008677182312036976, 0.0018326939694470305, 0.007417189051953116, 1.9665329373830254e-06, 3.027086615873792e-06, 1.994919742758082e-06, 5.765534180121298e-06, 1.9665329373830254e-06, 0.011664087342863819, 0.07464066825251515, 0.08372940026661937]], [1.5171606631223342, [0.08566155524480162, 0.07392130813591019, 0.009262148560080476, 1.9775574426849277e-06, 0.0011973450842259808, 1.9775574426849277e-06, 7.117528615536619e-06, 4.881450968788865e-06, 0.0078149667832431, 0.0014318486249905453, 0.00859114085855537, 0.0026287709419551704, 0.008431108072340853, 0.0050267560441845105, 0.02890981752341108, 0.018646540647994276, 0.008287815343944446, 0.024176835971712846, 0.0055188269961407325, 0.00893745630524205, 0.045348197998224364, 0.045605566384726196, 0.03291182998136639, 0.0017935070559456313, 0.007284770635685722, 1.1459328396106749e-06, 0.0, 7.816055096042177e-06, 0.003118337843710616, 0.0025563268120181075, 0.018399342053394722, 0.04808311245467223, 0.027107137016594614, 0.009725801161586514, 0.04907142218877842, 0.014463431816920325, 0.04114851403702812, 0.025069710581958324, 0.037451657600926266, 0.02955276238726508, 0.0328193465302742, 0.01976925540671994, 0.025348665541188364, 0.03358750445690529, 0.02345463182678659, 0.029986401402283785, 0.0208352462808689, 0.03578170407576744, 0.0038873012385483995, 0.03736935800871704]], [1.5184798904810277, [0.03226829655189726, 0.02270581841610572, 0.017286567343454986, 0.02338275153701749, 0.03112898613409161, 0.02552446938226069, 0.033332440728934425, 0.03030876855836059, 0.03424522665421566, 0.032865893111537, 0.024240067002639046, 0.017523879894977154, 0.038621633118491545, 0.042604490685868544, 0.011507474040395997, 0.036613449805599996, 0.04727500437956175, 0.026658470816914713, 0.02104740174557531, 0.0039404371453591715, 0.007505744952381776, 0.003183560922370103, 0.011325833807776199, 0.00012127196569860502, 0.017556055482223103, 0.00045104188982450234, 4.891756179953164e-06, 7.742274781197274e-05, 0.04422519958099183, 0.030974352040476185, 0.05006741253371616, 0.0205895299193695, 0.011334568478664426, 0.012387734881570085, 0.006307326740665221, 0.025119496187552548, 3.1857900445474517e-06, 0.0, 0.02083509674213876, 0.015113343149772153, 3.549462925855757e-06, 2.415392446906215e-06, 2.6921950850823486e-06, 7.634030065254044e-07, 2.325813999187756e-06, 1.5407915696353384e-06, 1.537249595774336e-06, 0.0449586847214438, 0.03798147579215211, 0.08678041855528865]], [1.518810018766315, [0.03314148343238305, 0.02276917021507891, 0.02727608178429219, 0.028218160788369473, 0.026386859664124497, 0.018433346354781267, 0.030901090097059714, 0.027181558614426612, 0.0301845934352811, 0.03873692624139592, 0.03826662725905472, 0.03708023607942426, 0.03829527614436057, 0.03236412638318076, 0.01410316062366196, 0.04852462558139664, 0.024323366897951584, 0.01217238606729216, 0.005617978647923049, 0.007980695207979133, 1.8596240421195531e-06, 0.020694190968101253, 0.0187550195172933, 0.017542636135166333, 0.0108656633082718, 0.008009902845711266, 6.941225659367867e-07, 3.3599168281977503e-06, 0.00042123617632309004, 4.062237877777254e-06, 0.03693416504864752, 0.05248621076270712, 0.04361267247571535, 0.018578537537051635, 1.6962400988505936e-06, 0.037297735498538924, 0.008607244471627647, 0.002410294669796954, 2.9978827379085878e-09, 4.2828761661657136e-05, 7.352835061570775e-07, 6.419636826491435e-07, 1.680009705647576e-06, 0.0025389057362390013, 0.01727943269413141, 0.0024635677930530614, 1.9099175627672646e-06, 0.020567272242097645, 0.05784355767812531, 0.08107453384656958]], [1.518821161586381, [0.0810704184878752, 0.05777373571070194, 0.020626467420902336, 1.865259424650053e-06, 0.0025112315050992936, 0.017283479382976526, 0.002498940608018731, 0.0, 0.0, 2.392812755545632e-07, 5.26163357397532e-05, 1.7289042120341252e-06, 0.002369436001521439, 0.00859288862574175, 0.03733153973303544, 1.4834096418514422e-06, 0.018615146145722877, 0.04355481360115543, 0.05252317398615706, 0.0369266405259134, 4.710862827488064e-06, 0.00046781734060552803, 1.4835510214842678e-06, 1.4423762909752978e-06, 0.007952030075285174, 0.010871590893888556, 0.017541247131655842, 0.018768316981581958, 0.02070654036498449, 3.0847782579615487e-06, 0.007978234254798903, 0.005599007584900768, 0.012184041840691334, 0.02433437813826624, 0.04852206027491703, 0.014093743991141853, 0.03235632486199786, 0.03829488238101544, 0.03707309424901937, 0.03825355631764573, 0.03875231961196624, 0.03018838222075823, 0.02718632430265236, 0.030909946065049737, 0.018405957082961655, 0.026398669886864772, 0.028213190799685723, 0.027270141620244853, 0.022775250801574175, 0.033156384432333076]], [1.5188245212848936, [0.022341252675937624, 0.022922304124818105, 0.0253215658497424, 0.02770654332749742, 0.028805190423568678, 0.017691007890976673, 0.020674784936923495, 0.020374695312016123, 0.01990880805842733, 0.017520442223564348, 0.011044575272592234, 0.010982988261217769, 0.022200498381446155, 0.0213173874972207, 0.02562662286626142, 0.029999923048867463, 0.034840781731296906, 0.028482933709176712, 0.037422749558111236, 0.04067586936840915, 0.04344320149787072, 0.045526225797073924, 0.009873043978656447, 0.015793230270535724, 0.008798629532334767, 0.005011456075594118, 0.004469021978291016, 0.05772900510209987, 0.013837412488932183, 0.0085762018100177, 0.0011026093717982938, 0.0, 0.0068093950148351325, 0.0, 0.001421856648846355, 3.717609348621116e-06, 7.761725357320165e-06, 3.384419910307957e-06, 0.005774387161743302, 0.04296220264175411, 0.01486722808119314, 0.015669543564627922, 0.0165023571806087, 0.02189282373789322, 0.037239596837005014, 0.0002228249241830268, 3.5418123879197455e-06, 3.6723646934206005e-06, 0.013361387209400551, 0.12323335664493512]], [1.5188286848289771, [0.12322350882097878, 0.013363181846080811, 6.553377308263637e-06, 5.982910951431019e-06, 0.00021984895540787423, 0.037243238150138705, 0.02189913891788188, 0.01650359612636601, 