{"P_target": 200, "cand_idx": 0, "best_val": 1.509678901349227, "elapsed_s": 40.850637912750244}