{"P_target": 1000, "cand_idx": 1, "best_val": 1.5065382566089243, "elapsed_s": 545.3943500518799}