{"P": 40, "best_val": 1.5203820510294699, "best_x": [0.03810908468217029, 0.0309328734254012, 0.034465732632518786, 0.0347690029931213, 0.024052425883645322, 0.03751901057363132, 0.03478318173485004, 0.04676068400141143, 0.048343724181904066, 0.04573696694181491, 0.04716343630917792, 0.02009230786381667, 0.05622491508041953, 0.023359061365104294, 0.007472455326192817, 0.0106730206288154, 0.0024738686397646494, 0.026531824426736347, 0.023405025513296145, 0.01759566680345133, 0.008051670475195123, 0.0, 3.787865360408669e-06, 0.0, 0.04593619237751476, 0.07111212959273108, 0.032728400639147844, 0.0017799450949466014, 0.03920968419313784, 0.009386357797507591, 0.0, 6.532595446301301e-06, 0.0012438599535149752, 3.5807580188364277e-06, 6.3291764357541885e-06, 0.018041796572002545, 0.004761694256075431, 3.3972602699103506e-06, 0.05680801813725115, 0.10045235424820029], "diverse": [[1.5203820510294699, [0.03810908468217029, 0.0309328734254012, 0.034465732632518786, 0.0347690029931213, 0.024052425883645322, 0.03751901057363132, 0.03478318173485004, 0.04676068400141143, 0.048343724181904066, 0.04573696694181491, 0.04716343630917792, 0.02009230786381667, 0.05622491508041953, 0.023359061365104294, 0.007472455326192817, 0.0106730206288154, 0.0024738686397646494, 0.026531824426736347, 0.023405025513296145, 0.01759566680345133, 0.008051670475195123, 0.0, 3.787865360408669e-06, 0.0, 0.04593619237751476, 0.07111212959273108, 0.032728400639147844, 0.0017799450949466014, 0.03920968419313784, 0.009386357797507591, 0.0, 6.532595446301301e-06, 0.0012438599535149752, 3.5807580188364277e-06, 6.3291764357541885e-06, 0.018041796572002545, 0.004761694256075431, 3.3972602699103506e-06, 0.05680801813725115, 0.10045235424820029]], [1.520385776281761, [0.1004590167468937, 0.056798662247347864, 7.945143920891229e-06, 0.004759853097386299, 0.018037422633867674, 1.0096455321922469e-05, 8.779457279961544e-07, 0.0012459764943504818, 5.796504873935432e-07, 1.6115883229490625e-06, 0.009382832524367335, 0.03921489309637989, 0.0017891420063716672, 0.03271457761746085, 0.07111399847155767, 0.04593826909718835, 2.4633407206279776e-06, 4.965879938622758e-06, 1.310657016146327e-06, 0.008047945682981884, 0.01759286499628299, 0.023404748811742104, 0.026536052302462008, 0.0024700386906146205, 0.010669721649925084, 0.007476894976785505, 0.023359738953711354, 0.05622631522134504, 0.02009178856154585, 0.04717112840498704, 0.045732121586204016, 0.048341111308379925, 0.04675805319927728, 0.03478313059574944, 0.037523603370136466, 0.024054412672920415, 0.034769091443964444, 0.034471235608595344, 0.030932664166930416, 0.03810284310083069]], [1.5217015845480086, [0.13791607932020725, 0.005983996800804925, 4.121662594796185e-06, 0.010195445893240179, 0.021905045299862102, 0.00977006877203804, 0.04250615862847156, 0.0654951248920785, 8.371925070421127e-06, 4.3295413633359375e-06, 0.0, 1.281249399801738e-06, 0.0, 0.0012876774585070937, 4.851534058451326e-06, 0.0, 0.06621889946504708, 3.6329455005796567e-06, 0.004021044293437943, 0.014382064739370757, 0.024173079939431085, 0.022377383701537527, 0.03408470147081671, 0.025936469799352768, 0.060070540936189264, 0.05221658078858034, 0.04348880672296102, 0.03771720258286515, 0.030945044466031135, 0.0270511531691607, 0.023550693768866437, 0.011905605673818343, 0.004618430106437951, 0.028015927580403378, 0.031604960704135945, 0.03342243653748863, 0.03184281629806857, 0.03387093603472675, 0.032623601138326186, 0.030775434159749242]], [1.521704355811651, [0.03078193506423667, 0.03262422432162768, 0.0338719721799974, 0.03184491635632842, 0.0334176595436195, 0.03161055075539054, 0.02801759950981981, 0.004601616451165525, 0.01191110900295418, 0.023549196194261386, 0.027052233918893692, 0.030948037958586107, 0.03771815815307647, 0.04349033556375027, 0.05222349722335387, 0.060068320542159916, 0.02593720699661443, 0.03408040850153146, 0.02237400712128099, 0.024167160907245605, 0.014372927065904163, 0.004016453121345464, 2.9964377926917355e-06, 0.06622600778647934, 5.362242925582855e-06, 8.092644448596738e-06, 0.0012788855924245268, 5.841218197542294e-06, 0.0, 0.0, 3.874455919297077e-06, 5.554285781030077e-06, 0.06549428686018119, 0.04250220141838243, 0.009781064927469545, 0.02190780344769876, 0.010190427435500918, 2.3769479543860846e-06, 0.005990865536448962, 0.13791483230925183]], [1.521805627184293, [0.029389452312010098, 0.024198939896955415, 0.02736089833859661, 0.03539807294887991, 0.033672604122081035, 0.03387924795678744, 0.03677579744672985, 0.027658532053055677, 0.04564274904533411, 0.04319460512195221, 0.03162983416353053, 0.04489999370057927, 0.03417239610175482, 0.031719595879122826, 0.055453270778312524, 0.022365092124713902, 0.008792331647330415, 2.2768715168762465e-06, 3.0599024072769256e-06, 0.00509926607562573, 0.008976645775400147, 0.001676039111419383, 0.05998001282976944, 0.04516664271930192, 0.030891812174640904, 0.0, 0.028526834047771604, 0.024275778626394524, 0.004861996250838106, 0.041105294206899866, 0.003987938058413768, 5.240837617158467e-06, 0.002400784837827945, 7.581578273679729e-07, 0.0015478599544110773, 4.016254589408855e-06, 3.620558741218444e-06, 0.009799726835531505, 0.057616262249213276, 0.10786472002611497]], [1.5218059823458172, [0.10786556783012882, 0.05761798365223687, 0.009798953710858106, 7.042958489315655e-07, 2.2530127047674493e-06, 0.0015525553431432917, 3.6345920861864855e-07, 0.002404850588954048, 8.298717192714464e-07, 0.00398932893643974, 0.04109663380550509, 0.0048661911425547195, 0.02426966129779487, 0.028532877938010234, 0.0, 0.030889476574917175, 0.045168466795406224, 0.05997468729742988, 0.0016789145278267035, 0.008976282349196587, 0.0051011492399481335, 2.1682159283041247e-06, 6.240358752332766e-06, 0.008791497172725416, 0.022369353163640544, 0.055446541091913375, 0.031723752106468696, 0.03417175691501139, 0.04490071331564642, 0.03163567589515257, 0.0431878368960303, 0.045645689301058945, 0.02765973793502784, 0.036774971623543526, 0.03388060761476644, 0.03367401892843191, 0.03539663413233142, 0.02735983572677193, 0.024195007740432494, 0.029390230196533917]], [1.5233605919586777, [0.02683204720217652, 0.032705343233217034, 0.03046868118459568, 0.031277148542675826, 0.03526784424792486, 0.04250208394249377, 0.029422157332570406, 0.028640867562169138, 0.032805778265627535, 0.04534843330501905, 0.04760462289917588, 0.04601648658736741, 0.04967221031861804, 0.04356863772869801, 0.0024506801810459883, 0.011876956011324871, 0.027942972237279897, 0.0022815099374050474, 0.0008174430052002581, 0.006752221783309348, 0.03391926742055208, 0.02310354066262617, 0.028065153365026522, 0.005685202046084464, 8.293622411025118e-06, 0.06732815995760216, 0.03353813430129291, 0.036451453353504304, 2.3399214046966147e-06, 0.0, 0.0, 0.0, 4.163519806646484e-06, 0.037308645364724426, 0.00935931084450042, 1.3275407742927889e-06, 0.006186658407726524, 0.00036968743726092853, 0.006426401235439331, 0.1379881354913686]], [1.5233684254869087, [0.13797980012515246, 0.006418283640572175, 0.00040576857732354746, 0.006179808127676289, 5.266398673099171e-06, 0.009343340017129362, 0.03728148986990888, 3.1735913193445504e-05, 8.266441151037801e-07, 3.961535606988738e-06, 3.853936154049701e-06, 2.7488415329756593e-06, 0.03643184492893908, 0.033542286890868946, 0.06733059634220577, 8.21057317946925e-06, 0.00568645717672079, 0.028064256625623125, 0.023086310430343347, 0.033919523397330634, 0.006751012895197098, 0.0008398845878580369, 0.0022754524177558194, 0.027937276439341928, 0.011888249811738404, 0.0024561516778019055, 0.043559260397615075, 0.04968074085255593, 0.04600818507736782, 0.04761351103690985, 0.045347601963190334, 0.032811059161007516, 0.02864889983668434, 0.029415988204678986, 0.04249886004671708, 0.03526293938216766, 0.03128006093416646, 0.030461378969097844, 0.032704253721179764, 0.026832862594718482]], [1.5236891150789873, [0.10170864425845218, 0.03713149398343154, 4.507822543158056e-06, 6.364134945032003e-06, 0.032843507384956915, 