{"P_target": 100, "cand_idx": 0, "best_val": 1.5153200965083633, "elapsed_s": 36.21405220031738}