{"P": 30, "best_val": 1.5244242651769329, "best_x": [0.12763058831508445, 0.036033089968458304, 0.009210183490778847, 3.960106478739828e-06, 0.0, 0.011796922380985661, 7.101127446091321e-06, 4.161845591627754e-06, 0.06457414843994734, 0.015047453848362905, 0.003713978463778659, 0.04796897568871917, 0.04072704941660488, 0.06955635924325143, 0.0, 4.588756610163262e-07, 0.0020981182102408165, 0.01801394860356702, 0.023037381020902647, 0.06701312955587785, 0.05262746359053684, 0.038248433579732524, 0.0648689343596443, 0.05899578461118452, 0.03829769181528638, 0.048034343689051906, 0.04686563892132945, 0.03890059137008573, 0.03706558386309235, 0.039658525598318325], "diverse": [[1.5244242651769329, [0.12763058831508445, 0.036033089968458304, 0.009210183490778847, 3.960106478739828e-06, 0.0, 0.011796922380985661, 7.101127446091321e-06, 4.161845591627754e-06, 0.06457414843994734, 0.015047453848362905, 0.003713978463778659, 0.04796897568871917, 0.04072704941660488, 0.06955635924325143, 0.0, 4.588756610163262e-07, 0.0020981182102408165, 0.01801394860356702, 0.023037381020902647, 0.06701312955587785, 0.05262746359053684, 0.038248433579732524, 0.0648689343596443, 0.05899578461118452, 0.03829769181528638, 0.048034343689051906, 0.04686563892132945, 0.03890059137008573, 0.03706558386309235, 0.039658525598318325]], [1.5244410854914987, [0.03965492470781407, 0.03706588532285668, 0.03889816086892188, 0.04687040358001028, 0.048032439088450556, 0.03829388873837284, 0.058995594055395915, 0.06486568341090666, 0.03825281668198718, 0.052634647459346214, 0.06700664523311008, 0.0230338978711228, 0.01801616781606959, 0.002103026877908778, 1.0935335228037132e-06, 4.925751850423544e-07, 0.06955226114804161, 0.04073069337456606, 0.04797334737649039, 0.0037104383708266016, 0.015051013808975186, 0.06457816309471723, 1.4685811398770565e-06, 1.8530561522977413e-06, 0.011798852000672759, 0.0, 0.0, 0.00921780887169108, 0.03603283428566002, 0.1276254982100855]], [1.5264639989107525, [0.03441056326655865, 0.04709844489012859, 0.03835667230919472, 0.04681145053118733, 0.0421705583690429, 0.04443272347719551, 0.04823949516974573, 0.0584913368248395, 0.06270650656042848, 0.06185579284109367, 0.047729670419962573, 0.016111945133781468, 0.0, 0.0006576748064316874, 0.06885821612769127, 1.3934388030642232e-06, 0.006576464670305304, 0.04970298437680883, 0.03907170916497746, 0.04683989390437857, 0.026602474856234994, 0.01789018331414913, 7.228632437642877e-05, 9.964273921910109e-06, 0.005077185492560259, 0.039581358160453946, 5.17048305837956e-06, 7.880163867536594e-06, 7.3676492573551175e-06, 0.15062263299956474]], [1.5264686457856131, [0.150625697245497, 2.5976921911710904e-06, 1.96456969802316e-06, 1.6515059084093838e-06, 0.03958844882132496, 0.005076881295063298, 2.698563800455309e-06, 7.422269747529961e-05, 0.01789961260171072, 0.026608033625399583, 0.046835103529556874, 0.03907134779073389, 0.04970697972604725, 0.006582206863000489, 2.348513029318914e-06, 0.06885531165643326, 0.0006529002840139995, 0.0, 0.016109569546463174, 0.04772350456023447, 0.061864419377414034, 0.06271336926521047, 0.058490495746068294, 0.04823894320830088, 0.044423492742774066, 0.04217472032161835, 0.04681476726210489, 0.03835103738628442, 0.04709946227095196, 0.03440821133169118]], [1.5272435399573432, [0.13507144153050793, 9.188085811150448e-06, 4.080930859552227e-06, 0.05049356203528157, 0.027672189349409067, 0.02598333497604596, 0.05341539063122786, 4.0327457858742506e-06, 6.9996227749993825e-06, 0.0, 0.008772509650263235, 4.070084617418959e-06, 0.01310456233416225, 0.07188841058582122, 0.003930096811921796, 0.016560639506816355, 0.02484272300458679, 0.07549338444841831, 0.06820920055093696, 0.05234483476231707, 0.055876380058802994, 0.041918185359410054, 0.03546904225854468, 0.01495471211876655, 0.02916452505828294, 0.032866633247061655, 0.03006835840799663, 0.048246334277755244, 0.043336315961429506, 0.040288861604384815]], [1.5272519438581855, [0.04028696361074299, 0.04333855806954712, 0.048242679136842034, 0.03006611436193215, 0.03287198230050311, 0.029162172591509314, 0.014958960342030281, 0.035468495619726564, 0.04191778549705702, 0.05586700393244876, 0.05234988745005622, 0.06821281232312064, 0.0754941438532178, 0.024846585728737585, 0.0165596536778596, 0.003933793971605808, 0.0718861062783506, 0.013103669035410975, 4.668793852631353e-06, 0.008767560093782623, 0.0, 2.4356917244355057e-06, 3.801046638430455e-06, 0.0534155572918845, 0.02598117798673193, 0.027677082832803856, 0.05049366068887956, 5.8590510855564065e-06, 4.172433578460928e-06, 0.13507665630833965]], [1.5274316432141959, [0.14618201480875426, 9.41689270794505e-06, 0.00948378721551847, 0.017987008844702085, 0.03284619421513145, 0.08588611854408164, 0.0020428395297103553, 8.312565080962272e-06, 8.162202462806822e-06, 3.451955264414093e-06, 0.0, 3.893355206405487e-06, 0.06992035779466838, 0.0, 0.01657626585697236, 0.029158351596246572, 0.04279466255819784, 0.03895707543082122, 0.07600065499072947, 0.06297866448530037, 0.05035983529421283, 0.03932487742365887, 0.03547605195894514, 0.01896725706330887, 0.013822189794569114, 0.04216038421657475, 0.04412117055244824, 0.043023071168592567, 0.04285463265711395, 0.039043297029018466]], [1.5274337866231822, [0.03904307056734367, 0.04285540578863644, 0.04302207351649775, 0.04412348327205422, 0.04215950994010004, 0.013826962694075226, 0.018961026736517474, 0.03548600598663014, 0.039321817835116256, 0.05035825538670234, 0.06297401153558942, 0.07599713238386442, 0.03896121534942793, 0.04280138381287699, 0.02915773986316948, 0.016574716033655637, 2.3779785183350923e-06, 0.06991567074350478, 0.0, 2.3779785183350923e-06, 7.570749311953865e-07, 5.620469250532737e-06, 7.553539033348509e-07, 0.0020458202825878484, 0.08589659813739285, 0.03284476812943599, 0.017985892652279397, 0.00947951042450957, 4.439729376899453e-06, 0.14619160034353346]], [1.5287820188464225, [0.10070379134405068, 0.07075576703782713, 5.64427417480399e-06, 0.010966104609849784, 0.0, 0.0, 0.0, 0.0, 0.02915258655684926, 0.033289984503495434, 0.05045392041863039, 0.0878786550450897, 0.002386005811168312, 1.1038571765950519e-05, 0.0002577388084966647, 0.026503558044593378, 0.031296792581927926, 0.02324377480445955, 2.7176045073241383e-06, 0.02547885853808033, 0.0636896753309238, 0.036927095628873086, 0.05816559458988214, 0.06885725147529742, 0.05611272830871971, 0.05015526030259227, 0.03726261215271152, 0.04724957291513615, 0.03995652708127402, 0.049236743659623536]], [1.5289141070689924, [0.0471011647466003, 0.04853234930669771, 0.055800424185082444, 0.05760465157747711, 0.07174291045543274, 0.04816331374586313, 0.060000655338048714, 0.06385698420083935, 0.014259797936390983, 0.03341446532953891, 0.01975583948828659, 0.011117551577546642, 0.004265879093138753, 0.07459415104561369, 0.04927718917597091, 0.02709402611383192, 0.002475760017475678, 0.0065267918490305435, 0.019543902023440304, 0.029756507632657095, 1.7514481544527394e-06, 0.0672726123844222, 0.01751189549780747, 0.020319454830375405, 0.023904923068804197, 5.417306801237334e-06, 3.490999682291089e-06, 3.490999682291089e-06, 6.4060047047524425e-06, 0.1260862426206023]]], "n_total": 30000, "elapsed_s": 458.7915749549866}