{"P_target": 1000, "cand_idx": 0, "best_val": 1.5067525066834826, "elapsed_s": 565.269761800766}