{"P_target": 500, "cand_idx": 0, "best_val": 1.5076829412613881, "elapsed_s": 144.2062804698944}