{"P_target": 1000, "cand_idx": 2, "best_val": 1.5065064916313546, "elapsed_s": 527.2670819759369}