{"P": 200, "strategy": "dirichlet_sparse", "round_name": "r1", "exact_peak": 1.5122886636983133, "approx_peak": 1.5122886636983133, "median_peak": 1.5169268556402187, "std_peak": 0.0027891129233776147, "n_restarts": 80, "elapsed_s": 35.76807928085327, "simplex_weights": [0.03384403994769219, 0.038099258033260856, 0.028239446216072984, 0.02204656217858685, 0.0024075179420831798, 0.011595368098976709, 0.008804834858075724, 9.632959659136189e-07, 7.838274294132684e-08, 6.42329064591669e-07, 2.9206580118736613e-07, 8.041562117091088e-07, 8.550004868978663e-07, 1.4285502836889886e-06, 0.00042442444894141005, 0.0027747309330514672, 0.0032046282252811134, 0.0, 0.004622592251441218, 0.0033398917966833497, 0.0074666986399226625, 0.001806205251479404, 0.00020120799884312284, 0.0011372456077610223, 0.0012457128622804991, 2.2353461919130807e-06, 0.00046587360736136585, 0.0041430987681911995, 0.00305030924567307, 0.005180892005409214, 0.010241081309344192, 0.0082458348482183, 0.008749078818151056, 0.01172345839837677, 0.007770179671874623, 0.01650334381020019, 0.015859739872506474, 0.004387886972780015, 0.01876496012208715, 0.0069777341252546705, 1.7791899514253996e-06, 3.733205283868669e-07, 0.0005810408835940818, 1.923836198988831e-06, 4.84143618436914e-07, 0.0, 1.3142982467740524e-06, 7.759934182355568e-07, 2.8185377178202626e-07, 2.479799790765618e-07, 6.165348206589303e-07, 2.7053818140921597e-07, 8.314390181304072e-07, 5.705071187380999e-07, 1.5307683591339835e-07, 1.510759813969318e-07, 1.3332247702571006e-07, 0.0, 2.346332023938051e-09, 6.01559125163432e-07, 2.0240812205452546e-07, 0.0, 9.351421406805506e-08, 5.098926591844917e-07, 7.250634057584938e-09, 0.0, 5.918450175484916e-07, 1.1242851532442807e-06, 1.6398902916184213e-06, 1.3143859730921205e-06, 2.065939147099603e-06, 1.7799367114014745e-06, 2.587413058529894e-06, 1.033563647766097e-06, 1.674773675303658e-06, 1.6580876565648737e-06, 1.5126039211795467e-06, 1.5189513564239293e-06, 7.1124064552307e-07, 0.0019225632415076283, 0.009093480627666423, 0.003182894594099343, 0.0071629581933286696, 0.018873537681618407, 0.017418483156109343, 0.008057335170498425, 1.420788990415882e-06, 3.5766937784499484e-07, 2.673503208099779e-07, 4.795056586510058e-07, 1.6749532435817591e-06, 8.245256583958044e-06, 0.005211887755523898, 0.0004316097791138329, 0.0004389969866526236, 0.0004054675821794593, 8.433327974876768e-07, 0.004442028828599315, 0.005944861660394912, 0.005758120743606143, 0.002888900318801564, 0.0025175221062176574, 0.005657295179685166, 0.005018796687939724, 0.0021640379096565417, 0.0038369602734778835, 0.005465356601195572, 0.005680061913441101, 0.0016844524868979915, 0.00801835195232554, 0.00706196297153272, 0.006955734836898557, 0.008419988441321644, 0.01010868719760985, 0.010879054757826957, 0.0021848127620682583, 1.8541568954371213e-06, 1.5080643153646342e-06, 0.011023933813123889, 0.009557862055426452, 0.0062934941280115815, 0.010894271907596323, 0.011227824514622939, 0.012628661647160895, 0.011427715224113438, 0.012019368259916247, 0.010630883808661886, 0.00806430776893516, 0.010268239449492178, 0.009875342216848354, 0.007382029073875946, 0.011392557285149468, 0.0084569518998191, 0.007458086207936006, 0.007772961917607366, 0.011701946904224318, 0.005106814524575424, 0.006999822584712123, 0.007647427486045518, 0.009296972375865378, 0.003015598110391094, 0.006169515324378226, 0.0074892986961433185, 0.006822088461891402, 0.002335651110650079, 0.0071075354524091795, 0.009279754292897777, 0.0025314669430029674, 0.0035470621012385346, 0.007148335207021166, 0.0074993259115339285, 0.0013923407792599855, 0.007030322272142523, 0.006011904333336529, 0.0031996902770235185, 0.00273651414687667, 0.0029513227393361883, 0.001702820361452508, 0.003528241317444684, 0.0023923085428319757, 0.0039607480175635375, 0.0006048616456154407, 0.004944627197354332, 1.5185158142851923e-06, 0.0029559411446150527, 0.002869324887727938, 0.0025410599876392625, 0.000384051690240059, 0.007606089308619998, 0.006464169685703071, 0.006165394704777027, 0.007178533274038365, 0.007037149105721448, 0.003932528980061792, 0.008471802514822744, 0.006246901017977845, 0.0065385753656481815, 0.0046218120242233355, 0.011619856252248307, 0.004860388295645991, 0.00453174980114165, 0.0037238823258036458, 0.009948075272631255, 0.0047162689336419025, 0.005248877147467001, 0.008248392137906374, 0.009043590211749636, 0.003669880084461682, 0.0056766876635771435, 0.00939304325491455, 0.004710502572808032, 0.005385759572514257, 0.0075609975156101135, 0.007279237555377719, 0.0011680478471322252, 0.009130841712781064, 0.005391185790412071, 0.005095634521231517, 0.0018328035309423485, 0.01737507014718434], "seed": null, "cpu_cores": 32}