{"P": 200, "strategy": "bimodal", "round_name": "r1", "exact_peak": 1.5105604167291515, "approx_peak": 1.5105604167291515, "median_peak": 1.5163720056952643, "std_peak": 0.0028020950134360185, "n_restarts": 80, "elapsed_s": 37.14954233169556, "simplex_weights": [0.03450272772461186, 0.029346474192244926, 0.025348125736149984, 0.02651147223096838, 0.012115426284933173, 0.00935318836975792, 1.946164893288939e-06, 1.5435133270901665e-06, 5.989697979216544e-07, 0.00043300122014719287, 1.325672260932522e-06, 1.1595243486880975e-06, 6.945781937125844e-07, 4.423846656934468e-07, 4.423846656934468e-07, 7.195929498690264e-07, 4.423846656934468e-07, 0.0013769484960638565, 8.283258555242906e-07, 7.101745058901994e-07, 0.0005983915433053007, 0.006140466817879314, 0.015116407639385682, 0.008361072440265516, 0.011547423823711543, 0.007199102063945442, 0.007135301577991635, 0.00866441721622136, 0.00012323269066156443, 0.000873559674123993, 0.005816950335915889, 0.003982798820047496, 0.002414344026717048, 0.008825688275519107, 0.00012915412599494845, 1.767918648034409e-06, 0.005543324467028041, 0.004732965178517155, 0.004714106497103039, 0.0044422574444012795, 0.0006967693295517541, 0.005903240532318632, 0.009173432253962803, 0.012395754794899853, 0.018324894516085297, 0.0, 2.6383213617129375e-07, 0.0, 8.274871266382387e-07, 1.3715479619130307e-06, 1.3420725872540025e-06, 1.0153508153056993e-06, 0.0, 9.089328959310668e-07, 1.6101430282487847e-06, 2.691936068303607e-06, 9.063375396053838e-07, 2.3670365990032215e-06, 0.0, 2.465315648351006e-07, 1.1411139868261674e-06, 3.148729592654482e-07, 8.929830483969218e-07, 1.2141792594544747e-06, 5.717481221727234e-07, 1.3916019345147332e-06, 1.3477739253442918e-06, 2.191438258645549e-06, 0.0010099346369215386, 0.006162644967830167, 5.284755055717793e-07, 0.0004806167662166708, 7.117949967552175e-07, 1.7878289110194352e-06, 1.54739182051937e-06, 2.4826176373129093e-06, 1.5769055275500496e-06, 1.4161307568628903e-06, 5.929528541871246e-07, 0.00188518486281275, 8.495542214934108e-05, 5.275047271507686e-07, 0.004360378452594811, 0.0031140124791757826, 0.001974333572990015, 0.0005844588036649894, 0.0060857298373711635, 0.007079746208268941, 0.01008907136822927, 0.012037474728800476, 0.01247792626055136, 0.02036038165288683, 0.002553084466842866, 1.3576763097300743e-06, 0.0020824357370894026, 1.425005564766499e-06, 0.0009128366327702134, 6.538888785930962e-07, 0.002057420346977609, 0.00149951369672888, 0.0021991475280251677, 0.0013989108570547214, 0.0034921603371990007, 0.0027549233099932583, 0.002444263017455724, 0.003569217350636957, 0.0036816741867792386, 0.004608248314752464, 0.000746982124166568, 0.003159964472358297, 0.003936235133342407, 0.0026775937280928393, 0.006355765719124057, 0.007464492176671516, 0.01106818060408338, 0.014978411878151698, 0.01087340910548165, 0.009955850106674121, 0.0084842714491258, 0.01491113109285791, 0.009964843631492163, 0.009611821926217344, 0.010041927611414064, 0.01150455175629022, 0.007316652470756257, 0.012974614286062544, 0.007910018015193062, 0.008103184082803836, 0.009066316556058782, 0.009930049966317172, 0.006603671290465575, 0.008336891565805474, 0.004731376572421145, 0.0078111356911153805, 0.007812860389675871, 0.009129250432145533, 0.011962418204790621, 0.006380060303632282, 0.005441454167743684, 0.007051115463133138, 0.007487943817948825, 0.006345402938414881, 0.006359746012330571, 0.006176099230134604, 0.0062079859763673985, 0.004523125160116433, 0.005024524402445269, 0.0060024072689805145, 0.005953008007049511, 0.004893832914701518, 0.005146225075772328, 0.004319553045690162, 0.0051388006746855034, 0.005577020178601343, 0.0067923022157390595, 0.0008865642455482327, 0.0010269985567005386, 0.001501363362727422, 0.00025149114349887257, 0.0052544544395053995, 0.00437790828346066, 0.005105258612152278, 0.0027838883307175627, 0.0033463163101913754, 0.006280531942476892, 0.005880657854261811, 0.002909181142712542, 0.00487872512025655, 0.006554617811455692, 0.002864360498916253, 0.006825825622607619, 0.005226179645846934, 0.003910747634447335, 0.003275221334002051, 0.007670705104601465, 0.004706457595060066, 0.005771127819991582, 0.001371357383779253, 0.004902541619600483, 0.005116280525936493, 0.007295362926298377, 0.006892686895910033, 0.0072581329068463546, 0.006988809087992714, 0.006813466409761641, 0.006522623683617221, 0.006856319537310408, 0.007355103519387258, 0.007474263280213917, 0.005679742989553677, 0.00542166667165458, 0.005700977187926025, 0.005592671666670317, 0.007920650225159753, 0.005148226687158029, 0.005906171218151179, 0.0033437520022891686, 0.005034778681207486, 0.005394793999311598, 0.013543606765195169], "seed": null, "cpu_cores": 32}