{"P": 200, "strategy": "flat_noisy", "round_name": "r1", "exact_peak": 1.5118712311342442, "approx_peak": 1.5118712311342442, "median_peak": 1.5165221569293241, "std_peak": 0.002879581719449446, "n_restarts": 80, "elapsed_s": 31.785900115966797, "simplex_weights": [0.02046919924943171, 0.004087241890208578, 0.001585227919168015, 0.011344245839653527, 0.010398390099524799, 1.4522838394927934e-06, 0.004871922423391054, 0.014470451399537334, 0.001977596728262942, 0.0015657594547024516, 0.008978340500287528, 0.010126089723525106, 2.2315086377395924e-06, 0.0063824238035891, 0.0062125129752871235, 0.00850117573659062, 0.003134431128834336, 0.0036156393324879377, 0.006748063756655731, 0.009084981198576007, 0.0017875408277064951, 0.003132874884734031, 0.009142661177582554, 0.0024228785387799025, 0.004400669369322492, 0.00027978253282533454, 0.0004163194865915249, 1.3943721000363103e-06, 1.2414240097865822e-06, 0.0068624670787743106, 0.004966220780245786, 0.004508470308838173, 0.004586506048239227, 0.00508851947848723, 0.006510719104096817, 0.005279579871868019, 0.008033134128402716, 0.004694580283791884, 0.004743492274441607, 0.009008801111893037, 0.008765725925604812, 2.1341925520735944e-06, 0.009293711564235876, 0.011076884923082453, 0.0025366268405321206, 0.0036747428130059624, 0.012628689042890247, 0.0060240604565629415, 0.0034751121688313003, 0.008312469484470467, 0.0078613834364931, 0.006907999180085584, 0.005705597175712159, 0.01401088089138394, 0.00199942699215976, 1.5699166346682565e-06, 2.858670475289926e-06, 0.00241977479155806, 0.0054224757056681875, 0.0029969475557145783, 0.003592197500150327, 0.005714523872696988, 0.003657355740156477, 0.006291866814676438, 0.006585166508912881, 0.004454972212587883, 0.006250452656791484, 0.006625451081888053, 0.0072547588878698974, 0.0059979841566946985, 0.007171317942422425, 0.006598404918969228, 0.00910883130769909, 0.006501239279776899, 0.007036966339704271, 0.008669629422912576, 0.008448684107710838, 0.008161182486731623, 0.008112068287457124, 0.0093300794907157, 0.01133173416476506, 0.012535028958053213, 0.012765421435360769, 0.013777311445405017, 0.012165928854650402, 0.010842328457700232, 0.008763059653021696, 0.012038553685097392, 0.008302871164437151, 0.004583747560168159, 0.007526371778809403, 0.007030146810181725, 0.004804006838936815, 0.0055244101674320895, 0.006040337972987952, 0.005096756285753978, 0.00529727333609679, 0.004775612389111604, 0.00487562939712158, 0.004717189316372541, 0.00465553486959064, 0.004396938922524389, 0.004934641707272824, 0.004312186054058222, 0.004654256989138208, 0.003912599154120925, 0.0030581771000475176, 4.959141624806742e-07, 4.7350111891269984e-07, 0.0023814598936768745, 0.004037049240821889, 0.007304208642445087, 0.003935339299270574, 0.0005219199947648465, 1.0605483588917577e-06, 1.8421417196130606e-06, 7.269498209719666e-07, 6.358435395223711e-07, 0.0, 0.0007497136793974565, 0.002215202241700827, 1.20127671373679e-07, 0.001188831418960169, 0.0014211943550046086, 0.0005935765030768991, 1.0094926160715166e-08, 1.3997159295859653e-06, 1.7153346268045442e-06, 4.704768608754317e-07, 5.955618342412615e-07, 1.2152748770708677e-06, 8.424228857721425e-07, 1.6071180606192015e-06, 1.2414508203451666e-06, 1.080761623014855e-06, 0.0, 7.285994088316804e-07, 7.326537725720016e-08, 2.95006147415784e-07, 8.972670818473152e-07, 9.706581304536501e-07, 0.007077310498536921, 0.017466019528258405, 0.014555452246303332, 0.008847299503070189, 0.00131213972841573, 0.0004473771225630931, 0.004302792950284604, 0.002309866338054125, 2.560460441837383e-07, 0.0016261360135157922, 0.00010060360628755326, 0.0034790080977990506, 1.1388019122868165e-06, 0.0, 1.8192363087964584e-06, 7.180442121327246e-08, 1.0940295613637536e-06, 0.0, 0.0, 7.069152108437748e-07, 1.0602938776946847e-06, 8.618905270687195e-07, 4.373997419943021e-07, 4.202863109850127e-07, 1.6924837021433674e-07, 4.1311659203293895e-07, 5.894535333422703e-07, 4.852061718416298e-07, 0.0, 4.997218600314858e-07, 0.02174628340830404, 0.01656558746212272, 0.016673208675026443, 0.006821541832718058, 0.002889953427331975, 0.006622321388771174, 0.006759466420815471, 3.771244267249604e-06, 0.006048383213891098, 0.005264510294621276, 0.004042174821744083, 0.0015500691338274765, 0.0036552963437427137, 0.0028309933474485096, 0.010058648669868383, 6.8240791335528966e-06, 0.004393897605304317, 0.006873739268857378, 0.00925808563776869, 0.0030225681582256437, 0.006026838960782453, 0.0020539488803331383, 0.008437207722114108, 0.005072764067624316, 1.779234975592211e-06, 0.014361787810524692, 0.02923936823903572, 0.02794825896680157, 0.0250442100490673], "seed": null, "cpu_cores": 32}