{"P": 200, "strategy": "dirichlet_concentrated", "round_name": "r1", "exact_peak": 1.5104054213186, "approx_peak": 1.5104054213186, "median_peak": 1.5168607944114243, "std_peak": 0.002923932107023242, "n_restarts": 80, "elapsed_s": 32.06473708152771, "simplex_weights": [0.014081468007318373, 0.0074613814277309735, 0.011259185772968574, 0.00030909974488961745, 0.0005355100119547356, 1.059562715334721e-06, 0.002173293092857814, 0.01020120971762184, 0.007068229334122749, 0.011090855210993279, 0.004583565406475257, 0.007537300028961334, 0.0016371510403336, 0.0033806492227874273, 0.005479443643802275, 0.005890060375935464, 0.009976815507924505, 0.005919873158137276, 0.010453858211418381, 0.005236510574502219, 0.008255774898073174, 0.003863267524881989, 0.007150563607085885, 0.006576419101296761, 0.006863330711874687, 0.006773868364638275, 0.004763551802980192, 0.008622873150145203, 0.0051610181655356675, 0.008012327363575579, 0.006172783300436755, 0.008007793248243977, 0.007657864795985502, 0.006221296062522983, 0.006090966172464648, 0.0031256990041195454, 0.005205549023888078, 0.004193208704635654, 0.008934995042728173, 0.007968412293071466, 0.011930484519136215, 0.01340411078615951, 0.008176080732926435, 0.005765463796824735, 0.002075374820550273, 0.006170373660283328, 0.007477443679268113, 0.013393587432855016, 0.011046842386083161, 0.00946677751374865, 0.008026769446155354, 0.005817407861270931, 0.002227868602430307, 0.004074858477631054, 0.010163192756031326, 0.009977136690938198, 0.01149695200146759, 0.011897157943876724, 0.006623522017979098, 0.0021638584624963553, 0.002347838853145292, 0.004961926522966888, 0.006137670895926304, 0.013128141714470482, 0.012928955459119458, 0.012253925273995216, 0.002166034265205927, 0.0007203599927190659, 0.008887933104201082, 0.007757431164824893, 0.004524074102709954, 0.006437728410114141, 0.0049686514238917266, 0.012225893705292284, 0.010783691818068623, 0.012021732296787225, 0.011781318898918524, 0.008275635762060021, 0.004332036908759842, 1.321457797239031e-06, 0.0009145543092263547, 7.593666288944703e-07, 5.879898083358271e-07, 0.00018805927926685072, 0.0016724873179863689, 0.0008384672615152589, 1.2219013248139921e-06, 1.1690143569802845e-06, 9.281172753594988e-07, 1.63889012592011e-06, 3.584449630213307e-07, 7.938423246259898e-07, 1.4201913790275346e-06, 1.0942942893445732e-06, 2.2802190456977715e-06, 0.002539948773073236, 0.0010003301466203274, 0.0004001740104485207, 2.435010795075998e-06, 8.993074548345944e-07, 9.143539769560095e-07, 8.526004256537401e-07, 0.0004947879241629727, 1.8175519114479618e-06, 0.00644665967741694, 0.002803713019175486, 1.069792053757088e-06, 3.828830675928413e-07, 0.006255877776171091, 0.005957248975521953, 0.0073202517051419785, 0.005487858153072115, 0.009973059160423353, 0.009719036431277805, 0.018729937394126577, 0.01311562611098019, 0.010967552558756831, 0.012275242281270913, 0.008670149070974202, 0.004155720287783509, 0.004271435377135485, 0.0053811413096302085, 1.1737428541449793e-07, 0.0008395017651127308, 0.0030456082068785638, 0.0032035983444200344, 0.004864502759830711, 0.001242342826096393, 0.005705720651854688, 0.010694442818020837, 1.93260175650456e-06, 0.0, 9.812430279102863e-07, 0.006124796263067658, 0.010162378124799474, 0.0027062454742045974, 0.0010057573588783324, 0.005520664054444075, 1.4866023788189022e-05, 0.005291272151231459, 0.008553287878374635, 0.0010620286201880702, 1.2880386089201625e-05, 0.013062428945072443, 0.004178781578861394, 1.958414393324748e-06, 0.008761972969963451, 0.009169678326032323, 6.3129749630604e-07, 0.0002461705258288707, 0.0006492210095076843, 2.1759359350315827e-06, 0.000986801927585698, 0.000783412656185875, 9.712670158168805e-07, 0.0016852358044947202, 0.005988923494227715, 0.002203826391207814, 6.313292236083194e-07, 0.0028444072597868953, 9.72762191045196e-07, 1.5477922003094918e-06, 0.003198667368095138, 1.8806283864179528e-06, 1.7650139773501874e-06, 8.744385259987209e-07, 9.521451543333365e-07, 3.830984227949871e-07, 3.830984227949871e-07, 3.830984227949871e-07, 1.1962917067291154e-06, 5.228806414022645e-07, 1.1904108256825996e-06, 3.943056150742351e-05, 0.00037732047934347474, 3.830984227949871e-07, 3.830984227949871e-07, 1.2350513327455138e-06, 3.830984227949871e-07, 2.069496484071999e-06, 4.783478064778514e-07, 3.830984227949871e-07, 3.830984227949871e-07, 3.830984227949871e-07, 1.9313244882960583e-06, 1.036963156150052e-06, 1.882530714540155e-06, 4.7385739058784075e-07, 7.382619586491324e-07, 3.830984227949871e-07, 0.00015383895338258338, 0.009356123230989347, 4.005251612593773e-07, 0.020659516101423414, 0.02203014665964486, 0.02762617326349063, 0.024681921936405293, 0.007519631214871385, 0.02457622635966788, 0.037620281012592766], "seed": null, "cpu_cores": 32}