{"P": 200, "strategy": "warm_perturb", "round_name": "r1", "exact_peak": 1.5121964359728044, "approx_peak": 1.5121964359728044, "median_peak": 1.5169817613248826, "std_peak": 0.0022422483786659676, "n_restarts": 80, "elapsed_s": 34.31973481178284, "simplex_weights": [0.017702627634079444, 0.0010045669680782128, 0.008328055487036723, 0.009442390185977364, 0.005009900046514144, 0.005271872824176379, 0.006665614405372143, 0.009568985293156295, 0.0017925930416358377, 0.010015617000081247, 0.007406900117153789, 0.004047108515185839, 0.008711218856789557, 0.007535160893629224, 0.005160080837054022, 0.005978107985260261, 0.007941826395515885, 0.006843175690548462, 0.005234155255771856, 0.006340499136577536, 0.004946404318004113, 0.008680154591953149, 0.004099028749557257, 0.004961981060510829, 0.004696751014525182, 3.1145149009540562e-06, 0.001655383002662956, 0.006446476651568106, 0.006541607618839746, 0.0028928333138958733, 0.009632747555212814, 0.006163380153718604, 0.0029247272140078997, 0.00712913319313753, 0.004818811818201573, 0.006884598493279351, 0.004404002767482272, 0.004984651206036425, 0.0009678251567071551, 1.346485526746757e-06, 2.7763499189545875e-05, 0.0021940529590761845, 1.3868888802527323e-06, 0.006397394321745613, 0.005199449786625551, 0.0036550283849413555, 0.0038662261089433066, 0.004624831058267575, 0.005522003042228426, 0.0035480289858225767, 0.008688014484252795, 0.005122176322979505, 0.0029837439547631406, 0.005470309168053473, 0.007008225078960284, 0.005011807468613024, 0.005433355771858235, 0.007197491108766621, 0.007795621309330784, 0.0072315910229405695, 0.007320962082924405, 0.00652227654104161, 0.011140992325130468, 0.010208962548313404, 0.01070953365472551, 0.010730336559450498, 0.007186656296480574, 0.006311989880335439, 0.00534612365611531, 0.0035807361452003467, 0.00542130659051311, 0.011842404560781448, 0.006992914595450355, 0.005670864494089656, 0.010870929093199108, 0.009391266203596616, 0.010831301057547748, 0.011157073261323465, 0.015029810547919752, 0.011950282435065872, 0.010932753359494124, 0.009688897964085482, 0.005535131909514457, 0.006793053880527596, 0.009707810430591159, 0.010698207440295784, 0.008093049978704173, 0.003380647391287066, 0.004827919123319262, 0.008001947048345752, 0.004955203808530726, 0.0016248698410289437, 8.123171014648622e-05, 0.0015690835192696954, 0.002498598834272921, 0.00372689923338377, 0.0003244147107328255, 0.0005204357076136538, 0.0013178478260676143, 0.0010296569444219407, 0.0, 8.657367691238613e-08, 4.479438240720895e-08, 2.5186801433450934e-07, 9.199979527557245e-07, 0.008076105389141242, 0.01932271860524885, 0.016899349374800095, 0.006947816056045213, 0.004570599404382475, 0.007730281969244101, 0.006826944452226457, 0.0033854633188013464, 0.0023024878273243724, 0.004328741003698727, 0.003594293413046904, 0.0029071803590911232, 0.004859718413386106, 0.0017556347294251065, 5.8681934635546724e-06, 0.00016827243821455735, 0.0005885131024291882, 8.750899852411334e-07, 0.0017002574702353506, 0.0011417806725896149, 1.8542636194036904e-06, 0.0008901591735820752, 3.534975389753782e-07, 6.169279950683344e-07, 1.1749987634883558e-06, 0.001151541822964671, 2.4613407493022016e-07, 0.0, 0.0, 1.0211186984325837e-07, 4.506338447741259e-07, 2.84407630440164e-07, 3.23697923029387e-07, 8.36172098667097e-07, 8.622093781751157e-07, 1.2412813513940254e-06, 8.963098587376203e-07, 1.6315216738343466e-06, 1.0999343405678321e-06, 1.225914825588713e-06, 1.5122153991258032e-06, 5.159294225731964e-07, 9.078478470018827e-07, 1.7845186621640696e-06, 7.33168384899771e-07, 8.103227022549704e-05, 1.121807088658406e-06, 1.4382888209484763e-07, 4.2692435201188305e-07, 1.1428841060256302e-06, 4.7235217757570286e-08, 1.5323071137357267e-06, 0.014484758728845977, 1.253404696769568e-06, 0.021974153789242366, 0.01612338439148397, 0.013235503533710708, 0.0063602925881076945, 0.00014939428260753756, 0.0013706281439377676, 0.007759370201586975, 1.135261368827783e-06, 5.15515981019253e-07, 1.0520968164672326e-06, 8.324999088593365e-07, 1.4691831742786669e-06, 1.929617669516141e-06, 0.010271072538740298, 0.015315333188766588, 0.012304763532308973, 0.012344649519276475, 0.00946086296968941, 0.004509303780673714, 1.0872377454468539e-06, 0.006554440253877986, 0.003042485345850805, 0.0003789528125549115, 0.00011131724661064276, 0.0009116744228630275, 0.000606509988733481, 1.3411483308715816e-06, 0.0001316695490546653, 0.0, 0.0020227898979717153, 2.0469011601611876e-06, 9.627628548145768e-07, 0.0013541803293891151, 2.7617496439407884e-06, 0.01170757725212125, 0.011080933544802208, 0.006230598240272115, 0.010197007595033707, 0.028436218217601252, 0.037202079145506536, 0.03175340175618586], "seed": null, "cpu_cores": 32}