{"P": 200, "strategy": "gaussian_peak", "round_name": "r1", "exact_peak": 1.5113344897771925, "approx_peak": 1.5113344897771925, "median_peak": 1.5166035621153307, "std_peak": 0.003332739630003751, "n_restarts": 80, "elapsed_s": 32.15877175331116, "simplex_weights": [0.025017008743630453, 0.030819950616799797, 0.03472433430488025, 0.0234803074208882, 0.018443266823374948, 0.007200151166568125, 0.006521758562294681, 3.873054016218692e-05, 2.211032561293582e-06, 1.2203665944519259e-05, 0.0034348407669203083, 7.384588957167908e-07, 4.0364493574623866e-07, 1.23216816811238e-06, 0.0018829993425486635, 1.2296165596565152e-06, 8.17708319093681e-07, 6.99086162620998e-06, 3.3715242385194345e-05, 0.001783038362372094, 0.003776457641254834, 0.0030158491825353615, 0.0019807806579476193, 0.004168335867964936, 0.0031123960427219166, 0.006423379660461783, 0.002538231462988213, 0.002744453343045601, 0.004113275510855473, 0.0074183551354309665, 0.00014540586240300156, 0.008391930656179885, 0.010221128161228702, 0.0171130405523448, 0.011841472847232824, 0.018295248964108436, 0.0014744197252399666, 0.018741914785268293, 0.012189618791996579, 1.1289994291634499e-06, 2.2751763223248364e-06, 0.0028835957703428595, 1.6010420315573497e-06, 2.7190273172429316e-07, 1.1797964338090126e-06, 2.413411594262117e-06, 1.1501527525588384e-06, 8.460650172658169e-07, 9.006834244284923e-07, 1.0011192492637871e-06, 4.897005136217297e-07, 5.878372500049474e-07, 5.580020714366581e-07, 4.858252695011239e-07, 1.0362570679966996e-06, 5.684053359408989e-07, 1.5161217523274688e-06, 2.8541515953113596e-06, 5.605123488749022e-07, 3.922099726738703e-07, 2.4695583342872266e-07, 6.17484430664404e-07, 1.7346699842116357e-06, 2.468150721218087e-07, 7.731962592911161e-07, 2.4695583342872266e-07, 6.254145716938614e-07, 0.0008694855542927415, 0.0012754820714890212, 9.706721996951874e-07, 2.469254192177288e-07, 9.331938201552657e-07, 2.9809744858659646e-06, 2.459298334724654e-06, 3.3138017249661815e-07, 2.469328659396977e-07, 7.03921818594277e-07, 8.076593191712284e-07, 5.696165077809914e-05, 0.0004885278857252584, 0.0014100193347709724, 0.0036401577122536404, 0.011773430412222959, 0.019258493763146468, 0.017518381379730844, 0.011424114918355745, 0.0031963945285771573, 6.285257993301757e-07, 0.0, 8.544816386537391e-07, 0.0, 1.1016835396859346e-05, 0.003010351196729345, 1.1879680421232617e-06, 7.502117654160192e-07, 0.0018491444565686358, 0.0036280861877977825, 0.002216882167392094, 0.0006118649591764094, 0.0008811107217804808, 0.003717515891538003, 0.00462006453556658, 0.0043998578877577155, 0.004792550230643227, 0.004434379660492877, 0.005113405918452708, 0.005501188311486207, 0.006026803904439873, 0.005746140150486777, 0.005930745024967476, 0.006083187307724837, 0.0059143415617225375, 0.0031457345040457286, 0.0051656684833648265, 0.008915752247708969, 0.008594755898632308, 0.0030612579627732985, 0.00063843513847568, 1.3743182930640553e-06, 0.008994651518770418, 0.0119488538499669, 0.013813045879926296, 0.010638632541785325, 0.009948502735049866, 0.012462962992522445, 0.008709365229107362, 0.013131214914862521, 0.010422065127034169, 0.010134764149084175, 0.006956198112402319, 0.010550222045171009, 0.013229200146579162, 0.006882939328953661, 0.00616192956510383, 0.008648113466933104, 0.01027340864078086, 0.00806634848340158, 0.006582667188015541, 0.006497274996308157, 0.007952266096434827, 0.005637836196146523, 0.007752236343746189, 0.006772707882003713, 0.00577836849102815, 0.005369840239472908, 0.006982150468527292, 0.005891891951054521, 0.005197559737287947, 0.004488228739988944, 0.00902775057056221, 0.0069941349177471334, 0.0012033522939572648, 0.002626548735027298, 0.0077562606306527775, 0.0033489139717617945, 0.002021457674351731, 0.0016817666804521526, 0.0021060311848995054, 0.004021784726799207, 3.2380140720583703e-06, 0.008645956925770002, 0.0014763911277577428, 6.613730403054057e-07, 0.004799146258708871, 0.0003853912854990102, 0.002153407574595503, 0.0003918660138886891, 0.0025864377639518146, 0.002105427328372359, 0.009918377368520366, 0.009314365826030215, 0.004376090281822749, 0.0031930276838423926, 0.0073429940659783055, 0.0072454198584510285, 0.007454223536306708, 0.005254069137049774, 0.00766405131072156, 0.005323288584065867, 0.005687546888976974, 0.008519916327333125, 0.007352087099066575, 0.005099850641272811, 0.0060257236162761605, 0.007195264132201905, 0.007686392938340769, 0.004840151558718052, 0.0051280643526826495, 0.010625709949098297, 0.007505429293031858, 0.0021395671834303852, 0.0067562645516219344, 0.010114756129821264, 0.004049893911337385, 0.006347503832689097, 0.005323767111632838, 0.01109315608579045, 3.081543183177604e-06, 0.00044584666180131396, 0.02280505107361108], "seed": null, "cpu_cores": 32}