{"P": 200, "strategy": "cosine_shaped", "round_name": "r1", "exact_peak": 1.5097336793492147, "approx_peak": 1.5097336793492147, "median_peak": 1.5162120109886157, "std_peak": 0.0038617815870587197, "n_restarts": 80, "elapsed_s": 35.24781274795532, "simplex_weights": [0.041142948504662796, 0.024399500468568217, 0.03255836801553614, 0.018628854021706182, 0.0125611751102516, 9.858888657180344e-07, 1.6432559036560162e-06, 0.017824174851765122, 0.0015405748487885295, 0.012428866742879718, 1.5892795270413466e-06, 1.8406264090550692e-06, 0.007318027915251883, 0.0022136182759906497, 1.1739273068450437e-06, 0.00029074712773105387, 6.499368980683912e-07, 0.0016135638354421698, 1.5433388025057946e-06, 6.150684697076864e-07, 4.1658466533453563e-07, 1.302180429778154e-06, 4.1658466533453563e-07, 5.35051654645783e-07, 1.1428755781711233e-06, 4.1658466533453563e-07, 6.669401257143095e-07, 4.1658466533453563e-07, 6.797387870741519e-07, 1.2193166558839658e-06, 5.15181747305024e-07, 4.7089352264836044e-07, 1.6267592012913744e-06, 0.00015321921842297788, 0.0006562843948421021, 0.00350784520258235, 0.004858948575786689, 0.0016405465933084769, 0.0017546414183521783, 0.00029425706868048494, 1.0230819142527686e-06, 1.7697605982338493e-06, 1.7313617130384218e-06, 1.2679690717581935e-06, 1.5206329482591688e-06, 1.1188430837456064e-06, 9.802960458984755e-07, 1.027141290395652e-06, 1.3644320070770361e-06, 1.0387620094004158e-06, 1.2702174198388558e-06, 1.2396336495854265e-06, 2.44326145827853e-06, 0.0096612058162781, 0.009268379719787178, 0.011895554618415797, 0.015801412772238878, 0.012232465870455166, 0.0018293020833776428, 1.3550624028121167e-06, 0.0048032885303611, 3.0658702761332307e-07, 0.005216508317011225, 0.004763436137368727, 2.558197879671353e-07, 0.0018222006079791132, 0.0018092623463336953, 4.443448236973666e-07, 0.00012975889477660494, 8.260638311115837e-07, 4.564446854195145e-07, 1.3531824371035576e-06, 0.0021322912944199334, 0.0075875552841580705, 0.006699027739190445, 0.009535044380222242, 0.006284549585710887, 0.008849542393855356, 0.006938116476668215, 0.004326832034574483, 0.008537121429911742, 0.003222206309890753, 0.00807083551788449, 0.007113980057048519, 0.004306074664421107, 0.007842857736934357, 0.0036020435513087015, 0.012349403853949451, 0.01020159173448509, 0.013300913239121135, 0.013771154710738009, 0.009022628801235917, 0.008590649266927207, 8.623551909479265e-07, 3.9829452290186917e-07, 6.609182127068283e-07, 1.8573210563286726e-06, 0.0, 0.0, 0.0, 3.3481033672389216e-07, 1.2989450404517208e-06, 2.1922716912528442e-07, 0.0, 5.35475533205977e-08, 1.103945899424396e-05, 8.734115365218072e-05, 2.026322227731697e-06, 1.9699273615135883e-06, 7.411419721478059e-05, 1.2336399829119543e-06, 0.001045049384564686, 0.0003573304859627546, 0.0020800441834984565, 0.0021314964827827123, 0.0025771954251835923, 0.0024877792180359056, 0.001960539334774663, 0.004580056982001364, 2.584546108444159e-06, 0.0041143066851673385, 0.0024349910470979792, 0.006518967597622311, 0.0020670865100548036, 0.001862627064415148, 0.003392030944560937, 0.0053312631809702676, 0.011732837048867722, 0.00848596489571184, 0.009919130250353538, 0.01176283907158074, 0.008821926388706576, 0.010255484613300699, 0.009092194830078264, 0.006529546110793075, 0.008665657052214042, 0.007931346867601417, 0.007594601121685779, 0.008216753702793485, 0.005654232964255294, 0.007042581214321099, 0.009286545138468267, 0.004000973975005087, 0.004719063607154164, 0.005207853606268886, 0.0049279636134890465, 0.000310097653243175, 0.013792678956036041, 0.012547022605981529, 0.008712124744755533, 0.007117343906497472, 0.00986447817122475, 0.010247037586016932, 0.011777375721571896, 0.005685837142311251, 0.008603737177328949, 0.009452141710149544, 0.009429639501725528, 0.010007476812672339, 0.0071697282439370895, 0.00382199270982428, 0.010509524015669059, 0.00548894257174536, 0.005188601729825678, 0.004138062389157746, 0.003001778609449103, 0.010014137902845765, 0.007660462038934714, 0.0037549638574600475, 0.007905424183154234, 0.005931585043857927, 0.009430800880861612, 0.00938705062166016, 0.00355128438848313, 0.007038924883715611, 0.008418116697742008, 0.006865286325694643, 0.008123086341907892, 0.0033582432203670687, 0.006307544786099298, 0.010702544178049141, 0.006350422121632615, 0.005053719126347432, 0.0031188900311486024, 0.004786077828629856, 0.01162234658841082, 0.0051500092008006084, 0.002017335660602769, 0.006232769611842352, 0.005710265181803727, 0.009428594287575915, 0.005654979176191243, 2.7168677184036495e-06, 0.006830310209143444, 0.008206085959449607, 0.006342748279122633, 0.006963741489593053, 0.0006422709573862453, 0.007340883421110372, 0.013310483963226821], "seed": null, "cpu_cores": 32}