{"P": 200, "strategy": "symmetric_dirichlet", "round_name": "r1", "exact_peak": 1.5116996076282787, "approx_peak": 1.5116996076282787, "median_peak": 1.5158236870171145, "std_peak": 0.003440875416842414, "n_restarts": 80, "elapsed_s": 32.1754412651062, "simplex_weights": [0.017365766150386756, 0.0017138938204504072, 0.006714798714626254, 0.01050799878182053, 0.0038883874359596556, 0.006171304324972367, 0.009280485326920008, 0.0029389251024384477, 0.007763275906869974, 0.006852793641349549, 0.004193933360823661, 0.005553382100340211, 0.007808757471128601, 0.0049401972821236755, 0.006181384151385642, 0.005868378035002902, 0.0035621744047162397, 0.007954876763259124, 0.004785912183367196, 0.005904862656099468, 0.005818145179280841, 0.005162998808973882, 4.248425790466712e-05, 0.010321916080688553, 0.0012695649874335734, 2.013362107613672e-06, 0.00012830375080755797, 3.7497092270304292e-06, 0.003590312209716734, 0.0020318691957717694, 0.0045623725998883286, 0.006156226033108948, 0.004279317432018166, 0.006076146775883005, 0.004539916146933566, 0.004129123677068523, 0.00926188421424709, 0.005795674983588388, 0.00585122918225331, 0.004854327421354062, 0.008937050099140252, 0.004334457648228082, 0.008578357509259314, 0.004989145907761257, 0.007624526210245529, 0.005286804101775067, 0.008479084276695218, 0.006592716569351023, 0.00726455959990637, 0.0041071398432728405, 0.006767860219109679, 0.011906965909099794, 0.007639094055957561, 0.0065571443946414384, 0.006293365570807885, 1.952438617472026e-06, 0.0021173378822495147, 0.0015898709389320835, 0.0020477676759410217, 0.006240662008363194, 0.005318900247207916, 0.004805356764945124, 0.0018423097251611055, 0.006594052994719536, 0.00623659285037129, 0.006188281447617535, 0.004924158528933685, 0.005611745791372588, 0.006528824444192948, 0.006346630573910307, 0.00790436189500497, 0.007067279952856555, 0.007016138583990316, 0.006113031828540121, 0.009353777732361523, 0.0078528544563859, 0.008180194225321645, 0.007630064080217778, 0.008723069077480257, 0.010549353083724247, 0.011442154384299527, 0.011606365242633416, 0.01362753277340777, 0.013029514785337318, 0.01318466074429912, 0.007815260324982634, 0.010217507042416304, 0.010154138398766678, 0.009232521582280693, 0.0075790360019004945, 0.006080770019946772, 0.006218280780398793, 0.005805679734115916, 0.00541290802544133, 0.00533008355551689, 0.005333011768666684, 0.00545303842455012, 0.004891241707084181, 0.0055425849105649825, 0.004270041780185849, 0.005557867174561764, 0.004479519991352226, 0.005493233771273338, 0.00426108609114129, 0.004104523225432974, 0.002218861008174619, 3.2998102879471983e-06, 1.9592243409878247e-06, 1.144241752913544e-06, 0.001991576609034157, 0.008734404901396745, 0.008981989461227814, 0.004833113780793799, 8.298896079581361e-07, 4.272399632197113e-07, 8.422120061922803e-07, 4.961165762555737e-07, 6.934017278047302e-07, 1.0941465697290665e-06, 1.1362202058494296e-06, 2.760127753944324e-05, 0.0025756834062191894, 0.001251142195150588, 0.001003316816219723, 0.00043920100041535683, 0.0, 5.456945036343737e-07, 4.4823769972225257e-07, 6.945720999534247e-07, 1.2712501534391128e-07, 2.0279598155119094e-07, 0.0, 0.0, 0.0, 4.1444299781259705e-07, 1.1765894135600075e-06, 6.773965727060959e-07, 1.5093178641447356e-08, 8.893609993881641e-07, 2.517068352063213e-07, 9.742514265648364e-07, 1.6755202711283048e-06, 0.01919468646217308, 0.018986639407237455, 0.01141369817843549, 0.0018769978072412027, 4.4166741589678846e-07, 0.0007894371531007495, 0.00036107688576782806, 0.003283209306880165, 0.0020638295765801535, 0.0002435679678352322, 2.272880741755716e-06, 0.001401384883229064, 0.0012040504663078562, 0.0015960438095250656, 8.308362266188563e-07, 9.678760166187041e-07, 1.3971184864085334e-06, 1.287099531989966e-06, 6.389571185525798e-07, 1.533516165432595e-06, 4.6114933134118384e-07, 7.805671318066867e-07, 7.846553958003434e-07, 3.8469067447200916e-07, 1.9661221154123915e-06, 2.2799248945689066e-06, 1.7913231399295415e-06, 1.9771337809083766e-06, 1.836529348009303e-06, 0.0008976750497587016, 0.02616254260122928, 0.02226591046780228, 0.00421413319305708, 0.0013457208956202018, 0.009300254338191389, 0.015416063018798642, 0.0019345615893507976, 0.0010271113838824504, 0.000896985143807812, 0.005511407321608123, 0.004028781012003395, 0.0076563749563044224, 0.0015220461870298176, 0.0012638385470791875, 0.0036927000339543616, 0.010923651193512874, 0.010920951918224552, 0.0009718956613903248, 0.0001619303069285646, 0.004446900698911177, 0.008847285210920914, 3.0458160389124233e-07, 0.0035742039553992677, 0.0016849734409153689, 0.010399002285386937, 0.02929714474427, 0.03674465679540382, 0.02828336676309678], "seed": null, "cpu_cores": 32}