{"P": 200, "strategy": "random_sparse_k", "round_name": "r1", "exact_peak": 1.5099702326925017, "approx_peak": 1.5099702326925017, "median_peak": 1.51716526286426, "std_peak": 0.003337403147675133, "n_restarts": 80, "elapsed_s": 37.601160764694214, "simplex_weights": [0.05239176619759542, 0.0009580107140557925, 0.03601340874321338, 0.03460581885814761, 0.014978647717861827, 0.006762151919963548, 0.014171515271713005, 0.006668395538277668, 1.1324048705305512e-07, 0.005901010758324338, 1.4897808868146113e-06, 2.7407814636056598e-06, 0.0001057255723189704, 3.3708500125417276e-07, 3.605041916149343e-07, 2.2503597126301104e-06, 0.0005687278589415868, 1.9674301861071201e-07, 6.041413189614417e-07, 7.934348470207866e-07, 2.582867655137344e-07, 1.9920104142461643e-06, 4.148197666783018e-07, 4.6938728634699806e-07, 8.268329572080104e-09, 5.020464016359302e-07, 0.00045182933481829467, 2.0425837439575946e-06, 4.401989403104749e-07, 9.770846968657018e-08, 7.596224212532303e-07, 1.9614931031296916e-06, 2.3398860907663124e-06, 6.149253777993214e-07, 1.1913430849680679e-07, 2.689856127476704e-07, 6.220482628275905e-07, 0.00047228856842356203, 0.00029168707250949526, 0.004693592422731841, 0.002825377621413014, 0.0017629836356604241, 0.0029195837659322507, 8.090479191964196e-05, 7.302031034064997e-06, 2.7342725674428275e-06, 1.3267948109855277e-06, 0.007512567226431974, 0.007089004563245586, 1.6117750007559105e-06, 0.006250422365237511, 0.013840252709594996, 1.775536875690772e-06, 1.305174688798292e-06, 2.2734279449503225e-06, 0.0008713276838357999, 0.003502206836673357, 2.253831410864748e-06, 0.0075481178514740545, 0.002969224287584007, 1.805334695868411e-05, 7.527562117126748e-07, 6.991428343766437e-07, 0.00021183024156713358, 0.003867166654109762, 0.0035704874195859725, 0.004561616613700503, 0.009393845144531936, 0.0018386817898529062, 0.01628766584172916, 0.0013159517524010207, 0.006803946490395649, 0.00395558195872727, 3.853350276350797e-06, 3.8795611626238775e-05, 0.0010581648944382935, 0.009020145376111803, 0.010089007480120636, 0.011848639038263392, 0.014354801452819622, 0.011106826236949122, 0.00867872856741408, 0.011205834863117643, 0.011752490663426377, 0.011834411598186545, 0.009691086531971978, 0.008555375946186914, 0.004342655846053361, 1.8406190315959706e-06, 3.268442129520376e-07, 0.0, 6.425601590340446e-07, 9.221115743206722e-07, 2.815547055126753e-07, 0.0, 0.0, 1.1164951751536663e-07, 0.0, 8.893363785378385e-07, 2.0901112468898878e-06, 1.561240876485645e-05, 1.1838869268643942e-06, 0.0023177683252545225, 0.011789938552155764, 0.0065439180377514896, 0.00028499572280640286, 0.006703270656055013, 0.002830648852461029, 1.0607173121640669e-05, 0.00020207933759381217, 1.3534285544955868e-06, 0.00015163222996459764, 1.0509254128976432e-06, 2.8427747288242594e-07, 9.13733872918085e-08, 8.086077095923385e-07, 8.841617546683186e-07, 0.0008744918092849039, 2.82299676525992e-06, 0.002476875397384683, 0.0030598716386970592, 0.0008202251188664742, 0.0003468674111438013, 0.0034297333972814707, 0.0065619241775649465, 0.007406835535770017, 0.011700080930238816, 0.01337175182944348, 0.011025346215251298, 0.005291713827632325, 0.003053015706997697, 0.008106690253398038, 2.4330431871492878e-06, 0.009279144034597401, 0.012492619317201194, 0.012178641216915469, 0.006410490723517402, 0.004330371518990412, 0.008406982220964778, 0.01627847748476387, 0.011878363609085436, 0.005655926979608107, 0.0021963021687306733, 0.006249596984109669, 0.01262415877538848, 0.009966466451984792, 0.00563144587422271, 0.004020446908814647, 0.006030139946706234, 0.00998001696974383, 0.008457143584859817, 0.005108096030953793, 0.006295663711059465, 0.00642325324003065, 0.005750405747462054, 0.007836300372130598, 0.01010534560787714, 0.009381216022661168, 0.006805090109422426, 0.004969107539406283, 0.006169412270777604, 0.0061523965669202044, 0.005442412635413029, 0.006989547284078373, 0.008076849506821072, 0.008486682444424258, 0.008020453187484351, 0.0070420695710922765, 0.00804086533128736, 0.0096486730758961, 0.00787299295381422, 0.007870861734894133, 0.006703496053063274, 0.007244119216775095, 0.008125237510982073, 0.005922555794722304, 0.008747554888102709, 0.00991518860104111, 0.00737249601325632, 0.0060601215430086276, 0.006855670850996666, 0.006494315346681263, 0.0036685359959771867, 0.004406528204289113, 0.005414402711011036, 0.005342544053631249, 0.0035862307304453493, 0.006217294967036752, 0.009905789673981893, 0.007056663945136141, 0.0026353823283341497, 0.002099293288252422, 0.006681047788679356, 0.010443558209932119, 0.0074228437137987035, 5.043941719008731e-07, 3.5868605850063794e-06, 0.005814609113484901, 0.011598045553367787, 0.009658014084238234], "seed": null, "cpu_cores": 32}