{"P": 200, "strategy": "boundary_heavy", "round_name": "r1", "exact_peak": 1.5102248015252129, "approx_peak": 1.5102248015252129, "median_peak": 1.515913508906649, "std_peak": 0.003264345102168243, "n_restarts": 80, "elapsed_s": 31.4762179851532, "simplex_weights": [0.05199624548208732, 0.03316351997058635, 0.025402805647829523, 0.008889719170101182, 0.002478317215647286, 0.0004016608025503855, 0.03066710876948866, 1.1290384549520281e-07, 0.0, 0.002474355457804561, 0.0019128225014312938, 0.003321108332182785, 0.0027377147972066406, 0.007237329787998541, 0.0021664422176486614, 1.4596084420359118e-06, 5.919417414903244e-05, 2.836969435171439e-06, 1.1516531767199796e-06, 5.687419538008698e-07, 1.3029330500428772e-07, 4.278009336922333e-07, 8.885180444492827e-07, 2.3514870737005443e-07, 5.259933345613952e-07, 1.1184025959577388e-06, 2.846193891090139e-07, 2.408754042113642e-07, 1.9899279337177335e-07, 7.596255413599449e-07, 2.227751762893648e-07, 0.0, 4.868588692503481e-07, 0.0006550160837275504, 0.0021284130613506407, 0.0014304589182355131, 0.004305128309600564, 0.002279142004484165, 0.0018213651329908422, 3.4580445286733293e-07, 1.1956656299298964e-07, 6.976869768087483e-07, 1.522237489271711e-06, 1.1977932869825798e-06, 6.826552434906562e-05, 2.222163885962419e-07, 1.299224228544341e-07, 0.0, 1.075461372943279e-08, 0.0, 1.4678768783871234e-07, 0.0005557353833241119, 0.00393399299674664, 0.009514265565226391, 0.008978019775465508, 0.01115226527755698, 0.013188337226287894, 0.009484562016710803, 0.004094779839423593, 2.890189022843319e-05, 0.0060009514809455725, 4.9170397862728105e-06, 0.002995031716735924, 0.0018855924178152821, 0.001103372821578685, 0.0012595937251961042, 0.005410172864783178, 1.8345178825691378e-06, 2.1900157826523505e-06, 1.059921699919829e-06, 2.1010450080167324e-06, 1.8221404493757275e-06, 0.0018537569351735536, 0.010089432674860604, 0.007169185231810463, 0.008939735863478238, 0.01345833161926796, 0.0035135616962342934, 0.0033270039912480518, 0.002826950699257468, 0.008342734613608821, 0.012235355243585249, 0.010500009901218358, 0.0013166444329030605, 0.0017634831233234003, 0.0020437209103988728, 0.013934133066932723, 0.012531558755591239, 0.011004749238087887, 0.01097089237325166, 0.010653441252143753, 0.008341144301835409, 0.007074214014817621, 0.0, 3.9778718615060217e-07, 0.0, 0.0, 3.12371314884633e-07, 3.7033455893900185e-07, 9.665693947265359e-07, 2.588270388403509e-07, 2.2215480892148416e-07, 1.6296705941578307e-06, 0.00016094048913106618, 1.997800764718978e-07, 9.234013913958865e-07, 5.700428188541773e-07, 1.1445376629402244e-06, 0.00029072282799213475, 9.11867496074634e-07, 2.6208547843818586e-06, 0.00022590124664417774, 0.0014121837051407622, 0.001702984804755337, 0.0019193912353204874, 0.0029273142590375088, 0.00627829503940461, 1.8664383014148125e-06, 0.001205824423572015, 0.0013345802990999082, 0.005715310284376285, 0.003739463801999318, 0.007265491011775813, 0.0016327357131291132, 1.101369180283694e-06, 0.0011721349081990921, 0.01014066222023716, 0.007817075704168829, 0.012675412957166109, 0.010678243181505412, 0.011299982538161954, 0.010126439462583181, 0.005993626284204163, 0.009811005445800833, 0.007393256661476686, 0.007875158959555388, 0.007486967974707627, 0.008852265584318574, 0.009729669627282327, 0.004651095371785588, 0.008383624547915277, 0.005762193395955218, 0.003927755151811602, 0.005216012146482137, 0.0060785085093651, 0.0014946373154780305, 0.010028160808021673, 0.00983585954872475, 0.00880896830220613, 0.008825516624721346, 0.010214447822534263, 0.012696995347573571, 0.0047814133611265896, 0.009472817664037202, 0.009654359355737293, 0.008246829385281526, 0.007389423340258551, 0.007102558417611556, 0.013709904892071245, 0.006581237788805245, 0.005696683382334912, 0.00750148422722627, 0.003911166262283181, 0.005936530954628121, 0.0026455376585660206, 0.010252342215685913, 0.006975801101959497, 0.003267369132902099, 0.007922924080653917, 0.007549032515015737, 0.009170399947498272, 0.003052555223431586, 0.007786770897679383, 0.010674546435543419, 0.004951694413385545, 0.007361138608632262, 0.005371163812984183, 0.010640627923194545, 0.00408356265050002, 0.005675330766829606, 0.01116575636070625, 0.005245097550338745, 0.004725912905491546, 0.0040366385374400755, 0.009136302383798388, 0.006054478871191258, 0.0007805276066722627, 0.009958661518135842, 0.00616408458000183, 0.0055319676847197735, 0.0033044145699463903, 0.0070466325080684325, 0.00870965998096937, 2.339739988772951e-06, 0.006554346145568397, 0.007088162661548324, 0.006189928177825098, 0.004609866827594275, 0.005534847783677927, 0.010893140110581363], "seed": null, "cpu_cores": 32}