{"P": 200, "strategy": "triangle", "round_name": "r1", "exact_peak": 1.5102776774471622, "approx_peak": 1.5102776774471622, "median_peak": 1.5167968017588258, "std_peak": 0.002623766336460428, "n_restarts": 80, "elapsed_s": 35.88872694969177, "simplex_weights": [0.020307782491157757, 1.3060722985895853e-06, 0.0022651373951251895, 0.010472505238189777, 0.006200414582920307, 0.008122950635716974, 0.0027259262889531627, 0.006374928982503219, 0.010484652103435183, 0.004437425376994107, 0.006701527725609649, 0.00579529084335773, 0.007970472913294507, 0.007457976771449337, 0.0013535758065890754, 0.010531684749807587, 0.0071038697706170655, 0.004051306439961703, 0.0070153094505262725, 0.004725237612472944, 0.010151843859447621, 0.004551485350975018, 0.005395707541333038, 0.00953426102592888, 0.00365746153327788, 0.006862712761118682, 0.006837634388861739, 0.004275052379173956, 0.00854933802487683, 0.003537614450113188, 0.007499551691787897, 0.0072928840043058, 3.2060367256016906e-05, 0.011448756752566071, 0.0010451890996922269, 2.031308774397938e-06, 0.0002621975753961876, 3.0967072870676883e-06, 0.00024566760957857737, 0.003011924913201369, 0.003467644690272775, 0.0001766023567149266, 0.00019289071254881908, 0.005612031028130108, 0.004030901606335832, 0.005318850604496636, 0.005029807732809239, 0.0017956149134104986, 0.007963283996925473, 0.005479310251953094, 0.0033200894642924556, 0.006002473600674771, 0.0061521020908959145, 0.004706851100537831, 0.004367126710665492, 0.006497790628591222, 0.008258577642606058, 0.005012694328994447, 0.005720731846747727, 0.008588873126655362, 0.007365696296507793, 0.0066916611444441595, 0.00672127615588271, 0.009351518928978621, 0.008963048253328724, 0.005820832646476085, 0.008852773708599724, 0.008998460154526985, 0.008919749589831107, 0.007790645448930929, 0.013589788719675025, 0.009577707150569282, 0.009903931100836733, 0.011042571873920253, 0.01191943176392285, 0.012008432415477803, 0.011835565184285425, 0.011372895536992432, 0.013453570038590981, 0.011070822409429493, 0.003282592616717854, 0.000427368033325446, 0.004994249042877271, 0.00662565633922009, 0.007550276042426908, 0.009408437591897006, 0.00644901152094317, 0.0063501593954835255, 0.00572735512247546, 0.004542053275101202, 0.004166237990740955, 0.004574317877172924, 0.004721364069154166, 0.004575544746234746, 0.0036201715536513103, 0.004853852299489833, 0.005288078382255559, 0.004568278061566532, 0.004760108819685766, 0.005216934734824247, 0.004939393433225711, 0.002462006885116993, 0.0, 0.00431242377752851, 0.0022367641356795956, 0.0020636403378169383, 0.0005352129490536352, 0.0011062572779067888, 2.084026981227824e-05, 2.784444873935809e-07, 2.7891523341164476e-07, 7.184563866313764e-06, 1.4017311612774858e-06, 2.035226181817481e-07, 0.0010761073097638604, 0.0075344632578923584, 0.018523217012062332, 0.020418853057709525, 0.010196240917833051, 0.004651618229209647, 0.0018221366668894046, 0.00011701426505035317, 1.3940425034434699e-06, 9.181052696351589e-07, 1.6488086378507807e-06, 2.065089708178265e-06, 1.420208354282351e-06, 4.518244806687403e-07, 2.4083545273364313e-07, 0.0007444850030987988, 0.0012648153655207995, 1.225083252873201e-06, 7.823368686214931e-07, 2.180943321598474e-06, 2.106316887692558e-07, 0.0, 0.0, 9.357141205321542e-08, 1.7404330287539969e-07, 4.85359612827067e-07, 2.907112345289109e-07, 2.6089006617664605e-07, 0.0, 0.0, 1.6956839109444083e-07, 2.6311294922786037e-07, 1.9774958481604542e-07, 0.0, 1.311798183042057e-07, 0.0, 0.0, 4.43463617192597e-07, 1.1030839984795348e-06, 6.743585548550961e-07, 3.3658063354433263e-07, 5.651353962721817e-07, 0.0, 0.0, 0.0, 0.0019629211912968224, 0.011545568805324447, 0.023191279541905245, 0.003590048810086736, 0.016054348570918472, 0.011397508762268522, 0.014060577688301813, 0.009812375406085375, 0.011281195871408831, 0.0011123883673203661, 0.0007977451084270402, 0.0031076016308050004, 0.001687406266493519, 0.0026931259518507547, 2.6774107267531505e-05, 0.004633851311556865, 0.003826312618237997, 0.000664101386497661, 0.006759652116696901, 0.005980084801675788, 0.0050895600528185906, 0.004254817718640137, 0.0025948954222382286, 2.1569365938888456e-06, 4.845595199631806e-07, 1.0873846019146016e-05, 0.004372400615918073, 4.726711218507798e-07, 0.0, 0.0019067362330235055, 7.374550144615299e-07, 1.3224201539863296e-06, 3.7781242077863573e-08, 0.002170612355139306, 0.002322042948421297, 1.0768601201230762e-07, 0.015047831514117448, 0.024300198616192415, 0.03638122243739972, 0.03354584634732678, 0.026817782955370368], "seed": null, "cpu_cores": 32}