{"P": 200, "strategy": "dirichlet_uniform", "round_name": "r1", "exact_peak": 1.5102087771467665, "approx_peak": 1.5102087771467665, "median_peak": 1.516700442957088, "std_peak": 0.0025343455865159364, "n_restarts": 80, "elapsed_s": 34.450966596603394, "simplex_weights": [0.0158461091023469, 2.4860005004894573e-06, 0.0014098858119230646, 0.013780221104683526, 0.00404013371375293, 0.003620689109343856, 0.0038298047749019013, 0.011591098832414576, 0.00414103613232433, 2.8521069525744704e-06, 0.010226955550990745, 0.008938746827892871, 2.4975135294453924e-06, 0.006229952483085692, 0.009268434080479004, 0.004249779441710695, 0.003686391723644526, 0.005360822790990519, 0.012414041242422385, 0.0024704152393245126, 0.0054759820076160735, 0.011416103287706923, 0.00540728376484735, 0.005235946148287323, 0.005975487632790799, 0.01249902071227544, 0.006730975682153308, 0.002166133208179457, 0.009269956947072333, 0.010148296953848838, 0.0034833627667770466, 0.006324593645291102, 0.007373030381066234, 0.007253712954999298, 0.005548104450031563, 0.004472768303273612, 0.009547888796052086, 0.0013711102677537125, 0.006246381083432536, 0.00842609746543266, 0.009026864544289637, 0.00784826417448483, 0.007536450698934012, 0.011155316773915512, 0.006939621299004806, 0.007933606686655582, 0.0092532176429961, 0.012112122245257692, 0.0071668356203080695, 0.009975814715443426, 0.010660731392570585, 0.009340789941857363, 0.007649010491767449, 0.005457832886163694, 0.010284256186461711, 0.0010573090049847383, 0.00599526272877795, 0.00605215919543242, 0.005417533913535261, 0.006291925471377209, 0.00847230117041515, 0.007669616957417085, 0.005065980562947147, 0.011305502055091496, 0.006462873277198669, 0.008746205895192339, 0.009438046090257874, 0.008960836714083126, 0.009175470195071051, 0.007681797824397137, 0.013794104760172446, 0.01052203462589478, 0.007858018311381516, 0.008498193651885162, 0.0016853745928808292, 0.001382953676920603, 0.0037055394216918692, 0.004690489623685117, 0.004492505140218858, 0.002608939516182337, 0.0005990731727736155, 0.00034408219826652115, 0.005158423500592602, 0.0030294527086898162, 0.004622585800692093, 0.00100316565760994, 0.0008458463012840979, 0.002168193599032252, 8.958536871994153e-05, 1.6792725774714212e-06, 1.7548170230359855e-06, 1.6665607219866951e-06, 5.096103783725362e-07, 3.702534540454343e-07, 8.400448546251155e-07, 3.7019338191348024e-07, 7.992797657158124e-07, 3.702520662150517e-07, 6.870776774796955e-07, 4.690219351085945e-07, 1.9722174180812773e-06, 1.1719958859668197e-06, 7.930538660452055e-07, 4.5239724024081257e-07, 1.1918067301211465e-06, 1.4797933497395088e-06, 0.0007309305139118034, 0.00798714232801215, 0.013137268530953004, 0.008648057107521263, 0.008554212520444237, 0.012967416208185874, 0.013789259589316675, 0.012326653044379075, 1.15491018896359e-06, 0.0008304744012199023, 0.006423886749657074, 0.011934810086697677, 0.008713299320873181, 0.005839822590634294, 0.0020483888592770687, 0.00529578878854371, 0.006180664462190461, 0.009202216685464257, 0.009264738762157668, 0.011300466125864746, 0.003410766360161981, 0.0028137252491508627, 0.001187905226768473, 0.0, 1.4594891462064813e-07, 0.00022533680443591298, 0.0029084535381727053, 0.0, 0.003225171124429877, 0.0040121354663294985, 4.864728201764046e-09, 0.0, 0.0015923981367951905, 5.273845266739208e-05, 0.004734715428844615, 0.00897412575334007, 0.010733422891369854, 0.012655150210745316, 0.014345678429995897, 0.00775612238804481, 0.005262509777978303, 0.002806013667409102, 9.348418859344371e-07, 1.111280804749037e-06, 4.904578731508872e-07, 1.1314061944465375e-06, 1.152569777821019e-06, 6.337563134986955e-07, 6.845139739304959e-07, 6.604426092050209e-07, 1.0429948162404985e-06, 1.5396590914111337e-06, 1.4804939982287661e-06, 1.2994767881928498e-06, 1.874636460812589e-06, 0.0021846260747152074, 0.0037079046862674822, 0.003880770710516079, 0.0014428520936112675, 0.00019960484707182106, 1.801948663912731e-05, 1.0028418558469214e-06, 2.0456977868633822e-07, 6.979288173146248e-07, 1.7670895519336356e-07, 9.027949422504861e-08, 2.397771364087727e-07, 3.0151409756962033e-07, 2.872108245273237e-07, 2.023155912049963e-07, 4.583570176055474e-07, 5.323807600806381e-07, 1.9126071042730823e-07, 6.500681423856171e-07, 1.208363522044332e-06, 1.0197031495368663e-06, 6.70886762191946e-07, 1.7439854846810719e-06, 0.0005261382582376387, 0.005306305123930424, 8.87298773837672e-07, 0.009177290334263798, 0.002398051097006706, 0.006546434533433174, 1.4010438224502096e-06, 1.3934916898275759e-06, 0.007939198937898769, 0.01766880921226235, 1.1832274202536488e-06, 0.0034645825727052217, 0.014496762989424684, 0.03680923905729711, 0.03938319216898138, 0.030215181090276398], "seed": null, "cpu_cores": 32}