{"P": 300, "strategy": "dirichlet_concentrated", "round_name": "r2", "exact_peak": 1.5106368010294036, "approx_peak": 1.5106368010294036, "median_peak": 1.5154310573642436, "std_peak": 0.0038358366550807254, "n_restarts": 100, "elapsed_s": 69.85276055335999, "simplex_weights": [0.011192573172616306, 0.0043068988556560365, 8.432527126382477e-06, 0.0008836675359397943, 0.003469512713056023, 0.0054979541188418255, 0.004322170323485726, 0.0025185035217965557, 1.052385276496562e-06, 0.0009391854802319091, 0.007395711390393495, 0.005214860176300925, 0.0012884114422971663, 0.002877083330358226, 0.003619664414583505, 0.003713914132228753, 0.004232550299189597, 0.003456799010247319, 0.002500675344450598, 0.0038837816426944946, 0.006733715644528849, 0.004481805574052021, 0.0027513740047817735, 0.004403228060823159, 0.004087716400397723, 0.004654141991576546, 0.004928297860096402, 0.004042152772207618, 0.003771017435447209, 0.004190870017596103, 0.005856491943229405, 0.0036013979591170194, 0.004562700441398752, 0.0040307304430131745, 0.004304370092214776, 0.004080678744688908, 0.005230445657059173, 0.004748069668889945, 0.004779422176027913, 0.004450411323585982, 0.0056091481501253536, 0.006093848314236809, 0.0037729368710858646, 0.004766582410514921, 0.00416006286409213, 0.004135643655913062, 0.0030759024966789204, 0.003669212987505254, 0.00408399389620779, 0.0038184509089806704, 0.0045353373612918805, 0.004404104938035202, 0.004752009348504125, 0.004615467813832831, 0.004615896382834389, 0.003813669464618854, 0.0058436589525654205, 0.004723723499497157, 0.0031779597988245765, 0.005676928094879258, 0.004144903576633881, 0.004969323527564744, 0.0063221848954183105, 0.006482603628649854, 0.006203550675252043, 0.006444459822917231, 0.005740830496855127, 0.002247863319984413, 0.0027990306442333083, 0.009385600582313159, 0.007313727574750241, 0.004819077137897395, 0.005412096457754159, 0.004123922588630383, 0.00511032948801478, 0.007904789615699645, 0.006074377991158564, 0.0002565371242510952, 0.00209405140592978, 0.007576563422734218, 0.0065797466626084785, 0.0040392866220527335, 0.0065741946954146445, 0.004391242537789689, 0.00576703493122446, 0.008549636269312705, 0.004453948642621799, 0.0013708669994690486, 0.0027994984285683957, 0.006978711177093617, 0.00700782211421701, 0.002647145304301366, 0.004811127051644273, 0.0040417017959931585, 0.006071559181917613, 0.009899639087133514, 0.0040449436660624435, 2.933523286233934e-07, 0.004743137944537621, 0.003148442798421113, 0.006842834685394893, 0.005835537159790328, 0.006261618956071459, 0.0042096618538362725, 0.003468601486729174, 0.0023559717095438617, 0.005649464379425067, 0.004637783278913292, 0.006731233212753725, 0.004251203099940817, 0.005893317475749511, 0.00694208957705064, 0.008017094125428718, 0.009639708257209672, 0.007751115034777073, 0.004538186051986444, 0.004873413507482607, 0.004798120460242701, 0.001156899834003468, 0.0013460833193693412, 0.0011864986040568267, 0.0006903962941479763, 0.00010864541302450445, 2.1636197820145722e-06, 0.0008881198074420422, 5.213941194855056e-07, 0.0001611538056281642, 0.0009772446616362577, 0.00014016411973971936, 0.0030013943732446215, 1.881994742150533e-07, 0.0011839308837005426, 7.80194935780665e-05, 2.4326807343337814e-07, 1.1843805497595572e-07, 1.1840458635473478e-07, 0.0, 3.5579431575699924e-07, 6.372029398968007e-07, 1.3849016947384214e-06, 0.00026904055295949586, 6.139249860016263e-07, 0.00010253664118448163, 1.1569857832165434e-06, 0.002685077189772283, 1.3703919644459028e-06, 0.0, 0.00010310414883541358, 0.0, 1.0499093822892535e-06, 6.345012565140689e-05, 0.0008235258275713612, 6.908461228699027e-06, 2.099467747558786e-05, 0.005253968938615712, 0.0001384517220300905, 1.576096301606135e-06, 7.211589655872794e-07, 2.128403762322721e-07, 2.4455133855331383e-07, 6.541098286804404e-08, 7.847016576582944e-07, 1.3027559622109518e-06, 0.0025124316001177037, 0.009318331667222294, 0.01267124548861028, 0.0011560632761021565, 0.0031183787882946112, 0.0016324046743068702, 0.006833253970120231, 0.001674682444699793, 0.0074088645293934954, 0.008692523866710189, 0.006513985200830506, 0.007749173253784695, 0.0047279427016858906, 0.012567458463501937, 0.0093956487995415, 0.009026616246880238, 0.006403330941235619, 0.005552474770402848, 0.005359318350113822, 0.0021715825592391316, 0.0011560784471531529, 0.0004025946968274627, 0.0009212544713693948, 0.002526624349280672, 5.968406582512639e-07, 9.610657510912241e-07, 1.0628397774486373e-06, 0.00189222945682815, 0.0015749115983397241, 0.004412737645902692, 0.0051044176841246805, 0.0058734663156502056, 0.0010442676816581017, 4.6035170811951795e-07, 2.8115616179312794e-07, 0.0033441962777001916, 0.004626652050427006, 0.00665991455256882, 0.0029861650251065165, 0.0033208072096464433, 2.8450508791214227e-07, 0.0015628179395607488, 0.0011156317214121557, 9.378740631288931e-07, 0.0007207766213006352, 0.003950450596727692, 0.001116277624390663, 0.006043376535635771, 0.007380898242291419, 0.004039278860991865, 0.002835874040786647, 0.0010546716474011419, 7.484929965978645e-07, 0.001273546965214185, 0.0022371378013784186, 0.0045798850171739555, 0.003327281604679523, 0.0046531130152419106, 0.0033403992753627916, 0.006039707765130302, 0.00014724129145787644, 6.853821052764649e-07, 0.003477377544149131, 6.781175590345997e-07, 7.341803548323417e-07, 7.225966023883609e-07, 4.91074043691482e-07, 0.0006988167519620045, 0.00819419665889653, 0.007186439638833936, 9.550327466156578e-07, 3.069730469354862e-07, 5.959406486263854e-07, 6.979087865851144e-07, 6.546553999910582e-07, 2.937670625323719e-07, 1.7838932639825415e-07, 3.915952753097595e-07, 2.7163650888762377e-07, 5.577175581151158e-07, 2.937498549118689e-07, 2.479104127949447e-07, 2.936650432368247e-07, 0.00012282451685876637, 8.335321040946003e-07, 2.3379843337512754e-07, 1.110615090034928e-06, 2.340294433330599e-07, 0.00021954846630103982, 0.0013128683063714159, 4.5655859009508816e-07, 0.0, 0.0, 6.340934914074755e-08, 2.1898801975517738e-07, 7.45119295541679e-08, 7.422616594752574e-08, 0.0, 7.818661499071e-08, 3.1240382590799557e-07, 2.638092016082526e-07, 1.9924038708975874e-07, 7.637153655397609e-08, 7.024953633861404e-08, 4.5920296540228077e-07, 3.0423067828836256e-08, 1.3117750368271873e-07, 4.8820511210287586e-08, 6.639015738034309e-07, 1.329211878236099e-07, 0.0, 2.515047230151487e-07, 8.50457243779878e-08, 5.604379936641373e-08, 4.1076274130560186e-07, 1.2802333291576554e-07, 2.582634754369955e-07, 7.717387336382753e-07, 9.071265317785971e-07, 1.4314111555409996e-07, 1.260072210195874e-06, 8.54426296614146e-07, 3.146135602119291e-07, 3.8806665069111904e-07, 0.006959762924780525, 0.0054608384720365435, 2.80688459547362e-07, 0.01389420277336815, 0.0108144512638911, 0.009533301874116417, 0.0033581892538375635, 0.011551233970066209, 0.016856539204546724, 0.01896237654684583, 0.022926597898616112, 0.025553386618116573, 0.030340217746911157], "seed": null, "cpu_cores": 32}