{"P": 300, "strategy": "triangle", "round_name": "r2", "exact_peak": 1.5073668330910297, "approx_peak": 1.5073668330910297, "median_peak": 1.515580450590469, "std_peak": 0.004732817070661409, "n_restarts": 100, "elapsed_s": 73.74424529075623, "simplex_weights": [0.008238171975074645, 0.006900711148825969, 0.008294672857724263, 0.008514199155951743, 0.0076186400363857385, 0.005841708215018535, 0.003946740772340073, 0.002278484259495169, 0.0005545154178794296, 0.0003840402014265516, 0.001359770651599275, 0.002201685968140501, 0.004311286245918295, 0.006423591592229892, 0.007477934306608721, 0.007062784767556856, 0.006466838701326803, 0.006030118595166065, 0.004690240497293873, 0.003526620682999877, 0.002786404727781155, 0.002388792922561026, 0.0021940018619951906, 0.0031131290789843755, 0.004409622084550523, 0.005480069146392592, 0.005572050545640297, 0.0055151730204145875, 0.005653476370437909, 0.004713316637140302, 0.003828650625113735, 0.0028744272911816987, 0.0024475981769030634, 0.002061489547241628, 0.0019424160068102262, 0.0028771756844928405, 0.004125750288156707, 0.005107534239452603, 0.005979895649215007, 0.006529616104270883, 0.006575803281668296, 0.005984372220994308, 0.0052220239884660435, 0.004420017217041084, 0.003178197969092021, 0.0025083047297925856, 0.0028419430554306327, 0.003375897082302758, 0.004350802836932937, 0.005564028331979276, 0.0067718871485297665, 0.007084566184643091, 0.007150431043996898, 0.006706007509389934, 0.00584428656564202, 0.00544549229327291, 0.004820194929428901, 0.004718334863833392, 0.004635358128250608, 0.005740919492927663, 0.006937057792698894, 0.007971382769164956, 0.008586967154507326, 0.009146113424194436, 0.008869764689481368, 0.007265916695232619, 0.006774971220340162, 0.00554558471523907, 0.003468909604738789, 0.003131380031365742, 0.003252522058422061, 0.0027988107841903304, 0.0047429944867336555, 0.007173365370035336, 0.008859585899769219, 0.009153525871730869, 0.009482179485394617, 0.009976445367066326, 0.007466216931331615, 0.004397121619413023, 0.006106795977705225, 0.00035513653955256965, 1.3042549650429013e-06, 1.3232636106471834e-06, 0.003651134580070117, 0.002281418637237517, 0.001496202912315989, 0.004794404677691997, 0.004374910648755007, 0.00352075128288545, 0.004153929401387454, 0.005571037990663636, 0.0061777749044600325, 0.008349343727430264, 0.010293956347744476, 0.013144272537530841, 0.0004943600377956132, 0.01162653632666179, 0.005024678439312182, 0.0014020878420341507, 5.0158690460285e-07, 0.00030214299497836064, 0.0026374368333503878, 0.004117360769791721, 0.002949095085903237, 0.0013589477019000003, 0.0016951004536148468, 0.004917072392425789, 0.0021330054845598843, 0.001084081086104363, 1.2069473991809116e-06, 7.996514257690652e-07, 7.05562565602301e-07, 0.00042097287007534617, 0.0015783682947883178, 0.0010738046350482965, 0.0005039355873906027, 6.887246229307173e-07, 0.00019569019848039915, 2.328429595102071e-07, 2.2664509305876796e-07, 1.1517230050247143e-06, 1.0726504632686489e-06, 0.0006123113187132897, 0.001190819426022385, 0.0018217335321458472, 0.0035415198344504466, 0.004297078921565802, 0.0034315074655559244, 0.0026745744619676402, 0.0035851253747924573, 0.004184544935931319, 0.004086966678825745, 0.003397371765858037, 0.0032133996897493015, 0.0032407423752443677, 0.002445805231548821, 0.0027046623727881, 0.0031895879868904667, 0.0026603807667236416, 0.00234383980867655, 0.0027910463897143135, 0.0031117194044746853, 0.0033177929936872453, 0.003302578240177777, 0.0033977414894362976, 0.0026776666793212637, 0.00185797190281315, 0.002011880205835695, 0.0021131557067060277, 0.0013780522814247568, 1.4228799147821719e-05, 0.0010508342211479542, 2.4048481353129096e-05, 1.8925716323572667e-06, 1.7163068793372534e-06, 4.35462017587868e-05, 0.00014061851160966125, 2.0077517050725762e-07, 9.615022662725665e-07, 4.804209144912133e-07, 7.067477619277268e-07, 2.333689384063555e-07, 0.0, 2.93789429592887e-07, 0.0, 0.0, 0.0, 1.73711909787918e-07, 3.355543629662585e-07, 3.093004974742175e-07, 1.2257914829583936e-06, 4.610403050555694e-07, 7.143631108166783e-07, 7.601233890148966e-07, 0.0007896698017943928, 0.0002103816740619601, 6.73053729522898e-05, 0.0007523255200843876, 0.0012219573845440195, 0.0027407891426227066, 0.003522335455138359, 0.006217864472931714, 0.0077384100332215785, 0.007313898419108632, 0.0049815235286617306, 0.005615718536347588, 0.010786491530139154, 0.01109205134647318, 0.011496969931477806, 0.009350238226983155, 0.007649865790264436, 8.19384388618511e-07, 0.0016423677186847708, 0.016044271933904113, 0.015438176546731486, 0.005630856853042372, 0.0, 1.5725771706755937e-07, 0.000145131077618489, 0.0006430728178922353, 0.002346498832209644, 4.633565116322723e-07, 0.014788025210873072, 4.335029156877656e-07, 6.123678343835665e-07, 1.021672762389727e-06, 6.30758562679588e-07, 0.0015199474488303316, 0.005807024289558835, 0.007954006528815772, 0.006476037597109315, 0.0063781508096565276, 0.005688074617576549, 0.004911773876918181, 0.002679119683520809, 0.004203425568450468, 0.004143715523713589, 0.001616781212216063, 1.1055796590082699e-06, 3.1924189498833136e-07, 3.9271682605731905e-07, 1.3794657881824705e-07, 5.549263681713718e-07, 0.0, 8.715460441719741e-07, 7.391803435251001e-07, 6.500326839702005e-07, 0.0003113251617297909, 2.412168874067517e-05, 0.0009517509269027775, 0.002282650986099162, 1.7883408862613483e-08, 3.60806093536485e-07, 0.0, 1.3264239988984633e-07, 5.700926793291482e-07, 6.027854387742739e-07, 7.657317156172732e-07, 7.782932181645421e-07, 6.716254316776717e-07, 4.204527577288587e-07, 7.513035586364562e-08, 3.366532706454733e-07, 0.0, 0.0, 0.0, 0.0, 1.4333200632853573e-07, 4.353337286561786e-07, 8.833689268183633e-07, 7.276939191888724e-05, 1.1622832704097255e-06, 6.127862787046911e-07, 7.871198740638322e-07, 6.959513442675314e-08, 0.0, 0.0, 0.0, 0.0, 0.0, 3.791133219300131e-07, 8.966315287612565e-07, 1.0225891567753888e-06, 9.928410198271093e-06, 5.796193375345301e-07, 0.001997285090586274, 0.0028053614142538176, 0.0031060070107873147, 0.003101369736569447, 0.002969321017651253, 0.000758801094926116, 0.002972049935119485, 0.003398914506264215, 9.053396914316172e-07, 3.2579570987267233e-07, 2.667529737072252e-07, 3.149663671932941e-07, 1.8235146345930277e-07, 1.2725582352081865e-07, 8.383378381425326e-07, 1.045012651131978e-06, 1.067415019354722e-06, 9.256827872800778e-07, 0.007561278963575266, 0.0013932621320675923, 5.977322788809978e-07, 2.541042645977372e-07, 6.713540086173971e-07, 0.006843665987838487, 0.01826513699153777, 0.011617177136524355, 0.00909647233253931, 0.014414021909494631, 0.01668018900114274, 0.015384315409118035, 0.00025872262852699376, 2.1688524916458062e-07, 0.006782818104797092, 0.049985365611274125], "seed": null, "cpu_cores": 32}