{"P": 300, "strategy": "cosine_shaped", "round_name": "r2", "exact_peak": 1.5098985067086317, "approx_peak": 1.5098985067086317, "median_peak": 1.5158280404825117, "std_peak": 0.005595408033128838, "n_restarts": 100, "elapsed_s": 65.93007946014404, "simplex_weights": [0.006758237362356493, 0.0036786688561094463, 0.004167311162958197, 0.005500443057261488, 0.0036150100844358885, 0.004144386455439755, 0.003366946408645644, 0.0018231408488190637, 0.0045797758510850274, 0.002003906563853961, 0.0032182708152926924, 0.00267062815148569, 0.0032288561591953067, 0.00515441742852397, 0.0036069964975041034, 0.004456859800131298, 0.005286254362892357, 0.0032608701221655424, 0.005513200003651687, 0.0032690921932788672, 0.0040306570107485505, 0.004061787073476158, 0.0024800281347668275, 0.0029682454568751584, 0.002448891035204052, 0.0025672490549811296, 0.004421221041732711, 0.0023644893428937893, 0.0059139116159947335, 0.003979639094461034, 0.004501610710510685, 0.00511257358729751, 0.0037723698810618257, 0.005285466722176043, 0.005273726392670049, 0.004764922376045623, 0.007001147068108158, 0.003501615332559444, 0.005786594639808466, 0.005324781339645005, 0.004842295495835955, 0.00578314749994024, 0.004616503283599303, 0.00505589530065034, 0.0057539889824587305, 0.00388292089988477, 0.006500363744417802, 0.0036332441460463706, 0.004872876696124106, 0.005904311342645889, 0.004663537214366455, 0.005491791009670284, 0.0055201372396480935, 0.003865227261827664, 0.006534454532967196, 0.003932376829229194, 0.005364960274455627, 0.004930866536802691, 0.004509953202067588, 0.0029857918462681096, 0.0023392504051899577, 0.0039330848381161744, 0.005429008375571364, 0.003477953976282955, 0.00661306748814584, 0.0055624797337078076, 0.005360345505867851, 0.0063329668311861475, 0.005409785582894227, 0.006675747865846315, 0.006985670382302157, 0.0025523088695947756, 0.0010690632818137384, 0.003756485613060159, 0.004578374796712751, 0.0030536366029400956, 0.004312881892326167, 0.005589960283024593, 0.005134454569939121, 0.0066407306837861155, 0.0054908978764828574, 0.005293233333277697, 0.0062943880309935625, 0.005267674631500672, 0.002954764959676253, 0.00417833589216465, 0.004481842559265768, 0.004831682651543787, 0.005017453293175255, 0.005654751552180881, 0.006441848323379832, 0.0063100109562536505, 0.007042008334634112, 0.006787618408143425, 0.008246987650010695, 0.007924732290472981, 0.004936876144957142, 0.004826526203020065, 0.0046097063573253575, 0.002828639626862388, 0.003856124094306625, 0.004438466501529453, 0.004867736442473576, 0.005505932367674102, 0.005001416574261139, 0.004560445279795327, 0.00620739631643949, 0.005818485594261518, 0.006939200686991751, 0.007824661010849122, 0.005734105050890715, 0.004997145196700939, 0.004776222499133702, 0.002481711530011548, 0.004596521765299842, 0.0032023151151044814, 0.0021929077327657504, 0.003561584651398774, 5.486798608065473e-06, 0.0004842212208032687, 2.1636111139769618e-07, 2.183520861551416e-07, 3.8880660042135707e-07, 1.7540249249043127e-07, 0.00011287923308220364, 0.0021300475353472647, 3.9820712123318674e-07, 9.13822373572236e-05, 4.930628090313911e-07, 0.0, 6.53099336567131e-07, 1.6531748041322316e-06, 1.1883635990411743e-07, 9.584366199814964e-08, 1.2710992605452767e-07, 1.2471993861157654e-09, 9.303532563908485e-08, 0.0007903397442681327, 9.889306214146285e-07, 0.001023157972047431, 0.001082643574956321, 0.0, 0.0015159267599806018, 0.011106423169556569, 0.00626451488441501, 0.0030753942657195904, 0.0010609711578349454, 0.003242179306574475, 9.229368614974348e-07, 1.5376098553388832e-06, 5.003774335757279e-07, 4.1557419927543086e-07, 4.054200707431378e-07, 2.902611831899876e-07, 0.0, 2.3429314512760495e-07, 0.0, 4.875068287341254e-08, 2.2675546737827189e-07, 0.0, 3.3933299121352494e-09, 0.0, 1.1466924116025192e-08, 1.8489845944185864e-07, 1.1805481170890671e-07, 2.4507735382645047e-07, 1.1596012639620963e-07, 2.5938990826075775e-07, 0.005926731829646622, 0.004292264249549258, 0.005181339885045669, 0.007823358721480177, 0.007616427859691623, 0.004717455062288682, 0.006170471669114389, 0.004688488322568734, 0.006776959537975368, 0.008710871443902271, 0.006601289012582436, 0.011344460192458699, 0.00873968402384187, 0.00823792332470457, 0.0070156792672250515, 0.006454310612686781, 0.0019977304351818715, 0.003981460330104334, 0.004188199723380553, 0.0025642247105165895, 0.005778861487014737, 0.0008842321539489495, 0.0004354845430075379, 0.0002722179217539454, 0.0008732843715067203, 0.004001261852858312, 0.004699672652776741, 0.0037480261421771826, 0.005324083500467215, 0.002783331353436984, 0.0031891518214718817, 0.0012492447350395024, 0.005510885282911692, 0.0019313712243580557, 0.0075579052043728235, 0.006618719544206303, 5.473801218256934e-07, 9.180375474944128e-07, 6.673510683309158e-07, 5.723684553483498e-07, 0.0005417641672238813, 2.470560506885497e-07, 5.655476584876231e-07, 0.0009019201904440744, 3.586503693857299e-07, 9.239384697325322e-07, 0.0020054658851445645, 0.009984888525913357, 0.00186395214918383, 0.0003122537127342823, 0.0011093438042436912, 3.815548416379728e-07, 0.00014386812152907777, 0.002434965933807748, 5.676364216596949e-07, 7.377002114228778e-05, 2.81056585440836e-07, 2.80995115323725e-07, 0.008815140361867032, 0.019806760352390856, 0.004731280148284561, 2.7740030480186764e-07, 2.810453930253159e-07, 8.831442226071746e-07, 3.4220888402400303e-07, 4.0271548219764033e-07, 5.273998659742315e-07, 3.893316827369725e-07, 5.051692419206904e-07, 3.949722630089504e-07, 8.189881871674222e-07, 0.002576781090749517, 0.0054417538699414875, 0.0002002635550723635, 9.81282226517257e-07, 7.020153226084731e-07, 4.58280175387714e-07, 2.0066544791935665e-07, 3.2955724192998415e-07, 2.1243104781030826e-07, 4.324892918967675e-08, 1.1577316164847965e-07, 1.5506713764164195e-07, 2.6255083303060334e-07, 1.6639819671616212e-07, 1.469941641500308e-07, 1.482043319614645e-07, 1.0773551398425023e-07, 2.309214692032133e-07, 1.8305034957336739e-07, 9.669755921429258e-08, 1.9331174433713452e-07, 9.099810150675708e-08, 0.0, 0.0, 6.705638874475416e-08, 4.1799548517630905e-09, 2.8263722805525704e-08, 2.298192958230166e-08, 5.4515344446095393e-08, 8.004738971492078e-08, 8.748990876268036e-08, 1.0150553323155809e-07, 1.1366490422357522e-07, 2.5799303385851346e-07, 3.640881323098679e-07, 6.161679784401517e-08, 5.452257397257351e-07, 7.589690426834347e-07, 1.2995064906525237e-07, 4.0041593124626963e-07, 4.05846982482543e-07, 1.0827459518331015e-07, 4.7580690608512535e-07, 9.763816748628994e-08, 1.5131141970196607e-07, 2.953438175220679e-07, 3.675002458926571e-07, 1.194816201111535e-09, 1.9693474344529748e-07, 0.012209827153124258, 4.7597594165904536e-07, 0.016613309902597177, 0.0027451507258154824, 0.017724974005166483, 0.009974268729542728, 0.007721713641973267, 0.012408905738868825, 0.005002085393305875, 0.01835278277559801, 0.02961401714728059, 0.04248494892022785], "seed": null, "cpu_cores": 32}