{"P": 300, "strategy": "warm_perturb", "round_name": "r2", "exact_peak": 1.5092581524691235, "approx_peak": 1.5092581524691235, "median_peak": 1.5118752129267274, "std_peak": 0.005745307605000797, "n_restarts": 100, "elapsed_s": 56.55876588821411, "simplex_weights": [0.033676573455436246, 0.014484665000290858, 0.016709463771329886, 0.02797902450094008, 0.009529978067730331, 0.010819441055552225, 0.014639624001053142, 4.391211642885269e-07, 2.7273086395405984e-07, 7.105275957076761e-07, 0.006471699112392287, 0.00967489597614859, 0.007640256423794579, 0.0024784849799612645, 0.005127387250371815, 9.337587038153132e-07, 7.362332388413456e-07, 0.0004339389516614523, 0.005616915994908989, 0.0007578512681661614, 0.00012251397544693035, 0.001891760949118591, 0.002705712411176257, 5.450244168928276e-07, 2.403664890979021e-06, 0.00035701319284012353, 0.0015047871559642492, 6.843274954885535e-07, 1.7729147693032276e-07, 4.0063015831450804e-07, 2.1633299524152003e-07, 4.6222600365974886e-07, 2.479553653121485e-07, 2.7808317041984974e-07, 4.070495720395682e-07, 2.110559466408474e-07, 1.70050027876086e-07, 1.70050027876086e-07, 8.80468542648714e-07, 2.182790575544344e-07, 2.419884171892441e-07, 2.0381247699655497e-07, 9.499543682435933e-07, 2.9808942354417337e-07, 2.649409091310911e-07, 1.70050027876086e-07, 2.839253707846443e-07, 2.4702743865053404e-07, 3.067164407059996e-07, 1.7615058182369572e-07, 8.289703196694126e-07, 0.001039414457446143, 0.0019961412034842137, 0.0012593249196617706, 0.005069914429501708, 1.388134526977273e-06, 0.0024513647496069327, 7.09452390936566e-07, 0.0004632731656147761, 0.0001413994217932822, 1.232940844549048e-05, 1.70050027876086e-07, 1.70050027876086e-07, 1.70050027876086e-07, 0.0, 0.0, 6.433156775076048e-07, 0.00043862197052201647, 1.512421393007281e-07, 0.0, 0.0, 5.209795819772618e-07, 5.45410706476892e-08, 0.0, 7.666368263935249e-08, 5.473128005293942e-07, 0.00035458967402980803, 0.0003441102454544505, 2.645198426176928e-07, 0.0007828496261126401, 0.004910412787948097, 0.005786662215759561, 0.008914904348796927, 0.010863209719196753, 0.010330213586278445, 0.009633070075659264, 0.007088038040889125, 0.001965139001837458, 9.722493530613482e-05, 9.759332996598205e-07, 0.00039545102743534794, 4.5299762924834966e-07, 0.004440468520261665, 0.004754855639823293, 0.004675711932893251, 0.001284733460679494, 3.4350554435040956e-07, 4.965440204404899e-07, 0.00019092140780720547, 6.456738978597904e-07, 0.00207692072667047, 0.0003243023427258606, 0.00024014335323081697, 1.696750775134224e-07, 2.5172170719937676e-07, 5.2664155219055857e-08, 4.532179155063057e-07, 1.0303455316415182e-06, 0.0008230119566599236, 0.002712910251572928, 0.005101654588547407, 0.005190967041741778, 0.005591551274674806, 0.006069786106769431, 0.0037792559541151775, 0.004536117446639471, 0.004654125597743901, 0.0065185563302943925, 0.005283023773715776, 0.0015848004732407592, 0.007813539922544854, 0.0007269779079261924, 0.0011431096263308804, 0.011185770852105639, 0.001204726217965805, 0.0043721745623319175, 0.002259858281311313, 0.004491367330814887, 0.00525196321432718, 0.004916043572134369, 0.004905949931850939, 0.004620662197758405, 0.006529227777439844, 0.0077072263660979065, 0.009422087534201703, 0.010317821222229226, 0.00847668188620748, 0.0054983544856899115, 0.005363600147474174, 0.003154893107062386, 0.0, 0.0, 0.0, 0.0, 2.418299930966626e-07, 1.2021103284266734e-07, 2.2854634653887868e-07, 1.808497595869598e-07, 3.2235517722359463e-07, 1.7768978471615554e-07, 4.769989225952925e-07, 2.0158770941979093e-07, 4.617541411857942e-07, 4.891675533076967e-07, 3.6951454130024146e-07, 1.0217779410984888e-06, 2.2271184169248178e-07, 2.6797449073297045e-07, 4.401225988410448e-08, 0.0, 0.0, 0.0, 1.692818221367945e-06, 0.00016690809378093778, 0.00019286904759750919, 9.173326018947759e-07, 0.00019237604562469103, 2.1966884709418124e-05, 0.0007651774421008416, 0.002010379378715681, 0.000686300916259862, 0.001974570667771535, 0.00047521209676243067, 0.0023324858196784367, 0.0016978348934325697, 0.00144889447443576, 0.0006865156136583581, 0.003346344274359812, 0.0018734062960754064, 0.0010362453991604509, 0.003948630203817912, 0.00022364580012013553, 0.0009668255793920737, 0.0064240547505928095, 0.0002996133116295433, 0.0028258365832401666, 0.001350002849869503, 0.001084986278658979, 0.0022343552673933812, 0.003532469208331498, 0.007036762596395175, 0.0061129021739649006, 0.005092028782080456, 0.0050434065311829555, 0.006769618478076125, 0.009663225091138988, 0.0074291161005441905, 0.005861494726136308, 0.005947007982924844, 0.0065410728437405785, 0.005553156595103659, 0.0038623519940725413, 0.005808067515934375, 0.0060788657761645225, 0.006523838177534268, 0.0037723019174930182, 0.004484244594198618, 0.0056182003971561156, 0.005564765117371255, 0.004136804630853406, 0.005017085946475629, 0.0031511101088298604, 0.006158395960749161, 0.003958257652295022, 0.0046331730905473986, 0.002078805348328275, 0.0032902293058266305, 0.002462608840245001, 0.0027772351108029023, 0.0009118998207524235, 0.006313617953029798, 0.009039627167263326, 0.008581202181254816, 0.005790689758938042, 0.0054451213102036985, 0.006391391393336984, 0.005813909950959189, 0.005554641018254168, 0.005704737230928603, 0.008302407293261638, 0.006908378703989469, 0.00543172062325775, 0.003662506743934419, 0.005799710787195399, 0.006510608479479372, 0.006811040843107832, 0.0060549506239060405, 0.006903647961548693, 0.005947313984463379, 0.004040692774952391, 0.0030137113623361395, 0.005669937466549383, 0.007041380331983365, 0.003143043745941187, 0.003968599085837467, 0.002840811607431767, 0.0031357806894919305, 0.0021247205315542356, 0.0028980615828438083, 0.006078658116286411, 0.005968539195941175, 0.004266160259996295, 0.002204549032307985, 0.003937800795496421, 0.005554428114938014, 0.004764512810577918, 0.004680218585086099, 0.0063678040766242915, 0.006126900074597257, 0.003970744061324204, 0.0023546858386249373, 0.004249993700700197, 0.005918712155943402, 0.005452314262207809, 0.004784955228473363, 0.004930648933084129, 0.004472955319730246, 0.0035996725266716897, 0.00283397764452821, 0.00547024173662835, 0.006710604523652452, 0.005728706331237636, 0.0028815115082524733, 0.003290682805070119, 0.0035201795148483645, 0.0026951326749117626, 0.0029465736088535727, 0.004985931546645601, 0.006973165911318911, 0.004100018096944669, 0.0015456681222880758, 0.0020695327627611795, 0.004724727621436305, 0.004125740634989081, 0.004069781794266632, 0.004915595493779658, 0.006048092244985415, 0.002261473261595238, 7.653698489087112e-07, 0.0014325505688165042, 0.006367412434072796, 0.006495379367347133, 0.003896369069264266, 0.0031762819627104166, 0.003934903728908421, 0.0033499858282001207, 0.0006586489227354955, 0.0043132651223795875, 0.007639313919226231, 0.008986416169501224], "seed": null, "cpu_cores": 32}