{"P": 300, "strategy": "random_sparse_k", "round_name": "r2", "exact_peak": 1.5086395218482376, "approx_peak": 1.5086395218482376, "median_peak": 1.5154021460277654, "std_peak": 0.003845205580108623, "n_restarts": 100, "elapsed_s": 75.54154992103577, "simplex_weights": [0.01914941464355935, 9.881070250696893e-07, 0.0037458781825421964, 4.8436739129129505e-05, 8.100291971852469e-07, 8.13283024067459e-07, 0.0067597976275947215, 0.007947524523349755, 0.004898046127528996, 0.0016477000835722969, 0.0028545332381721784, 0.002228702614697852, 0.0006003268627548391, 0.0037310048640036455, 0.011050582533654991, 6.603324226088585e-07, 0.006082668603978498, 0.0021651662089494355, 0.0025473157448088414, 0.0002981454818207581, 0.0067065426045555725, 0.005245409470808221, 0.005007358330632019, 0.001230814548604948, 0.004893678488801914, 0.00269881021608967, 6.791110012288933e-07, 0.004602641320568909, 0.007170612795637475, 0.0010657686655550364, 0.007605941673548461, 0.004208538023514005, 0.0053981044820767075, 0.0018577323217242856, 0.007382975711687081, 0.006724097030239441, 0.005207745139912563, 0.0020387008848775415, 0.007387523439354498, 0.005005773273712085, 0.0033677995530389656, 0.006901830772614082, 0.005234979242169446, 0.0021109790196948463, 0.008241258087650513, 0.005259845722405226, 0.006053320800864473, 0.0036613880427754414, 0.00630395892913165, 0.005386916710978585, 0.00609260015682418, 0.0037285508410277862, 0.006338597062439792, 0.0036712574645754743, 0.0037983574588089392, 0.00749869077929677, 0.002674870882322485, 0.0017076055362970288, 0.006010923565137028, 0.0026724878512344283, 0.005668648961404567, 0.004141030710639765, 0.006146912924501249, 0.005996388358048713, 0.006240220150352145, 0.004532599751937669, 0.0063703635435639235, 0.0013730532238307358, 0.0035811645339481574, 0.007407552827483403, 0.004333828250773398, 0.004508459335654691, 0.007120124424639011, 0.0032652502180084346, 0.0020399367312509734, 0.0026170755880842458, 0.0052874064972763014, 0.005922770369207746, 0.007598190565903149, 0.008659727051932287, 0.004733308485368648, 0.0008137181400060254, 0.00037383378622374795, 0.005941982683703207, 0.006118623628090961, 0.009838666248081343, 0.009445008061288765, 0.00440521736105557, 0.0022138587528218773, 0.00297434076865629, 0.005357569548202333, 0.006637598576949002, 0.009083373016554062, 0.00974880588210594, 0.007177147189698508, 0.003414731950854925, 0.0018399516642304775, 0.004945713657373796, 0.006629183766088242, 0.006171394574840505, 0.004700344478687065, 0.006360100677921218, 0.001130634129779769, 0.005504330239887503, 0.00554909991183435, 0.0036544439239050595, 0.005128644297464248, 0.0022163853064707303, 0.007088177525206102, 0.012565480367177853, 0.006081253825775651, 0.006000531138574024, 0.006796792278168498, 0.0013533314935544945, 3.5601260221957565e-08, 6.34420043582707e-05, 0.0031937022717243684, 1.6013492981058812e-06, 1.5565376624385154e-07, 0.0016022901653100368, 0.0015602370929643273, 0.0019408288296294315, 0.00078138099263519, 3.3529044479446164e-07, 1.368813843936685e-07, 4.618543372394733e-07, 5.453517066844418e-07, 1.2836047406210563e-06, 1.6396652362719453e-06, 3.803071609662241e-07, 0.0009530962457556599, 0.002085322062196398, 1.206381177416602e-07, 9.012515110437144e-08, 1.438313312952729e-07, 5.45612409564265e-07, 2.2209259037477102e-08, 0.0018753142731552088, 0.0031165495757872834, 0.001995452428857192, 0.002999602603363997, 0.0032861741611298137, 0.004776176118048116, 0.004042837795383468, 0.002474933713137451, 0.0011233394796291622, 0.0017686525503123247, 0.0020650373099449708, 0.0016560607876695314, 3.620250412233992e-07, 2.9192093739836017e-07, 0.0, 0.0, 0.0, 0.0, 6.222374481222099e-08, 1.1519774309977385e-07, 1.5900234548167017e-07, 6.380528281087496e-07, 1.1915035459191752e-07, 3.275630401052243e-07, 3.823528122555769e-07, 0.0, 2.649942476959878e-07, 5.192804700304816e-07, 2.1011698232393818e-07, 0.0, 0.0, 0.0005217014180395973, 0.00783919110612763, 0.007921190956219385, 0.009992786908662206, 0.008502683369481786, 0.0061116029566962845, 0.005029898503652143, 0.006546265212992132, 0.010079446493659529, 0.0035419770422053295, 0.00328398930055143, 0.009321435879431204, 0.011727088260080535, 0.010772672409595818, 0.007277040686711349, 0.004130815423899402, 0.0051331684920918295, 0.0030802706160528636, 0.0007116287494086294, 8.354745023381856e-07, 0.0014045101670071168, 0.0010148142560357726, 9.962690077633436e-07, 0.005023712323369457, 0.004677207573432847, 0.004042271220623519, 0.003276899942402741, 0.0028088436262452107, 0.004553033714425874, 0.005654619726777979, 0.00610406924769894, 0.005188410073070557, 0.00355060322212714, 0.0008394290718758395, 7.240639464600122e-05, 0.0002855973559991451, 0.00017539161639385125, 0.0009636422397092683, 0.0009206764155378895, 0.0011369550498930316, 0.0009044952091878017, 0.0004446066079567318, 0.001041368937030668, 0.00288079494227437, 0.0022608822970484155, 0.0007999250798132628, 0.0008390214201798044, 0.0016026795564536996, 0.0036285337440599046, 0.0019409882456321852, 0.00012593745565639893, 1.7001595100398334e-07, 5.065847856986126e-07, 0.0013055668536060693, 0.004537628577013958, 0.005280568495761472, 0.003872593878941687, 0.0035237169601001735, 0.005319809327982458, 0.004538958596899569, 0.0036856554180645924, 0.0016192158121904289, 4.870513750533382e-07, 1.0965048361088577e-06, 7.932547176946288e-07, 1.211454566285272e-07, 3.02045742735269e-07, 0.0003797210563122229, 0.0018702886005627392, 0.0036253699398701607, 0.003884453617696354, 0.0016841921034239553, 1.5568085945823383e-07, 5.48087090517503e-07, 4.223560987213258e-07, 0.0, 5.591708291611781e-05, 0.0008300554520392693, 1.7902149704653647e-07, 2.553219467181522e-07, 1.8442173898788506e-07, 5.742017647030549e-07, 2.8539389152508766e-07, 2.8600008352256165e-07, 6.848419852749946e-05, 3.3258241866565886e-07, 2.2121487230552433e-07, 6.273298137347929e-07, 1.2615746294051927e-06, 1.7011251339766917e-07, 5.674628336878511e-07, 2.9110279584742553e-07, 2.680071484095568e-07, 5.270219655985051e-07, 4.365022106532003e-07, 6.485980056057608e-07, 6.033723218444034e-07, 9.420261705942178e-07, 1.0721941350923858e-06, 2.2927995141792794e-07, 4.653431024589992e-07, 6.808963284472018e-07, 6.289075057594933e-07, 7.798069734695577e-07, 1.465434788104737e-06, 1.1755752080610724e-06, 7.877880713603598e-07, 8.523923122473951e-07, 0.0005239908672483765, 5.091770520478835e-07, 2.650131919474891e-07, 6.484934356657707e-07, 6.218655463670027e-07, 9.883232831007436e-07, 9.850739920938792e-07, 7.864047130824332e-07, 1.3253452074296014e-06, 4.4823440412025133e-07, 0.008590532502695368, 0.0013603893433889575, 6.975661156424757e-05, 0.005471299107973181, 0.007762073247331839, 0.007758938603758325, 0.008614860094014807, 0.015551489318480771, 0.021666493381955913, 0.021949561691850607, 0.018852000117122278, 0.017699514391510615, 0.020818508404282433, 0.015421561022380419], "seed": null, "cpu_cores": 32}