{"P": 300, "strategy": "dirichlet_uniform", "round_name": "r2", "exact_peak": 1.509512271711882, "approx_peak": 1.509512271711882, "median_peak": 1.5153790791418378, "std_peak": 0.00338722815213688, "n_restarts": 100, "elapsed_s": 67.14717411994934, "simplex_weights": [0.007506125679722234, 0.004952743153950116, 0.0008409732574232674, 0.0037655504129991426, 0.005309876113438314, 0.005098047068353606, 9.375729857965573e-07, 0.004874481499701003, 0.004959470598438535, 0.003946714791911379, 0.0005381540843660298, 0.0035046524025435376, 0.00561675573538307, 0.002172676574511079, 0.0027217443408309176, 0.003122208868839544, 0.006754150650412799, 0.00172563868423361, 0.0027522586927858765, 0.0042079341908535265, 0.005678486669114922, 0.0037905750903556063, 0.0026183966558213593, 0.006361472433365648, 0.005686713711881524, 0.0041391540350831195, 0.002681789657181185, 0.00664967798477587, 0.005123231727171733, 0.0035565195931579726, 0.0035530671469836085, 0.005510431693922672, 0.0057785272572147385, 0.002815054039722068, 0.004674115256316593, 0.0046776803959288765, 0.0058135203069269, 0.0018250380501410753, 0.0044853100048170575, 0.005357044742284742, 0.00571122265155568, 0.004213438756446373, 0.003596119270640335, 0.006098874375848821, 0.003720400859738403, 0.0042991180482771915, 0.003363465238434848, 0.006495626790933496, 0.004385343644926094, 0.004698717657615304, 0.004739457954833023, 0.004832666620619752, 0.0037216497162692796, 0.0024730062579180713, 0.004488778625799178, 0.003675749850279371, 0.004671850404644375, 0.0030924936363172797, 0.005016894798609205, 0.004527832272077253, 0.003999733647344511, 0.004673279960160903, 0.005602633726545487, 0.006812954847073382, 0.005165429048525936, 0.006616808285907482, 0.006443665917936988, 0.0070462995516118645, 0.006094192865448157, 0.00647186484007684, 0.006050875377849672, 0.005621773015917551, 0.004575042465910117, 0.004144282673501158, 0.005318665972731362, 0.003857041064529534, 0.0038242778531386245, 0.003378879608565012, 0.0054630046579576975, 0.004713961653331489, 0.004729953934098058, 0.005662211736756495, 0.005561953534195315, 0.0051419542223351, 0.005347633159072847, 0.005157022496923573, 0.006387465233708985, 0.005462650523792129, 0.005499469817329204, 0.004680898019538742, 0.0057153374657387904, 0.0041087242539490166, 0.0053930446598480855, 0.004748790608210531, 0.005976998018754464, 0.0032135026906617305, 0.0040460145506206885, 0.0033782739210284516, 0.0028443748050787435, 0.005064384496850257, 0.003586143309369095, 0.0038039313111549074, 0.004954030832783834, 0.0054783262134954335, 0.005296661801066647, 0.005076568293738216, 0.006668170156203387, 0.007028641270623031, 0.007790362992075034, 0.006970867907398859, 0.009695774122379574, 0.008427305678675596, 0.0058189705781971635, 0.00316407600678777, 6.01025504592096e-07, 0.0017298901091317238, 0.0033975743679187766, 0.0025083508035302453, 0.0041329142324150765, 0.0018490958593777064, 0.003993683684948631, 0.001671641420329556, 0.0022536825443474737, 0.0007986665349819028, 0.0010991199446178583, 0.00010273824157441171, 7.375570975526311e-05, 6.231476465101515e-07, 0.0006459221771372909, 0.00021396710235846458, 0.00011738646954960916, 3.2783159456569826e-07, 4.251696726146236e-07, 0.0, 0.0, 0.0, 0.0, 2.0220601213868637e-07, 0.0, 9.349260403311076e-07, 7.323104709327737e-08, 6.356816124342579e-07, 2.3327414003585245e-07, 8.528765070767759e-07, 4.883576569736188e-07, 0.000183355963400771, 5.120054566359281e-07, 4.0144150301638066e-05, 4.770917133393189e-07, 8.282546988244644e-07, 0.0032223345429361226, 0.006014337223158041, 0.00048019839560540405, 7.973838183613941e-05, 0.0, 2.899667088823959e-08, 0.00022428429760894822, 0.0, 2.122811118979553e-05, 0.0, 0.0, 2.1492874533357312e-07, 3.512900874253399e-08, 0.0010828656894761183, 0.004097753389218898, 0.006871474020617217, 0.0048714595277788595, 0.0069608710326759604, 0.008290502205637552, 0.0036749363943859048, 0.0069580361005474, 0.008012803604247139, 0.009085213496193456, 0.008793917484200933, 0.010647384377415444, 0.005582026492588538, 0.008254263909465064, 0.00554220246236077, 0.005253732198449934, 0.004339525083002239, 0.006823772459687638, 0.0007758209478655167, 3.4122554739803014e-07, 0.003666899739710227, 0.007145476540407901, 0.007873992479714596, 0.0075283749484537105, 0.001071555137988535, 2.620581386083226e-07, 1.1200266609896115e-06, 6.559547608625959e-08, 2.5782715105838864e-07, 7.370401472895796e-07, 0.00014968258750741202, 4.111217236514397e-07, 2.1073644509470594e-06, 0.0022049470468636684, 4.613251214700439e-07, 0.006348387044752474, 0.002519784493117397, 0.004763740240902802, 0.004175139814293233, 0.0065352453147058, 0.00222285258916728, 0.006480587223332362, 0.0010197587353032783, 0.0051602372737713665, 8.589744521339409e-07, 0.006134913335302636, 5.216210594890728e-07, 0.002871302348680544, 0.0011376089372867276, 1.6905867561243844e-05, 3.5388379226156344e-07, 6.43193606575787e-07, 0.0014942083462297334, 0.002056346303177214, 0.00428416746786578, 0.002222770272532808, 0.002626495956441042, 0.0029295138287699597, 0.004885718429881514, 0.006217769036575125, 0.009565406425014673, 0.004027977260074533, 0.0071345542981523236, 0.0002738406750671095, 0.0001158548725327233, 4.4681053184699534e-07, 1.0565122954931862e-06, 2.3708162891504848e-07, 6.437729599470628e-07, 5.173156705129746e-07, 6.402986679736418e-07, 7.079168952683385e-07, 7.222839914379052e-07, 4.362956923471468e-07, 4.5056125710735723e-07, 3.5388444511373293e-07, 2.576924462998734e-07, 3.5345750592152245e-07, 9.82944008100717e-07, 1.102803133332248e-06, 0.0021630743625164254, 9.511780492508376e-07, 0.0017094378358067219, 0.00010823529100487972, 0.0010358997312051384, 7.316074926185389e-07, 8.14569333706776e-07, 6.96542510106275e-07, 6.593486650105625e-07, 5.971249349226895e-07, 7.037444660496944e-07, 6.444144183108272e-07, 1.0001154630490274e-06, 4.7033039701177197e-07, 5.080126431954671e-07, 6.308696590042847e-07, 3.9162564719524534e-07, 5.334138626437318e-07, 1.777970669088692e-07, 0.0007727336227220581, 3.5271340824529064e-07, 4.997237366500793e-07, 2.4517975252216344e-07, 3.544984697486575e-07, 4.489188416998884e-07, 2.765862114350107e-07, 1.777970669088692e-07, 1.777970669088692e-07, 1.777970669088692e-07, 2.203960052183815e-07, 1.777970669088692e-07, 1.777970669088692e-07, 3.727621639790745e-07, 3.649416272047412e-07, 1.777970669088692e-07, 1.777970669088692e-07, 2.0534096318439228e-07, 4.227967554864595e-07, 5.686573696623466e-07, 3.3439461143162286e-07, 6.567795185768236e-07, 7.225358242690483e-07, 0.004931679058910537, 0.0005198995777529056, 0.011693526719986922, 0.0021831839956253972, 0.015179628129733601, 0.0008769297695394334, 0.00474793466259549, 0.0035846815958267024, 0.023988074135022262, 0.0018959983940967536, 2.780918593726113e-07, 0.0164523761276117, 0.02214132480384661, 0.025555930201613404, 0.042058477442100284], "seed": null, "cpu_cores": 32}