{"P": 300, "strategy": "boundary_heavy", "round_name": "r2", "exact_peak": 1.5089261170141233, "approx_peak": 1.5089261170141233, "median_peak": 1.515211837823446, "std_peak": 0.006240613240071531, "n_restarts": 100, "elapsed_s": 69.61141228675842, "simplex_weights": [0.0054383325612411635, 0.004725207814636396, 0.006339984103274599, 0.005697408993024975, 0.004248596411165838, 0.00387802627214718, 0.005166435681848456, 0.004155041187322683, 0.0036339756707112363, 0.0035859551549009177, 0.003935216510805088, 0.0035146755687330443, 0.005320396711665916, 0.004020013076058539, 0.004525986760722739, 0.00439194909684776, 0.0038656959746299476, 0.004959800091562657, 0.0046361023210635165, 0.004501812230700826, 0.004499189454882968, 0.004330201291326582, 0.004574321195985018, 0.00497046665654482, 0.004466432868310133, 0.004319324103017844, 0.005020174222008142, 0.004457958060279468, 0.00477593040998545, 0.0048927980825260965, 0.0025695487550825248, 0.0027888122119153194, 0.0021060352919999243, 0.0023712795897232073, 0.0034619632608393217, 0.0039047593387761567, 0.004243030288455739, 0.004381280543292733, 0.005118775758328918, 0.00505510087883243, 0.005037178938246004, 0.005486777995619478, 0.004813315899967121, 0.004860462227621764, 0.004399333232504356, 0.004485768343104543, 0.004050882003068497, 0.004298386740564272, 0.004339799186536982, 0.004894311077905441, 0.004658645721505533, 0.00499601007720924, 0.005700378967223729, 0.005897822105197127, 0.005327207764451805, 0.005880864269273408, 0.006059532187630332, 0.006558148928822109, 0.006234650186012317, 0.006682846263068431, 0.0064142055043268364, 0.0066056959044036535, 0.006415197381882653, 0.006488969389741991, 0.006145263702778156, 0.006224958308272854, 0.006322992072513217, 0.005969743061845804, 0.006190582643950701, 0.006161532513428914, 0.0063010004715866345, 0.006141836647259239, 0.006199504965716089, 0.005905941680406029, 0.005898062788000474, 0.006281194706996555, 0.006372202091928708, 0.005750321331018371, 0.005794709083477857, 0.006077648529773605, 0.006691608160967925, 0.0061350615378387595, 0.005708280885407224, 0.004079185340596411, 0.0021564069707010777, 0.0029583869307327234, 0.0021830770714720907, 0.0020604446840649074, 0.003286448017596108, 0.002973249857026445, 0.004906281966041067, 0.005746138665302508, 0.007735634861888916, 0.007393216729738934, 0.007461160954806192, 0.008632618369530358, 0.00689763065822303, 0.009523111910740728, 0.003827618777139845, 0.0010171252759122926, 0.002101641034056801, 3.9601922985471075e-07, 0.007271898984953813, 0.0066853741159669435, 0.0011189350198821078, 0.0012923714328665846, 0.003492698905263436, 1.0722132041538624e-06, 0.0025844604997264085, 0.0, 9.644585590196168e-07, 6.645523720167704e-08, 0.0021741405102246245, 0.0006678316463132873, 0.0034487449788159086, 9.777198555241513e-05, 0.0020909232373157107, 0.0007501502400348813, 0.0008514666171499187, 0.0020024804398027793, 0.0002763803405441845, 2.3969992110041733e-07, 5.639880272603674e-07, 2.62573294016451e-07, 7.171975470454266e-07, 1.086662409118693e-06, 0.00012063920757394654, 0.0002932956975322118, 0.0037028290157959036, 0.005304259427163529, 0.005045654665423456, 0.004746449324348439, 0.003421361564374884, 0.0023607987806168102, 0.0033533893520682504, 0.0020281859125378396, 0.003414191117346536, 0.004067719298864336, 0.0035872933363116422, 0.0010070206463979707, 0.004175263743201188, 0.0037597330138412232, 0.002170556249208244, 0.0010424865045395653, 0.0042032462536630835, 0.003940513555011656, 0.0011674052522989004, 0.0010134337887378775, 0.0029821336789947433, 0.003249166161907752, 0.0005358162104316277, 0.0008380085968504125, 0.0020925824095757964, 0.002754791767413398, 0.0002677500693002799, 0.0005846680502490356, 1.0715945286410918e-06, 1.23951293171e-07, 3.6450859139180356e-07, 0.0, 2.215008328811998e-07, 8.206583079716958e-08, 3.8511144826715485e-08, 0.0, 5.279220765547176e-07, 8.854988131328627e-07, 6.282806588790831e-07, 6.965899634087787e-07, 5.572927912233696e-07, 5.031913155009755e-07, 6.372218948349428e-07, 4.2744780447649035e-07, 4.255542296519333e-07, 7.14075862740132e-07, 4.6707491449110155e-07, 8.740499266425062e-07, 4.526681783948896e-05, 2.528599494608999e-07, 1.406662531453319e-07, 1.2227419850496055e-07, 6.849328910773755e-06, 0.004683442742579775, 0.0068355384155621415, 0.005189427136729917, 0.006256793072153724, 0.006392451785960376, 0.006289892089226475, 0.005869952518948981, 0.008542527270763623, 0.005856202026027112, 0.009141886158828695, 0.009179266595325135, 0.012306736627880968, 0.007284059098366124, 0.01428882405622406, 0.010561593451394381, 0.004100898960689311, 0.0003520026351061607, 0.0011059611567123834, 1.1475480300472045e-06, 0.0108196130046886, 0.012595833526379316, 0.0020219194214154326, 8.565453794467179e-05, 3.0453841718965176e-07, 6.316318421123713e-07, 6.537777997249876e-07, 1.485607071520811e-07, 9.246693205709886e-08, 2.5268081917501873e-07, 0.003324431479847853, 0.002505803483837363, 0.007858631446083774, 0.0077352290914803725, 0.004456294251314715, 0.009028467923115421, 0.00224649840850755, 0.005514278674448581, 0.0027766142758671006, 0.0017024053984203208, 9.343645993497153e-05, 0.0013017824437968934, 1.2918167551469841e-06, 0.0013031067449469618, 0.00043525356054441967, 0.0005554896684415883, 3.5916726481413936e-07, 7.06183228330977e-07, 4.812812490752825e-07, 3.1317013097293284e-09, 0.0, 0.0, 8.138268231751785e-07, 1.523387752494532e-07, 4.75654416990194e-07, 1.2470585939272153e-06, 0.0015604032689047473, 0.0, 9.844126492337902e-08, 0.0, 0.0, 0.0, 0.0, 0.0, 5.995001883006722e-07, 3.086043152601368e-07, 1.4320766144110965e-07, 2.6194138263518833e-08, 1.2238905856557409e-07, 2.020592957614623e-07, 8.936083230237689e-08, 0.0, 5.97249906765479e-08, 3.137081661971153e-08, 2.8495479468111216e-07, 6.562384639089631e-07, 7.705706131018892e-07, 5.778735908575973e-07, 6.02033385930543e-07, 3.9309119180253493e-07, 2.701411856610034e-07, 3.57863068956573e-07, 6.277885733496954e-07, 3.92346219522545e-07, 6.526685707076179e-07, 0.0018416425426617167, 0.0027003437593106135, 0.0024732602608567526, 0.0015052925895429772, 0.004093437466256309, 0.0016206550186459857, 0.0018189146738832897, 4.975972007774429e-07, 6.501341004349532e-07, 8.828568063055651e-07, 0.002747624630676218, 8.652501746885874e-07, 0.0014639651411778795, 4.22901020018373e-07, 5.544906454953894e-07, 6.215914655227829e-07, 7.135618401842825e-07, 9.166682728616549e-07, 5.106157972368462e-07, 3.6367853879479725e-07, 1.088646093303131e-06, 0.004597310804237542, 0.0037889852148139456, 0.00644702034481319, 0.0019141287102992712, 0.013303476837832836, 0.01241397212110924, 0.0052013729188247065, 0.007970603345217079, 0.012079957354041146, 0.015177816742090417, 0.0026869030949306935, 3.0711157729175696e-07, 0.02507274483606553, 0.05014781837235455], "seed": null, "cpu_cores": 32}