{"P": 500, "strategy": "triangle", "round_name": "r3", "exact_peak": 1.5080215105420967, "approx_peak": 1.5080215105420967, "median_peak": 1.5145402481346648, "std_peak": 0.003346418651437259, "n_restarts": 80, "elapsed_s": 113.46982955932617, "simplex_weights": [0.014871408478022317, 0.010074504092123225, 0.007988810773380284, 0.012777813030766683, 0.010384253723909208, 0.011266002817704632, 0.012624638312332601, 0.009519411542570064, 0.009937589145726388, 0.011536214083455006, 0.011022459313402433, 0.008282936230852954, 0.009747350510074856, 0.006513276826675319, 0.005462351579747777, 1.7494671620710635e-07, 4.900243895331231e-07, 0.0014333888109623113, 2.2881368824205036e-07, 0.0038611567695900355, 0.0010701429352699622, 0.0023115424930514007, 0.003821469681254074, 0.0024449841712768892, 0.0047412423300879055, 3.0578122270372e-07, 3.93565716625419e-07, 2.2947940188213366e-07, 1.818433125854755e-07, 1.829484386018196e-07, 1.516440589233586e-07, 5.050680568945207e-07, 7.86870809385948e-07, 4.4397826435062234e-07, 0.0, 0.0, 0.0, 2.3353473992287528e-07, 2.7834457930165885e-07, 4.97256167493981e-07, 3.2672082546826324e-07, 4.4533759286218477e-07, 1.4319132395661956e-07, 2.4184769610677673e-07, 2.507217582992768e-07, 1.655109034708922e-07, 2.2554474081222567e-07, 2.9357108119647337e-07, 2.0573177133480483e-07, 0.0, 6.991092630961542e-08, 2.067412773684905e-07, 2.7694674232873633e-07, 2.1078415116239944e-07, 4.1735424124582e-07, 3.122475406587328e-07, 3.6713410506024204e-07, 2.2450300507200916e-07, 9.050210641955745e-08, 1.212760613602729e-07, 0.0, 0.0, 0.0, 0.0, 2.956843085601363e-08, 1.9394914837661204e-07, 2.1579886774328455e-07, 4.1875222594625146e-07, 1.4650702774710013e-07, 4.7416333063956294e-07, 1.5372101923191192e-07, 3.930657233005319e-07, 0.0007832106028044738, 3.9018752946481924e-07, 0.0, 2.275396515224562e-08, 0.0, 2.0795066568987452e-07, 6.568337782879454e-10, 4.0316568017634943e-07, 4.4245053371813774e-07, 3.1488401769019324e-07, 2.8606443227351365e-07, 1.7058967233800942e-07, 1.2393816746222038e-07, 1.8187993975273862e-07, 0.00013360641981976604, 4.95915279937982e-07, 1.6546070973307557e-07, 0.0, 2.1584645208219622e-07, 5.025075323652213e-07, 0.0005864451002596959, 0.0009014241231821804, 0.0011569509369340808, 0.00023727831708639843, 2.6175039542667096e-07, 0.00037470577287072057, 0.0018784093254129155, 0.0006897417559691972, 0.0005331073234059329, 0.0007311578199662018, 0.00032724180860084436, 0.0005123426962533922, 0.00029788247021645265, 0.0011788863335617068, 3.435291488573414e-08, 2.541276919915859e-07, 0.0009608637860827928, 0.00034377105018539413, 0.0002330478524646713, 7.055116969763195e-05, 3.2680744064320525e-07, 6.357898545844304e-08, 0.0, 1.4405808919551011e-05, 9.984768684027059e-08, 0.002273854446817674, 0.0003766801425064756, 0.0018305088886757532, 0.0010198856551503614, 0.0034199011802744515, 0.003608116621729068, 0.002389825292724773, 0.0017820275939223968, 0.0038563190980551005, 0.003827073730079413, 0.004319795756927343, 0.0018915078642110135, 2.2862112715780889e-07, 0.0004076942756018475, 0.0033625318660008897, 0.0003699843770821296, 0.0024310979101466123, 4.590510327556988e-05, 0.00029167306728872776, 2.9061918966576214e-07, 0.0002248843556374784, 6.263857991354539e-05, 0.00035105779983088907, 0.00023121307532735722, 5.051893879400106e-05, 0.0005597496170773426, 0.0023140293208027732, 0.0020899553710640832, 0.0013989359164825867, 1.356635377255676e-07, 0.0009597146164271764, 0.0010010190329418204, 0.0002606403803690601, 0.0006288941180320514, 0.00014873738577443274, 0.0025575620941341603, 0.0014505186697798635, 1.8978985917609172e-07, 7.072242621761333e-07, 2.0373302202925156e-07, 4.21342641574877e-05, 6.019149728581738e-07, 0.0008047336589423153, 0.00035019849631829383, 0.002491516763086778, 0.0013342719270776312, 6.891867511633146e-07, 0.0017934018099353172, 0.0010953067495475621, 7.312764562716201e-05, 0.0018559882234414089, 0.0057059216564424985, 0.003966453110790868, 0.0008677440572599718, 0.0026720195269517542, 0.0027321725015776216, 0.0011179395800011093, 0.004457885485098865, 0.002076675117960203, 0.004577102587007354, 0.003276614789147336, 7.74329849092794e-07, 5.3736568278681547e-05, 0.0032369175540408173, 0.0020873057949889924, 0.0005547667150433845, 0.0016714781768599613, 0.0011236209945752092, 1.731363920983835e-05, 0.0008886100993998322, 0.0019750644080477595, 5.7424982672639506e-05, 0.0003136618170534498, 0.00015966041559366552, 0.0022468825296626123, 0.003273710247765725, 0.0028761387231603553, 0.0031704771943019973, 0.0028645235809664814, 0.005171195207267857, 0.006452324594844965, 0.005797020324829181, 0.004449568098158948, 0.007026301819041805, 0.003183453274958508, 0.0025142148381455906, 0.0033812895796163263, 0.004719360421572272, 0.004447587685224829, 0.006071036948460182, 0.0037588211481768326, 0.002534022494070556, 0.005645483228563811, 0.006083813128799911, 0.0038272689617751543, 0.0018945796200889782, 0.00362984146645129, 0.00453970147958481, 0.005848676240651359, 0.003167570301762907, 0.004190621590243028, 0.004374154262545645, 0.0022698629328981217, 2.446187247186691e-05, 7.994583419205843e-07, 5.209158492773082e-07, 8.01125309332052e-07, 5.850592335841938e-07, 1.0186827479395282e-06, 3.012770771924487e-07, 2.966034279981527e-07, 5.76650116608002e-07, 3.32838643120477e-07, 3.808698806800592e-07, 6.98369664728058e-07, 4.7656024585035513e-07, 3.653427442989453e-07, 4.1015285175492994e-07, 8.332386016615845e-08, 9.642167552903088e-08, 1.622664151080504e-07, 2.630648720773649e-07, 2.678993600551728e-07, 2.0416544237209474e-07, 1.976093985489743e-07, 9.048601891657922e-08, 6.408051260513575e-07, 2.8204346303835695e-07, 4.6247155178849794e-07, 1.536582899058786e-07, 3.510921815676638e-07, 3.7363635037437866e-07, 3.8182730955555605e-07, 3.749795201161596e-07, 2.377009062052742e-07, 2.1024068898933095e-07, 1.4009070922165493e-07, 1.2801671360065093e-06, 0.0006193686089711415, 0.002143030209578404, 0.00240996177740577, 0.004086895313637387, 0.0035890622898778817, 0.0015293539977145473, 0.0015752765083510741, 0.0014025514430002712, 0.0016734318188216177, 0.0021106795907978957, 0.002096119141856941, 0.0012123849059672478, 0.000863111154229426, 0.003465092174925802, 0.002420992807427865, 0.00040156758678948823, 0.00013326164661507683, 1.6725354154823779e-07, 2.740758597922411e-07, 1.2571961256775542e-05, 5.403319308656043e-07, 7.178821096783194e-08, 3.334273824104219e-08, 2.210712556067289e-07, 1.1671836845325734e-06, 0.00016511599867025155, 3.1645224995655665e-07, 5.584918961475871e-07, 2.0938208960849453e-05, 0.0002953419080724252, 0.0013364536603223366, 0.00099962143195963, 0.00011548656306528183, 8.614394267322021e-07, 3.757627224908533e-07, 8.223470069203787e-07, 5.343966948989171e-07, 9.050483287895198e-08, 1.488383173236437e-07, 1.301827607328725e-07, 0.00085046249945926, 0.0006572508191090053, 0.0002766988214462753, 0.00046749489770738184, 0.0009163008353983637, 0.0003862109567380271, 0.0005537076620335085, 0.0007184487607613868, 0.000668586441125202, 0.0001443497729210391, 4.075416439480984e-05, 0.0015146910719680805, 0.000709196625696664, 0.00013703364756459678, 0.0010758603984469396, 8.989400880841386e-07, 0.0012055431203507388, 0.0022681751662356323, 0.0036368258556528977, 0.004298903072070351, 0.002744809481343956, 0.004677056425850761, 0.0046332542343049555, 0.004881434488513985, 0.006834061826403077, 0.005296441929397662, 0.0044911605831448745, 0.0018669515788004587, 0.0010072529838928723, 0.002252139479873076, 0.0014850320315325687, 0.002577201923270531, 0.003029400680678132, 0.0036778948183765264, 0.004329960151718462, 0.003136202662840982, 0.0009030125172348756, 0.002579036569790948, 0.004435285870727282, 3.715914751439741e-05, 0.003917304196838588, 0.004491855941494419, 0.004885296061374361, 0.002276446448106769, 0.0028765674293530765, 0.0008190321441174084, 0.0029471885529322047, 0.003573889894004518, 0.005715591881181302, 0.005543684233090847, 0.004300152384463295, 