{"P": 500, "strategy": "random_sparse_k", "round_name": "r3", "exact_peak": 1.5084873580376936, "approx_peak": 1.5084873580376936, "median_peak": 1.5145524192060265, "std_peak": 0.002748604782505273, "n_restarts": 80, "elapsed_s": 101.2576584815979, "simplex_weights": [0.024435777511646675, 0.023997718929835918, 0.016207496852614384, 0.009920235437738402, 0.01295614185393606, 0.011402128990012892, 0.007428793495887829, 5.411466944544124e-07, 0.007987869947316997, 0.007036288265494033, 0.0, 1.9610183401252264e-07, 0.004520582027505743, 0.002800197785708706, 0.005774512560256471, 0.0028259636474151453, 0.0019456934609281508, 0.0010665281283323451, 0.0024618958727036185, 0.004920566772847284, 5.53885325137269e-07, 0.0013655216249086554, 0.0003810730568814735, 0.0017625526693031248, 0.006625822172560118, 0.001231907588657331, 0.001803480822464213, 3.16150924618485e-07, 0.0004687752198830653, 5.859962363392341e-07, 0.0029849508499897024, 0.0003507179589308898, 0.00077399528677069, 0.00153243704182001, 0.0032487792775554056, 0.0035470556738110854, 5.946673007398086e-07, 7.864397140355417e-08, 1.674281940040516e-05, 3.49778143120184e-05, 5.440855948374386e-07, 1.2230191098632762e-07, 3.4485806834159516e-07, 1.6806988346274278e-08, 8.012280044114266e-08, 0.00010805363066788442, 9.535314913848162e-08, 2.5452735168826283e-07, 9.041781611273311e-08, 2.2498795004368756e-07, 0.0, 2.560159588530291e-07, 1.5643941645023898e-07, 3.210607927708566e-08, 2.7327819450610953e-07, 2.0279355901672808e-07, 8.75200119785726e-08, 2.146518418759416e-07, 1.0902026938511211e-07, 3.427930079106133e-08, 2.3232690602010535e-07, 9.406179312318624e-08, 1.852565030900456e-07, 1.537238043025101e-07, 5.9534273901886225e-08, 1.3808818923482917e-07, 1.9116718976420705e-07, 2.4934277353105306e-07, 0.0, 1.7905693231614346e-07, 5.106771887513002e-08, 1.1874991047921819e-07, 0.0, 9.5770469263905e-10, 0.0, 0.0, 1.419964777766588e-07, 1.9349900715445236e-07, 2.2566133045256823e-08, 2.5258853904652033e-07, 3.714792168345415e-07, 2.6647400389126744e-07, 6.764422315205771e-08, 3.098159816578693e-05, 2.684296620745947e-07, 0.00015161624108277075, 3.935886415018253e-07, 2.5240842482174758e-05, 0.001753314738472813, 0.0021179849244267143, 0.0034835618881315492, 0.0032266131413293264, 0.0007881553457627537, 3.1677544180370815e-07, 1.0921991277125289e-07, 1.9626664884394193e-07, 2.7338326642867783e-07, 9.333429977597876e-08, 6.162204109273505e-07, 1.1168252004158537e-07, 4.84380452668584e-07, 4.653758598376136e-07, 2.7967077418923184e-07, 1.6353970096568894e-07, 3.153178288519204e-07, 1.5430177811362803e-07, 3.2530939059883064e-07, 4.1494284758023656e-07, 0.0, 1.2670138634941685e-07, 1.9167855390677495e-07, 9.776236889810202e-08, 4.460862758031563e-07, 2.8430016237042273e-07, 8.149360146036823e-08, 2.1941028958979663e-07, 3.888796988031756e-08, 1.1021316424584073e-07, 1.3794276917613093e-07, 8.745057964440255e-08, 9.186862199204491e-08, 1.5119899413471946e-07, 6.804960778350598e-07, 6.498232287683883e-08, 3.4805348086065884e-08, 3.357841938362554e-07, 4.530370121476285e-07, 4.588573199630526e-07, 7.447498755322714e-07, 5.297378282505115e-05, 0.00043496809842052627, 0.0009012986567036767, 0.0034999627885444703, 0.004705030859180807, 0.0021612855571140795, 0.004201381665196405, 0.003918519792231133, 0.004626572762275436, 0.00563331971780504, 0.006563723812653453, 0.006692805399898193, 0.006023465488431644, 0.00015205395541880858, 0.0005462209813339227, 2.853384844285826e-07, 0.004895951288957817, 0.007315052901209451, 0.006213630997736843, 3.837446481245913e-06, 2.4066876392685634e-07, 2.276952936109984e-07, 2.358765287282233e-07, 1.6743206100446817e-07, 5.127257182357807e-07, 9.32023010757854e-05, 5.012958070267509e-07, 2.0821617614997972e-07, 0.0015217988023260775, 0.000661753204129149, 0.0020165246568695063, 0.0019858761986414944, 9.527919473828567e-07, 4.1413191097903934e-07, 0.0005242399625720409, 0.0016491733598599644, 0.0010529947707413854, 0.0014103497312935689, 1.5468204688719794e-07, 6.417277174738371e-08, 5.868156909149426e-07, 3.0731419826736526e-07, 2.1172651392263197e-07, 7.112949314626113e-08, 0.00018872611223777383, 0.0013207673464329366, 2.3759635117855635e-07, 1.4366782437665253e-07, 2.7973942517509825e-07, 3.4424659112126785e-07, 7.113206429106537e-08, 7.310836717564642e-07, 5.892325746636642e-07, 0.002830945558618914, 0.0034456950228121987, 0.00476326853312512, 0.00412068912618442, 0.0043682105903826395, 0.000862261729186232, 0.004781641301178559, 0.005766628368652669, 0.003875052881532219, 0.0012172364285767852, 3.758460695403018e-07, 0.0015171200193753473, 0.005795768642858768, 0.0001377996285834815, 0.002154095841337821, 0.0024419833875820585, 0.0026507041173009552, 0.00280225552467977, 0.0031827536094455352, 0.0032529731330548186, 0.003957252142888109, 0.0028070438013473504, 0.0002228222126674124, 0.00420155423604779, 0.0028038231408567755, 0.003782823425551816, 0.0032145121838513912, 0.0013848232041838052, 8.022532713289747e-08, 0.00021137773200522914, 0.001716310305126986, 0.002225342594285607, 0.0023940271158400957, 0.004231321083050119, 0.003979449529153238, 0.005673208167086232, 0.005911408410825733, 0.0036698312511068082, 0.002991098050581256, 0.003919400316186499, 0.006017621187572481, 0.005133446500390639, 0.004768143322529874, 0.0039104192121040115, 0.005286499664415446, 0.00422202324288805, 0.004468099702962989, 0.004277539531379815, 0.0027983159653552055, 0.00037066209103252143, 2.231757265403127e-07, 2.1409662868536749e-07, 3.314280151689626e-07, 8.129313927473473e-08, 7.758701598346673e-07, 1.8435310861353813e-07, 3.5048152771244754e-07, 7.124577949593838e-08, 3.410357167009347e-07, 6.623480264547249e-08, 3.272833930695018e-08, 1.5006364405681827e-07, 1.5621369308394747e-07, 1.152636776801726e-07, 2.422023456109937e-07, 1.051750410691066e-07, 0.0, 2.48634864537245e-07, 0.0, 5.115951751791754e-08, 2.0310347361781822e-07, 6.506156727342778e-08, 2.429293401133168e-07, 6.036996725985547e-08, 3.392659166284739e-07, 4.007654021944337e-07, 0.0, 1.9414702340405073e-07, 3.0278930015367033e-07, 1.3533715311223932e-07, 1.0118178890928726e-07, 6.188424834215635e-07, 8.877327788389519e-07, 8.833979931077228e-07, 4.0169412614776186e-07, 3.867359505567932e-07, 1.5274956800460467e-07, 2.6240087709328646e-07, 8.565315070188085e-08, 5.182978163627924e-07, 9.451900746759277e-07, 2.0467112764307388e-07, 7.095832305692789e-07, 3.612940880851983e-05, 0.00016813542199679097, 0.00017004419999064446, 0.0005380286835196605, 0.0007259142953369269, 0.000513687394338275, 0.00023888775397392398, 3.0516289863953136e-07, 8.112897462268868e-07, 0.00016567380293611606, 0.00025294794353723847, 0.001565951469512771, 0.002474018132165092, 0.0012897271732206673, 0.001285440652084971, 0.001307208990200137, 0.002213319588732351, 0.0019125287789743524, 0.0007835682808587921, 0.00046412242992668786, 0.0017936721148874052, 0.0005842913414653437, 0.0009254707355342206, 9.705903118055484e-07, 4.5182723900963064e-07, 0.0006299794865280542, 0.00033267568400306534, 0.0021197134520568846, 0.0023082865127984336, 0.0026746778189824577, 0.0014513112874190764, 9.373905685949963e-05, 0.001496353867720264, 0.0022850113497404506, 0.002161593847828896, 0.0010341391038728455, 8.497504875193907e-05, 0.0016035736875738898, 0.0027425520972122817, 0.0005110983380394224, 0.00052657127833901, 0.0028213150349680224, 0.0016670963864919152, 0.00356992790026353, 0.005718069193366925, 0.005099999901032293, 0.0066760682752398616, 0.004257174785225138, 0.00459976613883823, 0.0037279443217175705, 0.003793082174862274, 0.0041866315529362624, 0.003090865664183092, 0.004378570132353141, 0.002293256545698581, 0.0044512987177341675, 0.0037281810873290473, 0.00385311586752881, 0.003586182578685603, 0.002148461989410044, 0.002598448976314162, 0.004646442032342337, 0.0030393880184880744, 0.004321310600828178, 0.00258031950640924, 0.0020616984833973398, 0.004427346704730845, 0.002581505515182192, 0.003640584307409019, 0.002963204155186824, 