{"P": 500, "strategy": "warm_perturb", "round_name": "r3", "exact_peak": 1.5068773236030282, "approx_peak": 1.5068773236030282, "median_peak": 1.5072515806234477, "std_peak": 0.0034061389326142406, "n_restarts": 80, "elapsed_s": 72.64854025840759, "simplex_weights": [0.005147834702518625, 0.004920449563803499, 0.0041192759100805824, 0.005035080645476801, 0.005061932402156221, 0.005084052454475062, 0.005001804228276695, 0.004420656373094101, 0.003996128031728725, 0.003277926937363869, 0.0023294839131760003, 0.0018098918132255682, 0.0011725498547347545, 0.0005748864128207717, 5.7502548809742415e-05, 1.1159499300397754e-06, 0.0006538046080012501, 0.0004301165802227344, 0.0015377611400558347, 0.0013570280273663112, 0.0025390259730307405, 0.0031186555199181325, 0.003995763541572642, 0.004206455908788607, 0.004465620721460002, 0.004463857428767168, 0.004094129416015991, 0.004025816983917044, 0.00358248001558815, 0.0036836553892875515, 0.0027269018583835443, 0.002504763756791548, 0.0018723690581913105, 0.0016193463590670177, 0.00158541275557434, 0.0012641259039723326, 0.0013469554014557629, 0.0013302949387700915, 0.0016464105404716636, 0.002038902324825789, 0.0024622144055841105, 0.0030094266116439832, 0.0032290882837123598, 0.0034152263157099278, 0.0036316547456457906, 0.003288065773849935, 0.0034509691963015648, 0.0035312414099970073, 0.0028921895057811573, 0.0027969919182160583, 0.002424643342396916, 0.0021050129843466774, 0.0015719527393372634, 0.0015182020104534974, 0.00138193903702482, 0.0010874268615365468, 0.0012751726345514394, 0.001232820373257704, 0.0014751109194270572, 0.0019399747023883262, 0.002295346363435426, 0.0026531971721142408, 0.0030311183886111044, 0.0034135431795008562, 0.00393517374317489, 0.0038739617926787247, 0.004073884669046771, 0.003899655091215252, 0.003754426326290799, 0.0035574078329169397, 0.003188853939856734, 0.0029353356934397, 0.002570940188863282, 0.0020957724849072546, 0.0016778607674172534, 0.0016394784640866823, 0.0015010471469247908, 0.0017332468539307674, 0.001909989569087204, 0.002066051049807597, 0.0023187835072068425, 0.0030080899498288703, 0.0033740953634748038, 0.003935055091618712, 0.004069283210309045, 0.004271411402368562, 0.00418843008022746, 0.004199376361953702, 0.004065977875442559, 0.004161571247078093, 0.0036196177106436727, 0.003667585614342023, 0.003102529266410613, 0.00270579653156718, 0.002862639355995212, 0.002928902432980312, 0.0027148650611677886, 0.0026763704712306894, 0.003240601175116873, 0.0036296671750494502, 0.0039227686783498885, 0.004402465061398582, 0.0048084110642092025, 0.005173527788933128, 0.005274100062443304, 0.005173767020714989, 0.005799935243903435, 0.0052207417370842574, 0.004752563920061928, 0.004350487618469348, 0.0037347337825062673, 0.003910547460267698, 0.0036192798435035183, 0.002656449269946213, 0.0017297706999223064, 0.0019620361162447277, 0.0021736223682588146, 0.0017048414289078725, 0.0016450698723984155, 0.002020521780542486, 0.0024073557114494245, 0.0035597650268418862, 0.004224934088730916, 0.004738310854656225, 0.005412266775072716, 0.005178347638001294, 0.005683877491582466, 0.00560125941742529, 0.006025328184979589, 0.005679360600025149, 0.004758981772413717, 0.0042264482472722294, 0.00243137412080448, 0.0032603372828679082, 0.0037576599918074617, 3.175936317536896e-05, 7.435886817982698e-07, 0.00027194224378192705, 3.4858233337624505e-07, 6.157015672070869e-07, 0.001904168112262734, 0.002038778643286616, 0.0013453988053957798, 0.0011172666735510541, 0.0017210880034104088, 0.00210917611544728, 0.002837626828223968, 0.002194064812487053, 0.0024613468861330924, 0.0019518071903820613, 0.002040337598986189, 0.0032933317783503968, 0.002989238071399693, 0.0033105560366536524, 0.00442035909494503, 0.004835927229353332, 0.005487545435912246, 0.006285153493870329, 0.00693462401421868, 0.008330588829729108, 6.338585338482442e-07, 0.0035197729301133665, 0.007384816550190951, 0.004015092821737052, 0.0024533198841518835, 0.0007771613144200476, 0.0007034859915309188, 4.5414027217947474e-07, 2.1413251173056759e-07, 0.0005787910615195746, 0.001779011657379629, 0.002113096204116822, 0.002357957714511183, 0.002047869234059275, 0.0016770984409199632, 0.0005491792013835279, 7.804201499649472e-05, 0.0023700975362266866, 0.0010120696727543487, 0.003909880472920813, 0.0006355048509021432, 0.0015181743402113551, 0.000691983151183241, 0.000409332781517819, 4.324925152662331e-08, 0.00029814154629574267, 8.975871494521561e-07, 5.0938566363650313e-05, 0.0002228721062753559, 7.870372537081989e-07, 0.000950091155537808, 0.0008588654702864653, 0.0007174487672550678, 0.00024120214449464283, 3.232604718087238e-05, 8.646205374750795e-07, 1.0262753441980426e-06, 9.227542132918434e-07, 6.147877948536867e-07, 3.1838741276945004e-07, 6.78157933882917e-07, 3.422551509363592e-07, 7.801539075743329e-07, 0.00013574433244891416, 1.2796915172770035e-06, 6.868297364396089e-07, 0.0011402780155377555, 0.0003314545696246695, 0.0016810865017041169, 0.0011399384004135362, 0.0020906976486248434, 0.0019186483127008084, 0.002628543626269957, 0.0023808856457698414, 0.001918459304844916, 0.001991777635669503, 0.001762298984656999, 0.0020218221982326915, 0.0021398258036444883, 0.0024761445002254535, 0.0025596842745567844, 0.0021985035761407142, 0.0021035656255692825, 0.0018422482629469532, 0.001234346384855426, 0.0026070060819885776, 0.0018872339289810554, 0.0014141054200167945, 0.0013648464956609672, 0.0019014452791728273, 0.0015409596765522773, 0.0018961107339257144, 0.0014071633610192198, 0.0016593900373311375, 0.0015934516145208533, 0.0016891454768833253, 0.001980718845031877, 0.0016610855649486934, 0.002160483095759078, 0.0016808254574183965, 0.001840115143597333, 0.002110896500905876, 0.002060804050855399, 0.0017445641240388015, 0.0018514734088209016, 0.001065570634975708, 0.0014435802019347902, 0.0012875561966999693, 0.0014969328481902033, 0.00011524880868717687, 0.00134905204364377, 1.565180466580658e-07, 8.274019402228931e-07, 0.0010310329765972292, 0.00025852510402854273, 3.234094578519196e-07, 2.6520025326617903e-07, 4.24926559748534e-07, 1.9433092821570628e-07, 7.670834507242787e-07, 0.0004951061151133216, 0.0002685296847111631, 4.06586954596862e-07, 3.291252024462436e-07, 1.7441998352027065e-07, 1.2753576617211292e-07, 8.585477419146707e-08, 4.183525118955339e-09, 2.8801911638352125e-07, 2.3922951033574705e-07, 1.5513776962280978e-07, 0.0, 1.3149510208837513e-08, 0.0, 0.0, 0.0, 3.757524112845773e-09, 0.0, 0.0, 0.0, 0.0, 0.0, 0.0, 2.96022566121916e-08, 2.463589424212901e-07, 3.310075887166372e-07, 2.958815343429056e-08, 1.1157980650278448e-06, 5.577364601814746e-07, 8.899593689353004e-07, 0.00017307065404349105, 1.920100395065453e-05, 0.00013700277196966959, 4.445125509728487e-05, 0.0003577385587976126, 4.88923294985941e-07, 0.00025428323792714674, 0.00010665042748186613, 0.0006132637293973515, 1.7629743336496786e-06, 0.002277512302005945, 0.0019385771613420672, 0.0027498883957099976, 0.0027448796876512775, 0.0035088195150918956, 0.004606970661744596, 0.004946066548888131, 0.005357508294864513, 0.003081355315386444, 0.0034427139623701723, 0.003746672047580567, 0.0030383331302898174, 0.0069243996732859855, 0.007332626236252364, 0.005851626284402242, 0.006730613318115174, 0.0070903823461921775, 0.005282626736741223, 0.00402839256170416, 0.005866342853778208, 5.536877469002412e-07, 5.442039254208335e-07, 8.905141123347677e-07, 0.0060803785478170825, 0.009485683141530027, 0.01139888711353559, 0.00707267537899118, 0.0028777541562092454, 2.0787004604282215e-07, 3.030039281805258e-07, 0.0, 2.876843293605462e-07, 7.437345198869022e-07, 0.001319865220687356, 0.0012159606245327997, 0.001157294138601214, 0.0004693269048727066, 1.6359580174602884e-07, 0.001312677022841731, 0.012259435111808083, 8.843612865804443e-07, 5.182321380565019e-07, 0.0003573763851755814, 0.00012976480340861905, 0.0007114154455443573, 0.0005864955004854375, 0.000382201737448898, 0.0005087142522749694, 0.0022299280382338704, 