{"P": 500, "strategy": "boundary_heavy", "round_name": "r3", "exact_peak": 1.5075181250314014, "approx_peak": 1.5075181250314014, "median_peak": 1.5145122341474662, "std_peak": 0.0026736595229078074, "n_restarts": 80, "elapsed_s": 102.50870513916016, "simplex_weights": [0.024255442037753375, 0.0033308195987381026, 0.015583532741975874, 0.01109258745836718, 0.004099586726413006, 0.01625035630964909, 0.008283514256911501, 0.010287366424415639, 0.00936951544318317, 0.00706381283889959, 0.011013247721167983, 0.010892826744542785, 5.339764404763214e-07, 4.1874127296248985e-08, 2.9046882097456497e-07, 4.786091551243471e-07, 2.523078657376712e-07, 0.0020506171539816658, 0.003489114086186614, 0.0006539420490590958, 0.002875088317358554, 0.006453994679761892, 2.7143085746398067e-05, 0.005248683777486133, 0.007445118441729942, 6.59259350763495e-07, 5.115422687861143e-08, 4.3972321657233576e-07, 6.318311392000504e-05, 0.003691937784229188, 8.4075096081761e-05, 0.00033421967341439713, 4.197511640252321e-08, 0.0021468595226757994, 2.5403303594283153e-07, 3.993668137182073e-07, 5.036430249258741e-07, 4.966557505451197e-07, 0.0031492099675608128, 4.3574352889006136e-05, 0.0023272040761066356, 4.6985056351480256e-07, 3.604609386652415e-07, 7.286933118254108e-07, 8.818139805174707e-07, 7.178621099856233e-07, 6.075002111911186e-07, 4.225672121952459e-07, 3.5618250211749747e-07, 4.571078131973035e-07, 4.1950103879962115e-07, 9.96978624254292e-08, 1.1933245176048433e-07, 0.0, 0.0, 1.3110118356559588e-07, 3.787252419275907e-07, 1.5401794836963432e-07, 4.2293901552091476e-07, 5.265736706720358e-07, 1.6345696110908431e-07, 1.837472041561887e-07, 3.699482440334067e-07, 3.730907440515745e-07, 0.0, 0.0, 0.0, 0.0, 1.5839716728987194e-07, 2.2312943095496023e-07, 1.320486595624201e-07, 1.470286357643223e-07, 1.786362913582062e-08, 3.9199244964625966e-08, 2.5441225222623247e-07, 3.3237680680205986e-07, 0.0, 0.0, 0.0, 0.0, 0.0, 9.710759120832532e-08, 2.580707005111488e-07, 0.004356908005173005, 1.2963299459562547e-06, 0.0010666178766113056, 1.1528554834844717e-07, 1.3898077047227196e-07, 0.00040353275888407137, 0.0025335930747396327, 0.0003652680656401685, 0.0014304450016175147, 0.00020446640835045942, 0.0015714866490696968, 0.00047468073773219933, 0.0010883785304569573, 2.538860663717245e-07, 1.5003629810443985e-07, 3.245902726631082e-07, 3.0113164938597586e-07, 2.452200839637861e-07, 3.182229033307484e-07, 2.938044306712157e-07, 9.317362227022537e-07, 2.2370122381919454e-08, 0.0, 8.923441244696375e-09, 7.235473186326535e-08, 2.6576620123138056e-07, 7.227898873873687e-07, 1.8687287314810842e-07, 0.0, 0.0, 4.667259869633771e-08, 1.3172840133878422e-07, 3.5007099464903896e-07, 4.76780451932795e-07, 5.219945060261923e-07, 2.0916477284675748e-05, 6.576074455499541e-07, 5.6769271573791895e-06, 0.0002100900632639775, 5.194199210675786e-07, 2.2522671372190387e-07, 0.0, 2.361533432629555e-08, 9.979854318060798e-08, 1.4108115987515337e-08, 1.3916592987554699e-07, 9.85795900795862e-08, 0.0009255159493152071, 0.0006395583735981664, 5.440773330077004e-07, 0.004333155519875331, 0.0018544930838326507, 0.003067050842426114, 0.004177827680563892, 0.003688536099148169, 0.0025298629877027867, 0.0042984065910746435, 0.0032818878238222346, 0.0034797604531079103, 0.0031970427045169307, 0.00517202932357816, 0.0036730172649100464, 0.008148339498961526, 0.0012253751482129585, 0.005905418246898082, 0.00046788182027967927, 0.00025606835163052887, 0.0019766702252417335, 0.0028624415371763996, 3.899766172631932e-07, 0.0010282443739506153, 0.0022621579529352857, 8.364785584674417e-07, 0.00019120173820070673, 4.0603362377094917e-07, 7.518080571757818e-07, 6.555526716076902e-07, 5.196372448165094e-07, 0.0023712721903048103, 0.0004776990441882124, 0.001174184467153295, 0.0006860879534906337, 0.0032807173124502357, 7.276563724527837e-05, 0.0017621229922876638, 7.059400256572272e-07, 1.641904427909804e-07, 1.8271690978783789e-07, 5.56979053497479e-08, 0.0, 1.418860147617446e-07, 2.854250754193021e-07, 2.391702604704537e-07, 1.314312132779061e-07, 8.831719881424926e-05, 3.119956256427581e-05, 0.0010501688716714774, 0.00040209992848622795, 0.002048879999350314, 0.0011857262418155721, 0.0011543177889297045, 0.0007407033379864685, 0.0032422437208295034, 0.0008623459127539259, 0.0022515799379522463, 0.002973597844235056, 0.0033975600391648432, 0.0038184186201783207, 0.003379721183650697, 0.0053086925478095445, 0.003816707457282838, 0.004224065051595286, 0.00415309834130095, 0.0009188647140532098, 0.004982664266446477, 0.0004987460886879505, 0.0007989881920513564, 0.003805972578704711, 4.899136881193433e-07, 0.002311224172741574, 0.002165171328190181, 0.0011602891022624289, 0.004552681437590079, 0.001701493251108954, 0.0038112233367329313, 0.0014149366225691714, 0.002589517735644086, 0.004592774401635515, 0.0037388269780169693, 0.002310853046010575, 0.0025173273823905214, 0.0015353328906791614, 0.0015609505128243047, 0.005617169810906721, 0.0008345598597189076, 0.0032962028353367818, 0.0005339082779294112, 0.002117375108853839, 0.008336467325901164, 0.005147425533427712, 0.002840091052029571, 0.0055332467453730275, 0.005235637592942085, 0.005346409947052506, 0.007265055995721124, 0.005425237790615205, 0.0037158169587224827, 0.002863974542615921, 0.0032885212396126153, 0.0010036124211491397, 0.002278933485307285, 0.00016839437800673346, 1.2389642479220743e-07, 1.0374444034377474e-07, 1.809695098478183e-07, 1.1364762139208951e-07, 7.966919895706703e-08, 1.363866840975383e-07, 1.363969582719598e-07, 1.595862202093617e-07, 1.898723632559732e-07, 1.2731181079889315e-07, 1.765560937343194e-07, 6.793686374255658e-08, 1.2484589766278444e-07, 1.9077408842441694e-07, 6.79394916499027e-08, 6.793513517734499e-08, 1.2422479926115728e-07, 1.420356634827352e-07, 5.479164845539288e-07, 3.3470436749503307e-07, 1.1766628384442784e-07, 6.793624129154719e-08, 9.55028642115723e-08, 5.085393737298157e-07, 9.105443870322064e-07, 7.038279898216732e-07, 2.4145137283280796e-07, 6.793822178554435e-08, 6.793750707185995e-08, 5.470849709328036e-06, 4.005629944439424e-07, 3.811165278661349e-07, 0.0003796054792729293, 1.3900385128073473e-07, 0.0005595177080930909, 3.8993940701950323e-07, 0.0, 0.0, 0.0, 0.0, 3.5701841855124617e-08, 0.0, 0.0, 2.5104359718015854e-07, 0.0002674332565766296, 0.0004344327382299943, 2.0192602655499438e-07, 1.3896429085271145e-07, 3.875974635168396e-05, 0.001618056452401552, 0.0005179330447209649, 0.0016513796891082782, 5.644926761303648e-07, 0.0004439776890441131, 0.0015432258132413996, 0.0020759407428098246, 0.0011353540311374634, 0.0014545285181436958, 0.000369664814647518, 0.0009102502004951472, 0.0006031998648187572, 0.0011070742914873447, 0.00012911799217567882, 0.00036926132167331067, 0.0013181635705975378, 0.0024443419951963186, 0.0011069029686652692, 0.0013533126233805691, 0.0029643032048505273, 0.0003594299366884375, 0.0035440515757034627, 0.00011433635531823923, 0.0004206516261211249, 0.0029235671628654487, 6.580444807355064e-07, 0.002430430111861566, 0.001029856160034884, 1.1934855666200185e-05, 0.000877265114638678, 0.0003345903993137729, 0.0013934789232226917, 0.0011510876585117873, 0.0020532453052527905, 0.003199201497955843, 0.003179773028622795, 0.004023559386283551, 0.004188990355176908, 0.004305870663170521, 0.00563855517414173, 0.005672582734755717, 0.004588447746237966, 0.004926404891914487, 0.002567254012386746, 0.003036195022844206, 0.0035734518722479332, 0.0038969510778281134, 0.0030702405837404025, 0.002808506308338224, 0.0040948894848187, 0.0036551170225319995, 0.004401481908446638, 0.004401252677363874, 0.004701583930535832, 0.003924270326790141, 0.002681334432214526, 0.0020694331602986614, 0.0016215432363885724, 0.002468909637531313, 0.0034238173833218387, 0.0026307875931868736, 0.003206047649011324, 0.0030341440116806576, 0.0031841759745295604, 0.003672542949696284, 0.005080541978269963, 0.0038190440059200598, 0.0037859324344151975, 0.0025809647953071815, 0.0020166831315575023, 