{"P": 500, "strategy": "dirichlet_uniform", "round_name": "r3", "exact_peak": 1.5087784330556162, "approx_peak": 1.5087784330556162, "median_peak": 1.5148148717906984, "std_peak": 0.0035347227623579356, "n_restarts": 80, "elapsed_s": 101.06168556213379, "simplex_weights": [0.021938973863539758, 0.013217867850556756, 0.016093781488222325, 0.014639930368109887, 0.010671084350110051, 0.015648004492457693, 0.00448119616590377, 0.007651092980024501, 0.01052591635935913, 0.00708001844465447, 0.009530108060792979, 0.0007068560069370132, 0.0086366550968214, 0.009789969219468534, 0.008510027646959944, 0.00035923780541996606, 0.004522246877506805, 2.577506254454912e-07, 3.3495800056560633e-07, 0.003025037894875406, 0.0022863697532552706, 2.0600040304262524e-07, 1.556924749822382e-07, 1.27171225668211e-07, 9.018134177642868e-07, 1.355753305836759e-07, 1.087057272408191e-07, 1.3937962477154382e-07, 5.813994024148591e-07, 1.087057272408191e-07, 4.898179100267043e-07, 2.398238055154264e-07, 1.087057272408191e-07, 1.3389747988132464e-07, 3.546980117879099e-07, 3.4349512313198903e-07, 1.087057272408191e-07, 1.5332786351398133e-07, 1.087057272408191e-07, 4.746961682686535e-07, 1.087057272408191e-07, 0.0013543799306091823, 0.000155326090763561, 0.0008912676007601503, 0.0002221367083411576, 0.0016780033497033448, 1.9281360293613296e-07, 1.087057272408191e-07, 2.389486975717445e-07, 1.7968890307879204e-07, 2.41705971338405e-07, 3.3056280277446426e-07, 2.5034827899024463e-07, 1.087057272408191e-07, 2.0188561951305676e-07, 2.011063246646669e-07, 6.13054114774563e-07, 2.9244493604315114e-07, 1.087057272408191e-07, 4.737735092799996e-07, 2.4744213408285487e-07, 1.087057272408191e-07, 1.087057272408191e-07, 1.087057272408191e-07, 0.0, 0.0, 1.0867610086662355e-07, 1.6559667692681992e-07, 0.0, 4.4842789363623215e-07, 0.0, 0.0, 4.6986148615154964e-07, 3.155269280164544e-07, 1.7196287057673187e-05, 0.0, 2.1378989200459517e-07, 5.77719219229033e-06, 3.913770164822668e-07, 0.0, 1.267724097353583e-07, 0.0, 0.0, 9.711153467932117e-08, 4.1367058809035183e-07, 0.0, 2.6069718960221646e-08, 4.78926141137673e-07, 0.00020291655051806745, 0.0004444545578974904, 3.178969210583169e-07, 2.7801590536958445e-05, 8.569714344536505e-07, 2.872528624136928e-07, 0.00014037248973741015, 0.0016845246570486503, 1.878750700248912e-08, 0.001229948836328458, 0.001639949683424249, 0.00021642160717796994, 0.0010627540838640613, 9.49276056023742e-07, 2.108077530675977e-07, 0.0, 0.0008684583938423603, 7.254516791604603e-07, 0.0010240401034256382, 0.00046487173203406005, 1.8925149827433175e-07, 5.46116660563928e-07, 3.3706668033919807e-05, 3.298732409457586e-07, 0.0, 1.0108508969388377e-07, 1.987472641522318e-07, 4.808373532060891e-07, 0.00110695932729274, 0.001813732023636882, 0.0028877620580991946, 0.003936477873560189, 0.002690601980960527, 0.00273091216226383, 8.480058239133457e-05, 9.733273280289692e-08, 0.0014439239216452442, 0.002024871177070547, 0.004368677115944154, 0.004571449514300252, 0.004968070907607689, 0.00493129282733427, 0.0010190861278920804, 0.00013370427528503623, 4.593911236947904e-07, 0.0, 2.843291686160274e-07, 4.5337511840399525e-07, 3.0873944726325297e-07, 1.0302980115683949e-07, 0.0003134243671672557, 0.0014224848924280515, 0.0027982912873013087, 0.0018800034443083658, 0.003103060697139285, 3.6428812297383384e-07, 0.000936378433890458, 1.515598935961238e-07, 2.957470703589452e-07, 0.0006234456397955051, 0.002072299082393437, 0.00048731754290762426, 5.175904923423548e-07, 3.801749043408614e-07, 3.671908777618045e-07, 0.0002616968647941532, 0.00016781210106859174, 5.60457756246436e-07, 8.537850052767183e-07, 0.001766354163475706, 6.941775331642344e-07, 0.0010993398122680193, 0.0018597112783432963, 0.0019478180946712045, 0.001760450488167446, 0.0018103876487449867, 0.002088483564020128, 5.337361329575702e-07, 0.0014050113519101838, 0.0010308752426148656, 0.002629130619883675, 0.0031345994335392566, 0.0036859371594877223, 0.003818100056932425, 0.0038394056201229106, 0.003699089026045648, 0.005099344937059523, 0.0037427481826871603, 0.0038412835236609683, 0.0021335764302288945, 6.523073779188206e-07, 2.521512712063429e-07, 4.348335391096492e-07, 1.1590358913802449e-07, 7.118212853182084e-07, 1.124464864313208e-07, 1.6619835201179594e-07, 6.068388199699895e-07, 9.86974311763435e-07, 0.0011860074067230168, 0.0034639968434776154, 0.0025459259287259244, 0.0018538441279226038, 0.003912207027193628, 0.004821744613319736, 0.0021209389553763437, 0.0019854804044208666, 0.00022739697045947343, 0.004353933930107557, 0.005769605499381032, 0.0050488698628711045, 0.007194385255304107, 0.004128617002354249, 0.00698919914555783, 0.0031734650721431707, 0.00161307233415365, 0.006703947519273766, 0.0050198314053526314, 0.003771163567143505, 0.00451108397586368, 0.004301803569086703, 0.003486559634337032, 0.00438102330017567, 0.003991083090050086, 0.0039916137673648945, 0.003571982372128954, 0.004527711932205589, 0.004747036881724528, 0.0037104061097227984, 0.002884666745085925, 0.0016708113295919665, 9.00648726788464e-07, 2.924142968297119e-07, 5.119288015500677e-07, 9.163783887474607e-05, 9.62016723812817e-08, 0.0, 1.7153063906291106e-08, 0.0, 3.6726822656498834e-07, 3.089322919474798e-07, 3.9294124823514725e-07, 5.979349748924162e-07, 4.61010564211678e-07, 0.0, 5.977537462029927e-07, 1.0386189670896285e-07, 7.579120479622899e-08, 2.2051308314207317e-08, 3.4962758757757294e-07, 1.936062905849179e-07, 3.651082122482008e-07, 1.4976908359326895e-07, 2.2333427826231214e-07, 1.2404483558541118e-07, 2.690964605104524e-07, 8.112079249963767e-08, 0.0, 0.0, 0.0, 0.0, 5.400096931131635e-07, 3.0818665492160535e-08, 0.0004089534910380264, 0.000598359751513806, 0.0011120088536503382, 0.0030833223644738373, 0.002918629457021031, 0.0012951308009292325, 0.0031279697071234847, 0.0024865163891730855, 0.0013648425525402655, 0.0011054930423747699, 0.0006604509854474111, 0.0010649670310646426, 0.002820120308806883, 0.0013226460090693358, 0.0027492177920279168, 0.0030410891828823866, 0.0032080279952030736, 0.0007294810188389684, 4.291714006300671e-07, 5.887270184766413e-07, 1.4509891013365142e-05, 4.029265132708694e-07, 1.7273795278643015e-07, 5.418591173876187e-07, 7.538346782991601e-07, 1.185959164684536e-06, 7.142574072615192e-06, 7.200955925666208e-07, 4.445571523460252e-07, 0.0009107634571684543, 0.0005177692219437262, 6.008621397857769e-07, 5.365010031310078e-07, 1.4679990711473514e-07, 1.0866383219379733e-07, 6.938847525008152e-07, 1.9997600572697125e-07, 7.997920054363298e-07, 2.7712182713475106e-05, 6.630626896195623e-06, 0.00029683630168173957, 1.544699596512893e-06, 0.0005731061351935225, 2.5036218557190978e-06, 0.0002986748870865271, 0.0005612852432839782, 0.0010004801578597541, 0.0006216763005456023, 0.0011343453335176037, 2.122394636618801e-05, 2.302460798100878e-07, 9.18683766970165e-06, 5.606383354422391e-05, 0.0010430614014339437, 0.00179249956927289, 0.001750827728999316, 0.0013725843513652353, 0.0009658195521219906, 0.0023131982553130257, 0.002248546536584886, 0.0008108350148207066, 0.003341273118091045, 0.002248227241021239, 0.00326864010782044, 0.0041858812808508415, 0.006386403554270066, 0.007112882896662987, 0.00465602711227401, 0.0034683745755083174, 0.0034586395254880284, 0.004169313294311921, 0.003011459078068307, 0.0036227250864258177, 0.0020144099465868853, 0.000642728524184261, 0.002093673222914673, 0.001758812732331785, 0.003382211072750529, 0.001842789441915906, 0.002338966346165812, 0.002821489597713088, 0.004419427439354978, 0.002740292340795362, 0.004291854367595962, 0.0036433675277947235, 0.002192461045715357, 0.004090413884590305, 0.002496150657077687, 0.0035141028354999425, 0.0036953371950054687, 0.004206513051992521, 0.002482943907163707, 0.004593955290439624, 0.0027293127588375004, 0.0037026665815887475, 0.003920893159376013, 0.004529210663976088, 0.003500158556145252, 0.0042988689843130225, 0.003996567086117005, 0.003186329451279228, 0.00408428041115954, 0.0029194462841648935, 