{"P": 750, "strategy": "dirichlet_uniform", "round_name": "r4", "exact_peak": 1.51094602365357, "approx_peak": 1.51094602365357, "median_peak": 1.5147560850909358, "std_peak": 0.0029687079423792793, "n_restarts": 60, "elapsed_s": 191.0850796699524, "simplex_weights": [0.015849863450376683, 0.001868897864168895, 0.0008904777249493627, 0.0014072454959752532, 5.136919978216109e-08, 2.7232318650417096e-07, 0.0001014001274173408, 2.330452410842455e-07, 0.0004370360756566742, 0.0005120080318507799, 0.0009999868367137421, 0.0024508418387170056, 0.0021612575685729866, 0.00016051808794269434, 0.003742041529468128, 0.002492271342274617, 0.010311468456103083, 4.537115936883878e-05, 2.513528284466221e-07, 4.6171031853689995e-07, 2.168224119971192e-07, 2.1385661548136407e-05, 8.190811851606354e-05, 0.0018652313110322015, 3.41650161855514e-07, 4.97469735724924e-05, 0.004653353018647442, 0.0026550121676209427, 0.00042281721418391743, 0.00016875306425122029, 0.007568049649964247, 0.002626940496572114, 0.003910428066845366, 3.6782222921600516e-07, 0.00037568108666735217, 0.0006445363202801411, 4.12077079591342e-07, 0.0015630119978730479, 0.0008205042002413504, 0.0017515234567748493, 0.0009510873325357491, 0.0009178202431974906, 0.004823918668580925, 0.0023678336196444696, 0.0008010071829686288, 0.0003129084281489342, 0.006331704491718905, 0.0004908580178297842, 0.0009031638492314204, 1.972655077206646e-05, 0.0005240523463844246, 0.0010354079532838654, 0.0001667225450542411, 0.0016426132018975581, 0.0015132259012806684, 0.0013963444998914692, 0.0033578473959517004, 0.0025023335638965426, 0.002972042587586275, 0.0020714565759424462, 0.0026061667188906953, 1.600945591105378e-05, 0.004286877409273577, 0.0005863100657310915, 0.0004448313395933365, 0.001479765478467869, 0.0008384223025695249, 4.777646629832557e-05, 2.1677081218923053e-06, 0.0008031630924757193, 0.0004171779917953369, 5.247438526633778e-07, 0.004626132431792039, 0.0022228594622281475, 0.0007132509118479512, 0.0008307484691192649, 0.0038261444662903072, 0.0004353001870808197, 0.001994271630671906, 0.0007786954815376336, 0.0021377058909332926, 0.001518174909603328, 0.0006043615944191788, 0.001962728766416492, 0.0008003608559498026, 0.00061539200439519, 0.002570147918372984, 0.0015458460048075175, 0.005305921681742293, 0.002967982607180396, 0.00012034374285300002, 3.2265006888425044e-07, 0.00447599848113688, 0.000551030010193622, 0.0005965712662612598, 0.0009964576393689693, 0.0018475604786653075, 0.0017644302779453967, 0.00012031022965199023, 0.0008773465449220783, 1.2793830785080773e-05, 0.00015004296971854298, 0.005431540648760667, 0.003986523972700913, 0.004186994179434699, 0.0008211313327175268, 2.758564828498193e-07, 8.794051777466746e-05, 0.0017114213882748089, 1.1469837956325725e-07, 1.9207912380545181e-07, 8.881177530775703e-08, 8.11941463170967e-06, 1.6755728303985588e-07, 1.736230237253382e-07, 1.1529644104570123e-07, 2.2464909431638476e-07, 0.00013132112573423005, 0.007567791439400647, 0.004483720050356374, 0.0008347701428480013, 1.3620454868263846e-07, 0.00022759304286021695, 0.0012777487632353384, 8.158077349874417e-08, 1.4473154231326654e-07, 0.001538745406882648, 0.0001230154590875302, 0.00028147178881894814, 0.0018636363538799261, 0.0012023961134589641, 0.001560091946267425, 0.0016137981809773994, 0.000799326424074057, 0.009191949036929301, 0.0011131521809983843, 8.800176212669293e-05, 2.3345564039642067e-05, 0.0012636325101070608, 4.2912632623736435e-05, 0.0006263754348168409, 0.0017419485052122554, 0.00043071954357723843, 0.00013018146124991884, 0.0021095235543259856, 0.0008044970957890973, 0.0013614435202993352, 0.0010046651055636022, 0.0002719887877248919, 0.001480259175882566, 0.002147490455777405, 6.794488060442378e-05, 0.0027594589225692226, 0.00035308686539728726, 0.00029203849808318125, 3.931812685451348e-07, 2.465953415626225e-07, 3.061333781911993e-07, 1.5430114778669527e-07, 5.1388945983643764e-05, 0.0009854872051406093, 0.00019891341609016146, 0.001740380906019966, 0.0005208494847680046, 0.0016796171798479417, 0.0017988458020251948, 0.0008975301581180668, 4.1108106153556764e-07, 0.0013220731889344724, 4.524444362496836e-05, 7.475221566270284e-05, 0.0013768783163022982, 8.871326390061852e-05, 0.002078739489893845, 0.0018803366262814245, 0.0012059158746185533, 0.00206148798349923, 0.0020940745187157717, 0.001228631419037113, 0.0010472075633139232, 0.0013860105956088273, 0.001726442866844665, 0.0015087379732659021, 0.0007912812298366026, 0.001524660027535144, 0.0007864582408114427, 0.0009147488859267973, 0.0012775119519844557, 0.0014400261828975205, 0.002294678301525257, 0.0012830827033355446, 0.0014576032398010098, 0.0011690371450687183, 0.0011529520800502427, 0.001612019715308139, 0.0004219986333732191, 0.001173767284134615, 0.0013308623194616509, 0.0014313789575595508, 0.0005314474929440117, 0.0014962297076332718, 0.0012963577692380684, 0.0016150141230212923, 0.00182750856247353, 0.0015918250255260813, 0.0017339184157328497, 0.0018017709297571715, 0.0019682548989696934, 0.0015064341656156684, 0.001289538213214026, 0.001862081155446712, 0.0014547952285630498, 0.0017747298189255034, 0.0020177613352643964, 0.0022774540822611275, 0.0015066592797979017, 0.0023602598120555703, 0.0024614153243426827, 0.002054177183882076, 0.0018266128833187604, 0.0018466961637870697, 0.0020331941290758922, 0.0019241537096626139, 0.0018489642441725574, 0.0024590887211329237, 0.0016925858749248783, 0.0023964804128507843, 0.0024147699956865195, 0.001979316608447705, 0.001856508718195608, 0.0025872525674815773, 0.0012026928476038033, 0.0013197509219348615, 0.0010834453345213368, 0.0015418101819810858, 0.0017567766118671087, 0.002289649693041595, 0.002176889311375269, 0.0016954800234955944, 0.0018726126079486268, 0.0020257519551050047, 0.0018769314218001925, 0.0017415494374785514, 0.0012269655912687718, 0.001714161837273671, 0.0010547802833433743, 0.0019836372133280157, 0.001042695863456155, 0.0016551167216889784, 0.0014666629933931775, 0.0009204500939081583, 0.0018478657457830835, 0.0011128164801535029, 0.002542937321505454, 0.0034343217389254444, 0.0028180325981826257, 0.00280830168946087, 0.0025742908331469767, 0.0025366125913692823, 0.002009944778860677, 0.0026559803229381884, 0.002060225642956457, 0.0032357862510846705, 0.002688772264449934, 0.002359277168259282, 0.0030381484413535055, 0.0023196364302876006, 0.0032204944101609755, 0.003125423558848681, 0.003361516957387853, 0.00337974400265927, 0.0033996298123420794, 0.0029022575386349744, 0.0024782748427564236, 0.0030461333015330914, 0.0020256050073889672, 0.0022593170993080456, 0.0019492055602669221, 0.002306004548235659, 0.002007838294453155, 0.002331262936570691, 0.001991063921658259, 0.0020151212638039443, 0.002072723500585337, 0.002144493924311806, 0.001743738958212077, 0.0020840366654010472, 0.0016062004533761306, 0.0018999214011066552, 0.002120718242871124, 0.001752682805457961, 0.0024311199468570674, 0.0027137882749026067, 0.002452843141463911, 0.003369654541330105, 0.0024468734149093044, 0.0022004260603364304, 0.003126958463244856, 0.002348516903033788, 0.0028383213088271813, 0.001915187505175379, 0.002399408821686508, 0.0021158322342479186, 0.003046584292735404, 0.002270738302524558, 0.003385386732499083, 0.004037257734082799, 0.0031970675009993428, 0.0041507925074857925, 0.0028052746523352474, 0.0031871997432082115, 0.002817528812403678, 0.0027531479358396905, 0.002719093175957598, 0.0030162782916476247, 0.0029887063821691204, 0.0030029948120814487, 0.003016686139897959, 0.002522354456026763, 0.0024594311699433066, 0.0017577983874824143, 0.002824698323085783, 0.0013287357585289035, 0.0026740696699712563, 0.0017704823658216088, 0.002588573528254765, 0.0020536346927734735, 0.0027044932473014875, 0.002469322164694162, 0.0021802500473393762, 0.0026394162277700974, 0.00233335329389775, 0.0017113383285218395, 0.002682546537106849, 0.0019669202920288764, 0.002359770504065113, 0.0017872309382568098, 0.001568619643569167, 0.001451738795894384, 