{"P": 750, "strategy": "warm_perturb", "round_name": "r4", "exact_peak": 1.5064131723205703, "approx_peak": 1.5064131723205703, "median_peak": 1.5070745731356396, "std_peak": 0.0048807069028108194, "n_restarts": 120, "elapsed_s": 273.8954358100891, "simplex_weights": [0.004204301929877606, 0.0029977067882913013, 0.0026663175627292877, 0.0037495651048483278, 0.002972055519201858, 0.0032396099815904544, 0.003091373028731499, 0.003175135641805236, 0.003568393156278387, 0.0032919068813023404, 0.0027429315454994773, 0.003173252862618002, 0.002370870230670197, 0.0021990286777571946, 0.0026683362016877658, 0.0018493882625217665, 0.0020655317642716557, 0.0008729939124596142, 0.0002395200805034136, 0.0009003481940073343, 5.779651740998312e-07, 0.0005397415270714847, 0.0007468814566616886, 0.00013187119148154482, 4.793076006494215e-05, 0.00014945137202119558, 0.0, 0.0013379107752243937, 0.00047198885231678026, 0.0013568770552941922, 0.00203612312422692, 0.0014825652413881583, 0.0021495717874962707, 0.002420036472590318, 0.002273132986308612, 0.003352391011670245, 0.00306247107025639, 0.0025371723574341594, 0.0031986118455636084, 0.0022099194901516743, 0.0028080471540272746, 0.0027092397252352508, 0.0024433011323629224, 0.002725053623857787, 0.0021406667432362168, 0.0016710099951422305, 0.0019197845087256078, 0.0017444960313037165, 0.0015695543049589532, 0.0015347096439056373, 0.0008225236774312538, 0.0007331888843936791, 0.0007227930957547842, 0.0004910433044547988, 0.0011343291112733108, 0.001119881599690026, 0.0012378992271148861, 0.001581362972352775, 0.001159865967840446, 0.001321688507856194, 0.0014089898032437966, 0.0016568198443231822, 0.0018676156801445663, 0.002397856851903171, 0.0021656392661583454, 0.002444858579530582, 0.002053002493713209, 0.0018670259914042985, 0.002374771307995093, 0.0022170380266127096, 0.002713620838940224, 0.0022707031404333596, 0.0016504687922487805, 0.001979491996302002, 0.0014004186976422125, 0.0018162417919440562, 0.0018179928687584107, 0.0011103575225383082, 0.0014304042695841902, 0.0008203828546188913, 0.0006203011576885946, 0.0008590228403882699, 0.0007888464021251994, 0.0009409508371020374, 0.0010236344723534077, 0.0006872962266338783, 0.0006426927914522904, 0.0009046313515263932, 0.0009384810954982144, 0.0016864003517611875, 0.0016614006804035765, 0.0016713148855088346, 0.0019924632326868506, 0.0014978617027758421, 0.002083451481326444, 0.002348784711114027, 0.0025144368526485014, 0.0030464371844033345, 0.0024881526026777527, 0.0025637763766451645, 0.002676827749180425, 0.0023704732178147204, 0.0028842024547806673, 0.002709718829969044, 0.002418624090492487, 0.002317927088108884, 0.0018376809444095607, 0.0016118272880646634, 0.0017909081199057584, 0.0014109349467045882, 0.0017176933246067082, 0.0015173551697461752, 0.000901551237491953, 0.0011052393399003215, 0.0007434909153554667, 0.0010483556636784737, 0.001203532082271847, 0.0011751982283896923, 0.001511957694904521, 0.0013893872148479666, 0.0014368595183643117, 0.0013599995076757029, 0.00198917873413688, 0.00214909873293453, 0.002692955337700631, 0.002722629127814122, 0.00225889623747612, 0.0028102034953659824, 0.002440208559821321, 0.00289999431644883, 0.003474231873490749, 0.0027079240004088123, 0.0031821983746401577, 0.002583046457455246, 0.002494828521048342, 0.0025098336264983956, 0.002389702367559372, 0.002539821682083449, 0.002531196589672592, 0.0020091500125735007, 0.0018896853436101005, 0.0017218483899992545, 0.0016209044666453142, 0.0020518455105351854, 0.0017475832254498058, 0.0022866193893429443, 0.0020720009997937704, 0.001669710479525834, 0.0019546126577146233, 0.002240792800736278, 0.0024735745064972314, 0.003420883623466773, 0.0027625523685771117, 0.003008837687843607, 0.0032655352725250914, 0.0029930265603028126, 0.0034335060494378503, 0.003641487094395906, 0.003924712690632209, 0.003964731952124556, 0.003290592503352119, 0.0028924620119035183, 0.0031963436357636595, 0.002987366938342609, 0.0036477324538578067, 0.003037285896117429, 0.002624006129754612, 0.0025586620396028828, 0.0016407273858682566, 0.00185147910382229, 0.00210873447643657, 0.0015905280930094984, 0.0021856833519086276, 0.001120916033743826, 0.000781098941767195, 0.0008924214885364307, 0.0008336147259859183, 0.001231900313295341, 0.0018595141056483553, 0.0018297903903163211, 0.0014071309571363907, 0.0021931588927429154, 0.001402880697733227, 0.0025042465371571325, 0.002957733550449311, 0.0033227909996215005, 0.003652277465676289, 0.003054441809589308, 0.003159187977476367, 0.003560151441210663, 0.0038297555000569423, 0.004164275521254866, 0.0040969174787787044, 0.00381206925934279, 0.0036349177156335395, 0.0028763718080092497, 0.002765770076691361, 0.0031310100462405943, 0.002992315968147986, 0.0031681157323020597, 0.0030347292096886214, 2.3453414786991013e-05, 2.2473249745079282e-07, 0.0004383226187176576, 0.00038269759191342397, 0.0023777153336507224, 3.254104001510327e-07, 2.3661525579241394e-07, 5.1139219855939796e-08, 1.5222348037262366e-07, 5.6621650351244926e-08, 0.0014528269862966686, 0.0010737251679137254, 0.0006683227027916647, 0.0004232498346219338, 0.001169236520518858, 0.0009262246949968565, 0.002099186488596482, 0.0012707313088471985, 0.0009739501729258863, 0.001439789913948682, 0.0011938126875907175, 0.0019108471031516452, 0.0021264474315888823, 0.0013146300748991787, 0.0008139710362657215, 0.0007340482981233825, 0.0013513864337514198, 0.0025475730813263276, 0.0034089609003320753, 0.003370659569509983, 0.0014115424729784776, 0.0025499578356710947, 0.003341932306686816, 0.0035470166743932193, 0.003713324770167487, 0.004926530268897331, 0.0038959835293973697, 0.005277718615958582, 0.004951741580252047, 0.00013804737410492122, 0.002405785672789905, 0.005675113110752311, 0.004099914962043932, 0.0012715601818035368, 0.0029302412636643942, 0.0012158378412191904, 0.001191525861492918, 0.0006689281093137933, 0.0011086632981666925, 0.0006029535785666934, 0.00030196690806146345, 0.0004086926638075142, 3.034070143626587e-07, 4.225020589988843e-07, 2.63256064880607e-07, 0.0004845270500878532, 0.0028938469153089396, 0.001953725072296913, 0.0012694523551371791, 0.0010295789053311065, 0.0007673635754706194, 1.8763025715749887e-07, 0.0002284337673267192, 3.478348738572856e-05, 0.00035720871965095805, 1.0933776766900187e-07, 2.4779012443361654e-07, 0.00493166389852825, 0.002543791333582895, 0.0026152322663476634, 0.0003045962245287393, 0.000258398674598821, 1.8689544768228442e-07, 0.0001831716940292898, 0.0002604938978243507, 0.00018478009614131903, 0.0002153675572309113, 1.332303147789116e-07, 3.757270997359429e-07, 2.5964402198407244e-07, 1.674929929490752e-07, 4.058838934755175e-07, 0.00029982746912192004, 0.00022310474812370666, 0.000969689173321153, 0.0006614165042143286, 0.0002378445891511087, 0.0005622787086088812, 0.0, 0.00030267472315324406, 1.3916827430677682e-05, 3.5208609796690436e-08, 2.7091436123743494e-06, 1.6956017685904212e-07, 9.051782671496536e-09, 7.322989081078126e-08, 1.1165835699469991e-07, 6.734170224306431e-08, 1.559281332802454e-07, 1.373356030793037e-07, 5.5843876016162865e-08, 9.405846438455133e-08, 7.900986678777895e-08, 1.7528033736859737e-07, 1.3963104601923596e-07, 1.107784432489586e-07, 0.00036510733690830273, 4.321971386567525e-08, 5.806036562238569e-05, 0.0007245544028791458, 0.0005378306145556478, 0.0018452430562221525, 0.0007079827789603541, 0.0009530062223309989, 0.0014382458161267494, 0.0006903811948675722, 0.00215993644942364, 0.0008093879375601358, 0.0010599515791440068, 0.0011856365278776085, 0.00108191718800944, 0.001717065476081683, 0.001585800271529957, 0.0018485017782271132, 0.0014050654032729012, 0.0008300970168434995, 0.001441902415213226, 0.0009104177028262749, 0.0019088226997927048, 0.0015809643958674129, 0.0011312972325765434, 0.0014195721714565935, 0.0009075765340623907, 0.0015999046978210744, 0.0017604669175605044, 0.0011752619850097263, 0.0014558107004095447, 0.0011198041862441716, 0.0009529402456701257, 0.0014324539490479468, 