{"P": 750, "strategy": "random_sparse_k", "round_name": "r5", "exact_peak": 1.5091144475576939, "approx_peak": 1.5091144475576939, "median_peak": 1.5146602682208796, "std_peak": 0.0019799316934595826, "n_restarts": 80, "elapsed_s": 330.1273844242096, "simplex_weights": [0.015966980230553932, 0.01299417005484267, 0.013900094668480283, 0.0025305996319895537, 0.008249334381308263, 0.003963591882932468, 0.0042992051717935485, 0.000326512447278017, 0.0038084088024018885, 0.0070817235738478285, 0.009585047088542594, 0.0050697426499478875, 0.006820416665088707, 0.006715134861262842, 0.011472243593675095, 0.005142633866542227, 0.005891082654587128, 0.0027186159545227527, 0.004931362393824585, 0.005637414986265172, 0.00410274367758634, 3.141165433674717e-07, 0.0002602386844024914, 0.0005236314790372074, 2.6156505883627573e-07, 2.7079671992747585e-07, 5.413608858695248e-08, 1.3035666996549704e-07, 1.42215527091431e-08, 0.0, 4.401777046517577e-08, 4.6823890824920405e-08, 1.3009425239214472e-07, 2.1609741503225843e-07, 5.7537035433204124e-08, 5.951621273879078e-06, 4.052029975253803e-07, 2.8718720607590263e-09, 3.7312930534783654e-07, 0.00012403107759173366, 1.3429343974011203e-07, 0.0007250036733449695, 4.8832577563185985e-08, 1.5712643841943375e-07, 4.413191670485443e-08, 1.017743381916084e-07, 8.955198254473013e-08, 3.262664883671534e-07, 4.391552960509794e-08, 2.873488807108117e-07, 0.00025674065473449767, 1.9323194425938552e-07, 0.0003608351396535063, 0.0005773993245605592, 1.825098880217604e-07, 0.0007351788498677283, 0.0008098443665463162, 0.0004115336945341865, 0.0013044251521885113, 0.00017608318312373485, 0.000829667670956244, 9.60924167949905e-08, 0.0001723329348979388, 1.5383518521625179e-06, 0.00048411943120181707, 2.613865551876213e-07, 1.6827651951631443e-08, 1.091614732609746e-05, 0.0008024356553754352, 0.001890063966598704, 0.0005808381170029667, 0.00012220289770092623, 0.0027122341970713237, 0.00014459170578738748, 0.002295114437852789, 0.0011106958217450675, 0.0024964742091192465, 7.773727435954099e-05, 0.0017135466239668745, 0.0013188493155991416, 0.000514461689334422, 0.0016820797138649244, 0.0004711378857743273, 0.0028054368575994013, 3.483531336908852e-05, 0.0016647532942593388, 0.00011533338665898426, 0.0009378152253218699, 0.0012692485845156869, 0.0019458261676415058, 0.0001868712826974365, 1.3040885135914218e-06, 0.0004394535378932213, 8.666199983269715e-08, 9.766129018407513e-08, 1.7993460390813676e-07, 3.9444454580634837e-08, 0.0, 4.4038766624994274e-07, 2.5998406419854708e-05, 0.000173882193473632, 5.08451035842435e-05, 0.0006413939617703025, 0.00017537497953090374, 0.0006144101582748045, 0.0011061191739587721, 0.0003734129652360322, 0.001378335480482665, 0.000908378630596404, 0.0017901645090214221, 0.0006817782278613766, 0.003780933647884959, 0.003151474502759318, 0.00014338390187000751, 0.0012158247871871342, 6.970209359592188e-05, 0.001046917944150412, 0.0005146344544507798, 0.0017512750376702335, 0.0038117625980521224, 0.0031842338075344263, 0.0040793911866792544, 3.3145787104830246e-07, 6.560350509153857e-08, 0.002890817151817446, 0.0021580681412609708, 0.0031433448583118003, 0.0038219243252058705, 0.002376543073084378, 0.0011966276998928386, 0.0019423330618990782, 0.0026616926177108918, 0.0008605802859293768, 0.002391149851562134, 0.005669799655070306, 0.003784120322374605, 0.004932342710694075, 0.002707017010751916, 0.00236941770655032, 0.005278710399557294, 0.003341863426813505, 0.004770973700268069, 0.0014904910316788035, 0.0057656865083952555, 0.005776606148437598, 0.0014485519733943037, 0.005886036444110515, 0.0037401802956584895, 0.0006542205183700136, 0.0011074928614551254, 0.003995618431387132, 0.000357206592343955, 8.734588486564458e-06, 5.620996609044605e-07, 3.5245404337234294e-07, 1.6837743869190987e-07, 4.57701599907756e-08, 1.1731407846669623e-07, 1.001321046897703e-07, 8.461533373708236e-08, 8.728747429645985e-09, 1.0053040627855202e-07, 1.0032111294626689e-07, 7.03330784533704e-08, 2.4266744627816336e-08, 3.4992009294713864e-09, 8.25118000549122e-08, 2.0481476868138324e-07, 1.1943242196567405e-07, 1.2604323088080884e-07, 1.5010177098393572e-07, 2.918390340215186e-07, 2.0124484429307916e-07, 1.5273797487742628e-07, 9.46117881593445e-08, 1.0736747225217096e-07, 6.123219159599652e-08, 4.959346631504147e-08, 9.015843103289726e-08, 8.511230063080062e-08, 1.8696899608438463e-08, 6.952759523260059e-08, 6.875023526458061e-08, 9.70178383857743e-08, 8.649715253029079e-08, 7.531607557232438e-08, 7.427243486790293e-08, 8.841992178232918e-08, 5.4662650869650215e-08, 1.1349119023056997e-07, 9.287705668643158e-08, 6.63547346879804e-08, 5.505359254009198e-08, 1.3751098940899394e-07, 1.5921445063913258e-07, 4.2637023723799544e-08, 2.065395882893093e-08, 6.942184491332087e-08, 7.358251554824216e-08, 1.0692173516529161e-07, 1.3727962133201508e-07, 3.880249123994261e-08, 9.673461356570433e-08, 1.0631540616181642e-07, 8.910723597485506e-08, 6.643102993375903e-09, 1.1328421358800577e-07, 1.0515838712921703e-07, 8.676702298727311e-08, 2.464020567576622e-08, 6.275281639154265e-08, 1.0670696510554541e-07, 1.4214508586143158e-07, 1.5808618722236668e-07, 9.224448163437167e-08, 1.842976522080325e-07, 1.7200985028658844e-07, 1.0843683435245504e-07, 1.0422616551564526e-07, 1.0917352707615516e-07, 4.407127668302342e-08, 5.543583802265236e-08, 1.7904369108773137e-08, 1.5530074353272034e-07, 1.053070510537952e-07, 2.5461074435791125e-08, 0.0, 7.046577172790391e-10, 0.0, 0.0, 2.1029515779779022e-07, 9.315213588018056e-08, 7.638876441271161e-09, 1.1844120772194576e-07, 1.1964392477281187e-07, 2.11924387776774e-08, 1.0292245492644609e-07, 2.1680617042428073e-07, 8.62406870841933e-08, 1.1433430828113389e-07, 1.6745174831132786e-07, 1.7704130754504842e-07, 1.1576651457326211e-07, 5.609987031099332e-08, 1.0556305032300915e-07, 5.2741351127913686e-08, 6.844120576533043e-08, 5.606095961623948e-08, 6.073604384049332e-08, 2.1004430377186387e-07, 1.2879611682955647e-07, 7.877949396056283e-08, 9.609464119265227e-08, 1.8011472648708826e-07, 1.5685634085153546e-07, 1.292518775064855e-07, 3.388854387505758e-08, 4.1934713796064926e-08, 5.742956246710535e-08, 8.193310827311939e-08, 1.8992845870545724e-07, 2.500403222994908e-08, 0.0, 4.6667336289649325e-05, 8.149230884387833e-05, 4.531045433574099e-05, 7.722582162688689e-08, 8.303181675087584e-08, 2.3379524943590178e-07, 1.8854863787211588e-07, 3.547922905206102e-07, 1.1015438873205159e-07, 1.1238023223612589e-07, 2.1207348130347046e-07, 1.564773716839704e-07, 1.1185605182866879e-07, 5.936965584428533e-08, 2.454342804957568e-07, 6.474777322137053e-08, 0.0, 0.0, 0.0, 0.0, 2.563805324931626e-07, 8.920561183214538e-08, 1.2460238988795758e-07, 1.6326818310892587e-07, 1.6535063228402693e-07, 2.4186504106768555e-07, 4.170613224114095e-07, 1.7672698885357207e-07, 1.9754379374835186e-07, 3.2303342908962106e-07, 2.55361654876574e-07, 3.051802557520364e-07, 3.5327776653283443e-07, 8.621775396882422e-08, 0.0014665666236962401, 0.0015931484732724225, 0.0004157692377485222, 0.002238760182416819, 0.002272126874837702, 0.0024259451067126974, 0.0016265988845061382, 0.002406567523421306, 0.0026978034096728364, 0.0019061403511941904, 0.0034626937639103245, 0.002458939430400072, 0.003228197577935688, 0.003932861213227055, 0.0006070348556632446, 0.0011568125454586818, 9.22591444766852e-08, 0.004901913705158202, 0.00695426299944527, 0.008633179036912063, 0.006164301446398292, 0.0030366639724621084, 0.0028689869010341856, 1.1377909677667772e-08, 5.1342510856315166e-08, 6.273543201684442e-08, 9.188385165306873e-08, 6.403534117516372e-08, 1.7339346737622125e-07, 9.739558809405272e-08, 5.298955534059747e-08, 1.8897936398415303e-07, 3.1763861416850654e-07, 1.7225363729759484e-07, 1.666190326084234e-07, 2.439424048237998e-07, 2.9958850382605334e-07, 4.916500382621955e-07, 2.3125065062756754e-07, 1.9577463484869886e-07, 4.5390728510421964e-07, 2.2012534271439724e-07, 7.986776948475038e-08, 3.625839922801283e-07, 1.9382671919801808e-07, 