{"P": 750, "strategy": "warm_perturb", "round_name": "r5", "exact_peak": 1.5064215919001616, "approx_peak": 1.5064215919001616, "median_peak": 1.5070021722340474, "std_peak": 0.003759195326743496, "n_restarts": 200, "elapsed_s": 491.26785683631897, "simplex_weights": [0.004197739057037959, 0.0029985324857052524, 0.002656396389689402, 0.003739297191141706, 0.0029774402821656355, 0.003226704031198954, 0.003096063820999379, 0.003162756362436837, 0.0035693725427657008, 0.0032913560444377088, 0.0027314940811180464, 0.003183676168733745, 0.0023531490624405216, 0.0022072563219994964, 0.00267196025006475, 0.0018507810474587127, 0.002073239958939568, 0.0008784098548573635, 0.00023487140632158786, 0.0009113611363655422, 5.669113292315007e-07, 0.0005451357362809793, 0.0007588110285869025, 0.00011039582461382189, 5.2081210832988856e-05, 0.00016303423363762723, 2.961253906188604e-07, 0.0013446890635616735, 0.0004790344831369262, 0.0013590201304243886, 0.0020324580676686715, 0.0014720615013461345, 0.0021321866235118224, 0.002417905164706756, 0.0022734685037026307, 0.0033527242732565936, 0.003066680478391584, 0.0025285496554513704, 0.0031929356052026207, 0.0022076014658638696, 0.0028048487351284563, 0.002711298959904783, 0.0024381832310589042, 0.0027279208116068277, 0.002138342113537593, 0.001665040602891283, 0.001930308041617526, 0.0017349955917714103, 0.0015736383947639364, 0.001531116194436686, 0.000830428466166771, 0.0007227347574788355, 0.0007412040611879532, 0.00048537149431884997, 0.0011403522623300393, 0.0011286312836049897, 0.0012283374822684955, 0.0015989233452596882, 0.0011453152075704737, 0.0013322008897907818, 0.0014061803753427924, 0.0016519095379112735, 0.001877367150496331, 0.0023915893035667186, 0.002168519109007317, 0.002428932126655662, 0.0020653217692955094, 0.0018618575747623577, 0.0023720096146295842, 0.00221486585077893, 0.0027112558376907367, 0.002284930908711564, 0.0016380988653663733, 0.0019898602295829394, 0.0013867038676618772, 0.0018201388632992426, 0.0018168040480288268, 0.0011105211072262205, 0.0014310106567769721, 0.0008214616756176029, 0.0006183053223454015, 0.0008549333406763486, 0.0007955544468834556, 0.0009416965191574281, 0.001026815850671818, 0.0007046459483323098, 0.0006270050150508947, 0.000924990781116612, 0.0009264330371594224, 0.0016960580680391302, 0.0016709377147929175, 0.0016610690132319332, 0.00200335979068126, 0.0014710567953414042, 0.002089673760128941, 0.0023351649121306104, 0.002527623918330773, 0.0030318867969568427, 0.0024930839210170965, 0.00256216207130459, 0.002672655394829298, 0.00237322431418894, 0.0028664713295101572, 0.0027269817722040367, 0.0024078293165680463, 0.0023191789721349896, 0.0018396252614444478, 0.0015997380193486788, 0.001796782374191068, 0.0014233800955968578, 0.0017061058779890693, 0.0015417413762444155, 0.0008714324622835397, 0.0011263225617675994, 0.0007440328225573456, 0.0010421555812117824, 0.0012239484208775644, 0.0011679071486606664, 0.0015102468027871623, 0.0013859193804288436, 0.0014237537964460745, 0.0013872484270360441, 0.0019737406199310296, 0.002137812363281441, 0.0027078409526313596, 0.0027096840173242696, 0.0022559614627423825, 0.0028073665060482935, 0.002441583998843004, 0.0029141421302120883, 0.0034620570512271637, 0.0027120531323472055, 0.0031924249777649035, 0.0025746899800146283, 0.0024794968725914295, 0.002527232829280578, 0.002387126247800222, 0.002548227171928169, 0.002515492286329358, 0.002009745850159354, 0.0019023848691774375, 0.0017087903755180324, 0.0016325728796485956, 0.0020488194790944775, 0.0017367434629350312, 0.0022994238096417908, 0.0020643781059919205, 0.0016682251286817555, 0.001963224947879597, 0.002239173964764279, 0.0024814435790552897, 0.003425623060040078, 0.0027596527883813797, 0.0029999149867351795, 0.0032745183835706133, 0.0029861530929884777, 0.0034497634685130554, 0.003617158707268056, 0.003944744564801099, 0.003956597495100962, 0.003283315253184035, 0.0028889858896030216, 0.0031986106780817064, 0.002992875185630558, 0.003632452996529631, 0.003044127386840814, 0.0026253728550815563, 0.0025568157220201312, 0.001625883081845576, 0.0018457794864265831, 0.0021326153376864383, 0.0015964771383770921, 0.0021743478221608785, 0.0011250907491197944, 0.0007833123783510836, 0.0008994885510637587, 0.0008253704236854206, 0.0012545069327209446, 0.0018385953778790236, 0.0018531984091951642, 0.0013920747858330786, 0.002208669617656417, 0.0013920561062465574, 0.002493209173106717, 0.0029699885032226587, 0.0033048032326153786, 0.0036735397352703897, 0.003022932856634738, 0.003159712202378238, 0.0035663771505159304, 0.0038321254341933905, 0.004169796270004292, 0.004101361700546923, 0.0037956538264136844, 0.0036300067721565044, 0.0028922546796466926, 0.0027652614881022736, 0.003137937481238687, 0.0029833103807892954, 0.0031495990469367573, 0.003073579030517259, 5.900396361941705e-07, 2.97344915881946e-07, 0.0004352885205442052, 0.00037963516327222085, 0.002401319565051265, 9.896644517377563e-09, 2.816828719211818e-07, 2.013682413546703e-07, 1.0917694485292121e-07, 2.9707805254279913e-07, 0.0014671434923109112, 0.001069229212300505, 0.0006857504010910515, 0.00041349598510595915, 0.0011644557005841825, 0.0009376484686686978, 0.002063003899857308, 0.0012942425377621026, 0.0009665313650756253, 0.001450889157697212, 0.0011837816977611961, 0.0019104055479514193, 0.002122335297740562, 0.0012968054956467936, 0.0008039877593577139, 0.0007642376569382144, 0.0013395400253172905, 0.002535271858228963, 0.003449544429164266, 0.0033375338183974246, 0.0014328655865221594, 0.0025441718643699324, 0.00333284105718225, 0.003549041501266037, 0.00373411286263488, 0.004916559077487989, 0.0038865310985561137, 0.005264656711312206, 0.0049879388288349, 9.61051207780373e-05, 0.0024338519207480563, 0.005656730390600659, 0.0041003720335540525, 0.001233059624144916, 0.0029242023686782688, 0.0012380839331493398, 0.0011986801397297785, 0.0006640478321093724, 0.0011254743139054813, 0.000614788999644516, 0.0003116888360548721, 0.0004160437640071497, 3.9430687958059185e-07, 3.208396711523058e-07, 3.238732496775406e-07, 0.00047410130921993735, 0.0029091123782845315, 0.0019501638137509624, 0.0012742116933054893, 0.0010392739858757231, 0.0007769973387552689, 2.6403511896216516e-07, 0.0002363015214817952, 3.934926625495739e-05, 0.0003253804824074161, 7.439443673244162e-08, 1.3290037115569149e-07, 0.004936858358542678, 0.002536182211553933, 0.002616653233902254, 0.0003179093122175503, 0.00024810023268478145, 4.2689329374461154e-07, 0.0001915196384220139, 0.000249416008623613, 0.000199411795932127, 0.00019332957096715407, 3.967163689661945e-07, 1.364423777992415e-05, 2.933147417974173e-07, 1.3264977273015657e-07, 1.7852507359000188e-07, 0.0002902023355837269, 0.000229557379107816, 0.0009656011775140078, 0.0006670851299457895, 0.00023907883995316355, 0.00055681889050502, 2.625034291849617e-07, 0.00029666246713035073, 2.1471817304467843e-05, 3.345568560305483e-07, 1.6491637322761614e-05, 1.7660378467344513e-07, 1.7328046831631967e-07, 1.9440234336579422e-07, 2.760692892997456e-07, 1.4503754832526661e-07, 2.393218046694081e-07, 2.9216522967712407e-07, 5.09285265442272e-08, 1.2218299960017454e-07, 1.189607973369408e-07, 3.229010983221153e-07, 5.249222666166464e-07, 2.567381994758662e-07, 0.00037000518950055687, 2.7207293885427226e-07, 6.995857846516142e-05, 0.0006881543800308445, 0.0005565626199924301, 0.0018578235140685436, 0.0006973051228623301, 0.0009574077479176301, 0.001403681009530197, 0.0007103094352126349, 0.0021174183014353544, 0.0008609798505550431, 0.001035032836589065, 0.0012200367746815351, 0.0010724504558547751, 0.001718627425394639, 0.001598711403075776, 0.001829045418396766, 0.001403864329389552, 0.0008462378023720086, 0.001429960412857656, 0.0009372593566082219, 0.0018765083126125789, 0.0015824354076132189, 0.0011238430261351264, 0.0014181224949529254, 0.0009146764729261049, 0.0015955297636966366, 0.0017577370742817857, 0.0011915147643986098, 0.0014476228499628182, 0.0011454152370820425, 