{"P": 750, "strategy": "boundary_heavy", "round_name": "r5", "exact_peak": 1.5088249944047745, "approx_peak": 1.5088249944047745, "median_peak": 1.5146836906320313, "std_peak": 0.0018700999430861299, "n_restarts": 80, "elapsed_s": 318.8223121166229, "simplex_weights": [0.01937088777579629, 0.008717282368000172, 0.01139031152854862, 0.0031723234776278174, 0.010160850395355142, 0.009015123111455319, 0.009130802305474686, 0.010349747227880771, 0.007079832697890074, 0.001585634658305943, 0.01012194247348074, 0.00936849567276464, 0.0029159740185277913, 1.973833097674934e-07, 0.00032268572075943084, 0.0070556123020335745, 4.878853991276306e-05, 0.002673751347260061, 0.0013110170683571629, 0.0024488477779674627, 0.0040423448858952216, 5.382718550507432e-08, 1.2670975572966548e-07, 0.0001677588391590556, 0.0013095553111260908, 0.00901440595420891, 0.0037820433163509143, 0.006404176071347261, 1.8565273692165882e-07, 1.9181971752971335e-07, 1.6877503649796887e-07, 3.1093205848242756e-07, 1.665897963967216e-07, 1.4383747138831244e-07, 8.89953263177252e-08, 1.105966139721836e-07, 0.0003613530092945862, 0.0009857306294873156, 0.00680933830915047, 2.125451226790347e-05, 0.0025597950428469054, 0.00010162973876644479, 0.0004679105553249385, 3.589801796453578e-07, 0.00013876930142024286, 0.0003149751775385553, 1.981242340702018e-07, 0.0004648353176810404, 0.002396370880789486, 0.0001242788621998867, 4.6354765701681344e-05, 0.003328097652802548, 0.0010383542259814014, 4.794538037976426e-07, 0.0017088535761814235, 5.6758614700192184e-05, 0.000435570123645363, 3.859472764924924e-07, 4.0458594952459966e-07, 0.0002036384912899381, 3.885989130647681e-07, 7.506421745906906e-08, 3.297630357077232e-07, 1.1679937799311481e-07, 7.086127962240106e-08, 2.0738075547593202e-07, 9.68568581635737e-08, 1.2101192550537717e-07, 1.2234747707965044e-07, 5.901767477710998e-08, 1.5127951116476032e-08, 4.00997580124435e-08, 4.1455619972958886e-08, 5.407022159142029e-08, 1.0594285893797261e-07, 1.6815914005123792e-07, 1.1707874849128639e-07, 3.779903061115729e-08, 1.852985206737212e-07, 2.6695275968669373e-07, 3.300617726832491e-08, 1.3630073586608377e-07, 1.0724342502319552e-07, 0.0, 1.037671432519719e-07, 8.758331549824874e-08, 1.9157702919089467e-08, 6.8274271458982e-08, 9.430258235953851e-08, 6.573171941977246e-08, 5.5019755843597445e-08, 5.683527046964905e-08, 1.6894871271761195e-07, 1.5554603588618107e-07, 1.1504974328000443e-07, 9.20265394521818e-09, 1.3862452901790964e-07, 1.1334920537584893e-07, 2.090393784441745e-08, 9.565098329817694e-08, 1.0785384982206108e-07, 2.301304529816066e-08, 2.863770562270532e-08, 3.64151119857588e-08, 2.2568905475184446e-08, 1.941325848475407e-07, 1.2438866282461398e-07, 1.5140061116330577e-08, 3.6607226721709265e-07, 1.0595363500586186e-07, 2.9546954490937237e-08, 1.0379427131036488e-07, 6.619104606322411e-08, 2.8732656132688286e-08, 3.133995104222243e-07, 1.2984417945895823e-08, 1.1606044886017459e-08, 1.1866691218240496e-07, 6.769380385235397e-08, 0.0, 1.0729814683915739e-07, 2.3316245146266766e-07, 6.467742683754732e-08, 1.669988476275441e-07, 8.851446115689132e-08, 2.7429913083197975e-08, 0.00016561873498754993, 0.0008358902225487145, 0.0002420135234461297, 0.0009429601176113384, 0.0006065805467522246, 0.00038731046138591177, 5.777168598816162e-05, 0.00014254122103620503, 0.002190432543998458, 0.001610325183355786, 0.0025725157897737083, 0.0009202560214250529, 0.0003654987849317228, 0.00013125724526281794, 0.00015907107146375247, 0.0014874928290467926, 1.2109754294449642e-07, 0.0001408230503061958, 3.352430134959086e-07, 1.1286549388677597e-07, 2.099006444554158e-08, 2.6012994392958206e-08, 2.248420201518981e-09, 0.0, 1.3447440109324625e-07, 1.5012785290079654e-07, 2.0256188777481243e-07, 1.2219139891854566e-07, 7.146611886039112e-08, 3.219830904896625e-08, 1.6055297692063687e-07, 1.742042049002514e-07, 7.569832719324157e-05, 2.627044337856097e-07, 3.695589535886156e-08, 3.521290563420246e-08, 9.612183261245133e-08, 3.5269485312983374e-08, 0.0, 1.3448368138573196e-07, 9.450938327067191e-08, 1.4456283179409748e-07, 1.2653506356191012e-07, 7.838587714318043e-08, 4.943825160962912e-08, 1.6814240051975016e-07, 1.1303154814372461e-07, 5.38995454421681e-08, 6.316385528474437e-08, 9.290023799891835e-08, 3.2966838896309454e-08, 1.5638296139439506e-08, 0.0, 5.796741701053299e-08, 0.0, 3.017673597196183e-08, 0.0, 3.4602289854370076e-08, 5.0886522224733145e-08, 0.0, 9.608168058146548e-08, 1.0075392245804664e-07, 1.322781094401449e-07, 1.1882712786801777e-07, 1.1654187788688518e-07, 0.0, 5.0978172050674676e-08, 1.1382929725114631e-07, 0.00024508894164835415, 1.1670839602010519e-05, 0.0011518456950904493, 0.0002111511922733948, 0.00034588181483463475, 0.0002046978216162497, 0.0024885682134343527, 0.0017288069380406407, 0.0027777788060115616, 0.0037822125652270957, 0.00383140148343191, 0.003037808390343397, 0.002066758104026982, 0.002869573971506393, 0.003400288826630866, 0.002414278758246286, 0.004899953466718654, 0.003019445473122239, 0.0022373485195208874, 0.0029621680413832335, 0.0038710494957924645, 0.0029484401634374763, 0.0006661007894465928, 0.003253919563876065, 0.0020734978710397656, 0.0031911329959260822, 0.002815495643085316, 0.0032218037442575003, 9.960226616330082e-05, 1.341532067096829e-07, 1.3079891518128942e-07, 0.0001293555409404715, 2.6892243607090736e-06, 3.554173784479466e-07, 0.0017604867882840632, 9.460062009580578e-05, 0.0016931762867316335, 3.5215266199515863e-07, 2.0309646372693828e-07, 4.711354082234987e-08, 2.585793793847869e-08, 2.4768996145640807e-07, 0.0007186413569762402, 0.0018511254961777926, 0.0004724248439478888, 0.0003306522139005747, 0.0006001941137617604, 0.0002941405123816593, 0.00030896749818699204, 0.0008016707022018816, 1.8439678932637882e-07, 3.368903339393518e-07, 0.0016621356350590372, 0.0014329701704177671, 7.747395285455122e-06, 3.1864796328611856e-05, 2.2011460163394994e-07, 0.00012740295398066441, 2.8773510290642634e-07, 0.00014117717853283994, 2.63764689918956e-05, 0.0009092546271516149, 0.00025580453638373885, 2.486986657185146e-07, 2.8949210119337146e-07, 3.985401570358498e-07, 2.093301589750196e-07, 1.5076238666277113e-07, 2.1715376051035095e-07, 4.0145734941188056e-05, 1.865280777983938e-07, 7.120599789792142e-05, 4.2580273105578206e-07, 0.00037681367956498364, 1.6724435755450347e-05, 0.00035011130866054825, 0.00020162888368770117, 0.00011664055152585916, 0.0007047178896710664, 0.0011736072266717464, 0.00178843456369475, 0.0014135355003715446, 0.0014842588375671988, 0.0028212244677441167, 0.0013639814178894752, 0.0012165560806541818, 0.0036294718069884873, 0.0036501540693013347, 0.0021358028914409085, 0.0038413022947687, 0.002261820336831381, 0.003174520403696379, 0.0032328162068598534, 0.004490416557857514, 0.00046525716196621654, 0.0006526260105934662, 0.0002320420866193456, 0.001482463243535719, 0.0003848138515324259, 2.322260437879155e-07, 4.778022044431616e-07, 0.000352318352913652, 0.002497774910363451, 0.003684797556513797, 0.0012420351435753435, 0.0013823244216750999, 0.002578410574772618, 0.002416513421604924, 0.003491189610955356, 0.0018280564771933786, 0.0012343395629554395, 0.0004653809439282388, 0.002018030307657051, 0.002229622371724057, 0.0015119169261573874, 0.002650544809082817, 0.002374998679830112, 0.001152764701321595, 0.0015826842287595018, 0.00011768767813732952, 0.002037547298306752, 0.0005750684595606635, 0.0010206475185144366, 0.0012083387261599366, 0.0020892646852806508, 0.00035878825707937246, 0.0014962521135209132, 0.0034968467632597194, 0.0027994209980447206, 0.0020659344865343265, 0.0019676525689415626, 0.002025921210148549, 0.0014295196401376898, 0.004267174463436328, 0.0018707544922087554, 0.0032550394597216457, 2.79668837767221e-07, 0.002310100047289841, 0.003250015903872995, 0.004115795838129504, 0.004720812458129629, 0.004389851041014514, 0.0035557747831573925, 0.002800437185489392, 0.003735333428212545, 0.0023778040720736945, 0.0037202103919794123, 0.003966985678325915, 