{"P": 750, "strategy": "triangle", "round_name": "r5", "exact_peak": 1.508545277589921, "approx_peak": 1.508545277589921, "median_peak": 1.5147390367586162, "std_peak": 0.0028280050935816014, "n_restarts": 80, "elapsed_s": 349.8012821674347, "simplex_weights": [0.010573065069434237, 0.008155528515046898, 0.008923046869387961, 0.010665624198362634, 0.006988975807039575, 0.007285454671700604, 0.007260559961375339, 0.00762461506487632, 0.007282211357393567, 0.007675314173771452, 0.006553067814565154, 0.007098864750267675, 0.006534952510224701, 0.0062888934885734155, 0.005041158432773868, 0.008375353656817004, 0.006976518887344459, 0.006476920891932865, 1.2627060669043602e-05, 2.028577195963855e-07, 0.00034836574800301863, 5.844203560311735e-05, 0.004582231413888707, 0.0040428490837187275, 0.004989379631451036, 0.0059565769503980666, 0.0043993684531834, 0.004306099851796435, 0.006977731981263089, 2.2213821260535613e-07, 0.0005080248929795936, 0.0030197002987563545, 2.4297104071755716e-07, 3.8448619675552694e-05, 1.6498407770012096e-07, 2.8249514663589364e-07, 1.2874855047607904e-07, 1.9249809860380697e-08, 9.986879623489132e-08, 1.3696317579520335e-07, 2.0142651423664058e-07, 7.118622036297886e-08, 2.2640930672685472e-07, 2.501967298195641e-07, 6.284423921482571e-08, 5.4330412013071594e-08, 1.864581964321935e-07, 7.017139934564953e-08, 2.229680455251686e-09, 5.963433650211413e-08, 9.488119500849792e-08, 1.204207870436246e-07, 6.120642514443142e-08, 1.6905191554138764e-08, 4.650000580171497e-08, 2.014601858288584e-08, 9.939149335703202e-08, 3.050045754758638e-08, 2.5544093082396467e-08, 7.283655472547943e-08, 1.5859687892795067e-07, 1.7399045553839642e-07, 1.7347763081043025e-08, 1.1477393813731286e-07, 8.488863907572348e-08, 4.437400735400236e-08, 0.0, 1.2838286765991232e-07, 9.466026457910365e-08, 9.319715587841072e-08, 3.891194915075058e-08, 9.99276029651709e-09, 3.6479006386848385e-08, 1.7788040135734733e-08, 5.081180959566576e-08, 0.0, 6.400576614467928e-08, 8.170739374152697e-08, 1.2540685630008741e-08, 1.9865931453421524e-07, 6.275410581850505e-08, 2.0186946155161652e-07, 2.9227364697566418e-08, 4.4122303820940915e-08, 0.0, 1.3670207822332867e-07, 1.1321176016942541e-07, 3.194175402004651e-08, 7.730174180856681e-09, 2.348868691448408e-08, 1.8233038059216048e-08, 0.0, 0.0, 1.8931317990875815e-09, 7.181095529660998e-08, 8.913930273578409e-08, 3.6671775409280414e-08, 1.8348182631032863e-07, 8.504143265254155e-05, 8.068946401510589e-06, 1.0949822191111284e-08, 0.00026284017140667555, 3.184691911292097e-08, 1.1351718425402799e-07, 1.446976883616165e-07, 1.5630967591423605e-08, 4.8608909613859795e-09, 1.3378460122050037e-07, 1.6086447041150643e-07, 5.030471188141853e-08, 1.719253254022112e-09, 7.52229756734804e-08, 1.3708098691783668e-07, 3.377415210194094e-08, 7.50656606388102e-08, 1.4409005985627976e-07, 1.9132935822096195e-07, 2.2967052428583303e-07, 3.313901685160741e-08, 1.2824319160246334e-08, 1.4703307643805442e-07, 1.6305797567860322e-07, 1.9839518091603925e-07, 1.3870179125622065e-08, 2.470895188321606e-07, 0.0005102436977761542, 0.0006117917889656223, 1.969498404248284e-05, 3.7369707803179016e-07, 0.0002885125941271693, 0.00037509918528791353, 6.481500819730392e-06, 0.0001737710985739726, 5.2506442120513647e-08, 6.166668726694264e-08, 1.2329833395257877e-07, 2.3670821353329465e-07, 3.303569009279746e-08, 1.7357509634497326e-05, 1.0177421628668342e-07, 3.1616406593555914e-07, 2.2891334251229633e-07, 1.393716327948788e-07, 0.00029953563706131854, 3.2052992704161655e-07, 0.0005619423688681428, 0.0005242031455977492, 7.640885813426356e-08, 1.5591511022436573e-05, 1.0675299832915229e-07, 7.02676970145459e-08, 1.8916445479292005e-07, 8.479181773141338e-08, 9.154581885173035e-08, 3.891987203666808e-07, 1.9328030078629647e-07, 0.000352892865574661, 1.9953069876528691e-07, 1.5114321386297728e-07, 3.245666452654173e-07, 1.2941390880906682e-07, 1.745528741963766e-07, 0.0002382211392398963, 0.000827334114472117, 4.442255620360522e-07, 0.0009953524425229871, 0.0015780308757924084, 0.0006488457114124098, 0.001608928359946316, 0.0019438362174632247, 0.00021685662390306853, 0.0001490265428783103, 0.0005362989555227621, 3.3906158819846523e-07, 7.032185007300317e-06, 0.00022261268186183144, 2.0781738334383156e-07, 2.658012356861493e-07, 0.000554769086473246, 1.731576118326218e-07, 0.00010595636781692125, 0.001185810375616308, 0.0005360330697276978, 4.9189086870322845e-05, 1.2656944979528647e-07, 0.00047310296576246017, 8.846028236105766e-05, 0.0015326256172546948, 0.0019147274113080876, 0.001199948223600493, 0.0024751677953812096, 0.0017940918270190097, 0.0008838502462378972, 0.0018386289297670408, 0.0013135342662807445, 0.0008983343807937433, 0.0014328805334368712, 0.0015118217585056671, 0.00021822836867970693, 0.0006278199564388685, 0.0008020345022118233, 2.8033130392694134e-05, 7.691829710053287e-05, 0.000209432838050064, 0.00031196706399478095, 0.0016431202638853466, 0.0011144855062432233, 0.001658273838207823, 0.002186451644509864, 0.0014828993993410023, 0.002575064131777002, 0.00224521240423587, 0.0022285267436416194, 0.0027115461590600243, 0.0023748287885191777, 0.0019645727923535785, 0.0008598146509376563, 0.0013054527165375035, 0.0006942547556417254, 0.0004301573056489749, 1.5080442561638853e-07, 2.8997544392942823e-07, 1.845410252483648e-07, 1.2310337446889403e-07, 1.394032115419951e-07, 1.8185827340820482e-07, 8.887973202255434e-08, 1.0936799399589566e-07, 2.757117432424742e-07, 3.191853706663562e-07, 0.0014891758106631505, 0.0017751786840333168, 0.0013916158687155877, 0.0013973756056536496, 0.0023949001285851063, 0.0019143626083790635, 0.003010989704064862, 0.003062227722568779, 0.0027066762849611015, 0.0022516870433211228, 0.0015899721985486572, 0.001969990457605328, 0.0005477392500072465, 0.0019616337104148675, 0.0003140531433674161, 2.7523425466655795e-07, 2.6650921956463427e-05, 1.7843066984632322e-07, 2.8192055370115155e-07, 3.946131390341054e-07, 1.4280377285678416e-07, 2.177436735777813e-07, 0.00042605579560669625, 0.0001729285397289612, 2.9537126583898064e-07, 0.0019317244300567622, 0.0010163405426095833, 0.000594179323408514, 0.0023160191954188954, 0.0015642768858496249, 0.00028111391146617884, 0.0025832136783239972, 0.002131928195660172, 0.0015490130099172438, 0.0029626028359571684, 0.002297074262341216, 0.00035352078812533557, 0.0010012212681459974, 0.0006111524756735447, 0.0005512114358575646, 0.0016711106681878197, 0.0008509906456334317, 0.00031163066009366286, 4.458974490262282e-07, 0.0012045580646764648, 0.00079091323274177, 0.0003319405720786103, 0.0011195396853493835, 0.0013842011022625633, 0.0011960419192312737, 0.00030028726327947954, 0.0002939706790947711, 2.518650103620773e-07, 1.4921766119389068e-07, 2.0205280873121698e-07, 0.000381143213397144, 0.0014958571835508696, 0.0010561260340830006, 2.6677957564229545e-07, 0.00025900707559499615, 1.8794033332823254e-05, 2.91532899700463e-05, 0.0009211219340303131, 0.001025904194800089, 0.001724178828134448, 0.0011066944026472993, 0.0012792627792074965, 0.0012425551992682508, 0.0010918260748797206, 0.0012499074444752428, 0.0016895620906674175, 0.0019813197839212105, 0.0027631290705420453, 0.002268639509115311, 0.0030005659504638996, 0.002124508835836248, 0.0021171731810343784, 0.0028554665007479857, 0.0016993858301443644, 0.003000523951841883, 0.0033713564623631055, 0.004056210721222151, 0.0044542333589186215, 0.00408397769282656, 0.005486368583571436, 0.005647188170275721, 0.004389202383917091, 0.003424082848961116, 0.002810014590274175, 0.0029295525044716743, 0.0025429320991273265, 0.0024258598751395115, 0.002373952228302608, 0.0025993924863842344, 0.0017143889856697885, 0.001949684540005834, 0.0014687910233196922, 0.001498489060115519, 0.0033876941528149266, 0.0029547875598396425, 0.001746662507299696, 0.0038210940766500393, 0.0019175409228702727, 0.0012485084889010734, 0.0028027894360078244, 0.00246618707620784, 0.0021658501079759055, 0.00232998884885822, 0.00151387892061476, 