{"P": 750, "strategy": "cross_pollination", "round_name": "r9", "exact_peak": 1.5076424952890584, "approx_peak": 1.5076424952890584, "n_blend": 100, "elapsed_s": 387.61963415145874, "simplex_weights": [0.008477512921484682, 0.0038942653648203467, 0.0017952178467098851, 8.002635796093065e-07, 0.000495457663673215, 0.001259573607108676, 0.0009473065756590812, 0.0044496416262001974, 0.0015840981574113866, 0.0007652893991924052, 0.0010840985213466158, 2.8873754684601023e-07, 2.1903620889093693e-07, 1.3989664122856916e-07, 0.0014561387298472875, 0.00575521175113649, 0.0019254839129299425, 0.001278588716911322, 0.0007362943390079182, 0.0021713663951520123, 0.0024711807978465452, 0.0016483160841634637, 0.003293900837556406, 1.230856316752497e-07, 1.8264826706388711e-07, 0.0022564598297874624, 0.002353862587827612, 0.0007566570636348809, 0.0001775603895513126, 3.82059699907276e-07, 0.0005172840040984617, 0.0002345842882906394, 0.0018688558828124644, 0.003434884044447958, 0.003212267291838128, 0.0028354378923621235, 0.0004970237547854448, 0.001373497770304053, 0.0005657445757311878, 0.00144782067985249, 0.004645878647255511, 0.003183783343085069, 0.00036338548188557477, 0.0002392040008779282, 0.0003855063535148936, 2.5881509020135478e-05, 0.00036223617504935716, 0.001737429112280459, 0.002641129099823843, 0.001214177309309091, 0.0025330884804402962, 0.000493164309703734, 0.002305733914468569, 0.0019454184927152791, 0.0019346154696242253, 0.003382325200287036, 0.0009691087157033957, 0.0006784141787262336, 0.002038531091008388, 0.0030414296386899096, 0.0015956380331127445, 1.8952745954805395e-07, 1.84160593621111e-07, 1.9414384460759493e-07, 6.597322637230182e-06, 0.0032769905452849427, 0.002300551421746111, 0.0025557862236893973, 0.0014632547420326916, 0.0017498575086152914, 0.0017219724321774074, 0.0009317150206634581, 0.0023656020490597676, 0.0035047373816831035, 0.003752225148672487, 0.002188646583365284, 0.0005172594589661189, 0.0008617053706049881, 0.0008119817113762404, 0.0009416814462225544, 0.003613431355812592, 0.0014262166493878025, 0.0008142124380442339, 0.0008288643348133401, 0.0025207942270165035, 0.001960714660921299, 0.0019205964619270026, 0.0018530930908265692, 0.001999033173296518, 0.0017091003623294523, 0.002506714849269489, 0.0023108526695595935, 0.0030904980956646157, 0.00224272863822081, 0.0012200566176393008, 0.0011435234169097, 0.000891554720297823, 0.00038479649339120655, 0.0028652411684655737, 0.003162346379851937, 0.0028869323133735845, 0.001030527721136901, 0.0013245684943409453, 0.0004660792301886624, 0.0015342075622876306, 0.00370846638981473, 0.0033556714166026688, 0.002754207749343882, 0.0021934395590237367, 0.000874824813082285, 0.0021329036294252925, 0.0013398876540406137, 0.0013791532188798972, 0.002030050281914948, 0.0018470917745793793, 0.0012584325403874415, 0.0013537834493229206, 0.0021726185480896074, 0.0015294688176116652, 0.0013901724653116434, 0.001963005379218184, 0.0013110162025189317, 0.0014555221441263952, 0.0025107645651464222, 0.0029580172023454853, 0.0031956729207063737, 0.0013951801748994495, 0.0013800528860235574, 0.0011653357780817182, 0.0006388488954974888, 0.0011788126827412596, 0.0010183191730991916, 0.00241751674669582, 0.0014848654965200346, 0.0010089879960502163, 0.00022664996030069532, 0.00024350168089417684, 0.0006016139486145114, 0.002456236357065226, 0.003342596744313005, 0.002123731309797007, 0.0013456232111380688, 0.0016661468997733809, 0.002031518606457407, 0.001475160961052011, 0.0023073556694922356, 0.0018478626459188833, 0.0019814738453871857, 0.0016745105436337922, 0.0021311679172505383, 0.0020579892864047407, 0.002091423842074719, 0.0013303429539961175, 0.002225526785843681, 0.002205306039900702, 0.0020252775449657937, 0.0026494222511210326, 0.003150755207728703, 0.003583369328698112, 0.002071760668201999, 0.0026690601848074593, 0.0017694332352200454, 0.0019431459707767666, 0.0029616323071917656, 0.002567392378666556, 0.0028378829376615312, 0.0018257020799875153, 0.002211229390193349, 0.0014824445561411534, 0.0010461174685717455, 0.0016722608533906243, 0.0023456104268403813, 0.0036012370657772944, 0.003291673767338083, 0.0018551556007016987, 0.0023566496186181347, 0.0025964119002609893, 0.0031612227471691954, 0.003345020599574243, 0.002455258563984457, 0.0023612559472656427, 0.0009177983941190582, 0.0041648490111773255, 0.002584672467554197, 0.002388686202005055, 0.0017078662899748524, 0.0013750345444363515, 0.002604433199038491, 0.002668285571562502, 0.0032023879779108128, 0.0023526727095596433, 0.0027271701866954795, 0.00298654292478502, 0.0031707251152342966, 0.0023293689789666214, 0.0013961693660179471, 0.0030008721878523503, 0.004821512658564494, 0.0026570497410958634, 0.0018561675889631271, 0.0006136338368939897, 4.028565229767766e-07, 3.2619467134046615e-07, 0.001566551297332316, 0.001024316929228492, 0.0013815052585169788, 0.0020437746463282357, 0.0016026257762101817, 0.0015168364577464195, 0.0010275627639867403, 0.0017651579482317794, 0.0009118165203336975, 0.00177444936423254, 0.0015349578156559096, 0.000922767060248771, 0.0005157529253141641, 0.0014402745891986452, 0.0016649007093087753, 0.0014056885916310215, 0.0023484488526547436, 0.002495306092336867, 0.002489948589058052, 0.0012049033108850716, 0.0008824835975450738, 0.002041465349327859, 0.0017479035929974613, 0.0028492401345556616, 0.001954826509133055, 0.002273135598149996, 0.001989989591143402, 0.0015975291635856117, 0.002160662465056861, 0.0020589063734511963, 0.002064809340501813, 0.002349270823697361, 0.002250976266948942, 0.002602077342821583, 0.0016847380162090199, 0.00142649265459556, 0.0022348590688947385, 0.002287457788486791, 0.0028765326492174092, 0.0021464018440624584, 0.0021143959853892128, 0.0016211694003353439, 0.0019725193630160225, 0.0023518530048828165, 0.002411036518966538, 0.0025455125874603896, 0.002087076220734576, 0.002265416047325127, 0.0025351518289524057, 0.00255578686826189, 0.0028094996484115094, 0.002707789054609412, 0.0021167354361898622, 0.0018429459179783365, 0.002488195118904058, 0.002933453252253038, 0.0029568414589920566, 0.0032383239249816633, 0.0031523243273468547, 0.0025291662280168903, 0.0026108957564941805, 0.0029865282872937266, 0.0029681489045699934, 0.002817891441970337, 0.00322426363462051, 0.00271911140401705, 0.002968877251002072, 0.0021968392435688672, 0.0011262689403997918, 0.0018373638638650922, 0.0024969722340066522, 0.0025747764083437047, 0.0024586829133358126, 0.0011722700347420341, 0.0006415727579890722, 0.0012959432826760943, 0.0008777283750230752, 8.3854895792314e-06, 4.2442356470836544e-05, 4.674396654823804e-05, 0.00023041709599152317, 0.0011329306557513962, 0.0013579473153067555, 0.001370259436715464, 0.0010219644822690606, 0.0010002555975030557, 0.0006571224080976031, 0.0013683817670368781, 0.001983311120673789, 0.0014091980075876395, 0.0010568415680850423, 0.0008486551449394013, 0.0005436431019397154, 0.0009464878340648524, 0.0009344032514327273, 0.0004167324500191412, 0.00019923141623933867, 0.00021701972031807246, 4.5155708107562885e-05, 0.0011635237949083053, 0.0010244299352760045, 0.000566006139126693, 0.000489710629257595, 0.0003426999937868384, 0.00022834925009567776, 0.0011882137729509075, 0.0011601378039561906, 0.00025639143123865955, 0.0008213113064379489, 0.0003799942156220357, 0.0009065760623521823, 0.0012967085157895735, 0.001109522931119725, 3.2127332148770936e-05, 0.0008459341882953149, 0.0003576046718626252, 0.0006314767118772192, 0.0007738863919405954, 0.0003499661213352688, 0.000708861184059744, 0.0008777101675186674, 0.00016510043698286656, 0.00027197487603754873, 0.00022642490052498902, 0.00021835373230011238, 0.0005013803537121957, 0.0005267975486852472, 1.8040379300463014e-07, 9.072709446815204e-05, 0.00022315809880711382, 1.8603142001922182e-07, 2.1131040067950574e-06, 6.303416924879863e-05, 1.808512899469766e-05, 0.00012186560898894308, 3.736941109950798e-05, 1.4003398651996396e-07, 1.1259213607844071e-07, 6.645966929851799e-08, 