{
  "K": 32,
  "n_calibration": 1,
  "calibration_results": [
    {
      "K": 32,
      "wall_s": 87.37001895904541,
      "cache_build_s": 0.11992239952087402,
      "verdict": "feas",
      "lambda_star": -1.982258403062106e-08,
      "status": "solsta.optimal",
      "peak_rss_kb": 42403828,
      "peak_rss_gb": 40.44,
      "threads": 16,
      "error": null,
      "hash": "69700699b76079a3",
      "lp_val": 0.9999999999999998,
      "src": "split(57e58f27bf036d88)",
      "lo_int": [
        0,
        0,
        0,
        0,
        0,
        0,
        0,
        0,
        0,
        0,
        0,
        0,
        0,
        0,
        0,
        0,
        0,
        0,
        0,
        0,
        0,
        0
      ],
      "hi_int": [
        576460752303423488,
        576460752303423488,
        576460752303423488,
        576460752303423488,
        576460752303423488,
        576460752303423488,
        576460752303423488,
        576460752303423488,
        576460752303423488,
        576460752303423488,
        576460752303423488,
        576460752303423488,
        576460752303423488,
        576460752303423488,
        576460752303423488,
        576460752303423488,
        288230376151711744,
        288230376151711744,
        288230376151711744,
        288230376151711744,
        288230376151711744,
        288230376151711744
      ],
      "depth": 27,
      "volume": 3.725290298461914e-09,
      "iters_survived": 3
    }
  ],
  "max_rss_gb_calib": 40.44,
  "avg_calib_wall_s": 87.37001895904541,
  "available_ram_gb": 749.7441673278809,
  "usable_ram_gb": 562.3081254959106,
  "rss_with_safety_gb": 52.571999999999996,
  "n_parallel_by_ram": 10,
  "n_parallel_by_cores": 48,
  "n_parallel_chosen": 10,
  "threads_per_proc": 19,
  "headroom_frac": 0.25,
  "rss_safety_factor": 1.3,
  "min_threads_per_proc": 4,
  "max_threads_per_proc": 48
}