{
  "K": 32,
  "n_input": 1,
  "n_calibration": 1,
  "calibration": [
    {
      "K": 32,
      "wall_s": 87.37001895904541,
      "cache_build_s": 0.11992239952087402,
      "verdict": "feas",
      "lambda_star": -1.982258403062106e-08,
      "status": "solsta.optimal",
      "peak_rss_kb": 42403828,
      "peak_rss_gb": 40.44,
      "threads": 16,
      "error": null,
      "hash": "69700699b76079a3",
      "lp_val": 0.9999999999999998,
      "src": "split(57e58f27bf036d88)",
      "lo_int": [
        0,
        0,
        0,
        0,
        0,
        0,
        0,
        0,
        0,
        0,
        0,
        0,
        0,
        0,
        0,
        0,
        0,
        0,
        0,
        0,
        0,
        0
      ],
      "hi_int": [
        576460752303423488,
        576460752303423488,
        576460752303423488,
        576460752303423488,
        576460752303423488,
        576460752303423488,
        576460752303423488,
        576460752303423488,
        576460752303423488,
        576460752303423488,
        576460752303423488,
        576460752303423488,
        576460752303423488,
        576460752303423488,
        576460752303423488,
        576460752303423488,
        288230376151711744,
        288230376151711744,
        288230376151711744,
        288230376151711744,
        288230376151711744,
        288230376151711744
      ],
      "depth": 27,
      "volume": 3.725290298461914e-09,
      "iters_survived": 3
    }
  ],
  "max_rss_gb_observed": 40.44,
  "n_parallel": 10,
  "threads_per_proc": 19,
  "available_ram_gb_at_start": 749.7441673278809,
  "n_cert": 0,
  "n_fail": 1,
  "n_exception": 0,
  "sweep_wall_s": 0.0,
  "avg_solve_s": 87.37001895904541,
  "n_survivors_for_next_stage": 1
}