{
  "N_grid": 100,
  "DELTA": 0.138,
  "deltas": [
    0.0013800000000000002,
    0.0027600000000000003,
    0.0041400000000000005,
    0.005520000000000001,
    0.006900000000000001,
    0.008280000000000001,
    0.009660000000000002,
    0.011040000000000001,
    0.01242,
    0.0138,
    0.015180000000000003,
    0.016560000000000002,
    0.01794,
    0.01932,
    0.020700000000000003,
    0.022080000000000002,
    0.02346,
    0.02484,
    0.02622,
    0.027600000000000003,
    0.028980000000000002,
    0.03036,
    0.031740000000000004,
    0.033120000000000004,
    0.0345,
    0.03588,
    0.03726,
    0.03864,
    0.04002000000000001,
    0.041400000000000006,
    0.042780000000000006,
    0.044160000000000005,
    0.045540000000000004,
    0.04692,
    0.0483,
    0.04968,
    0.05106,
    0.05244000000000001,
    0.05382000000000001,
    0.055200000000000006,
    0.056580000000000005,
    0.057960000000000005,
    0.059340000000000004,
    0.06072,
    0.06210000000000001,
    0.06348000000000001,
    0.06486000000000001,
    0.06624000000000001,
    0.06762000000000001,
    0.06900000000000002,
    0.07038000000000001,
    0.07176000000000002,
    0.07314000000000001,
    0.07452000000000002,
    0.07590000000000001,
    0.07728000000000002,
    0.07866000000000002,
    0.08004000000000001,
    0.08142000000000002,
    0.08280000000000001,
    0.08418000000000002,
    0.08556000000000001,
    0.08694000000000002,
    0.08832000000000001,
    0.08970000000000002,
    0.09108000000000002,
    0.09246000000000001,
    0.09384000000000002,
    0.09522000000000001,
    0.09660000000000002,
    0.09798000000000001,
    0.09936000000000002,
    0.10074000000000001,
    0.10212000000000002,
    0.10350000000000002,
    0.10488000000000001,
    0.10626000000000002,
    0.10764000000000001,
    0.10902000000000002,
    0.11040000000000001,
    0.11178000000000002,
    0.11316000000000002,
    0.11454000000000002,
    0.11592000000000002,
    0.11730000000000002,
    0.11868000000000002,
    0.12006000000000001,
    0.12144000000000002,
    0.12282000000000003,
    0.12420000000000002,
    0.12558000000000002,
    0.12696000000000002,
    0.12834,
    0.12972,
    0.1311,
    0.13248000000000001,
    0.13386,
    0.13524,
    0.13662000000000002,
    0.138
  ],
  "baseline_pure_DELTA_M": 1.274836808876225,
  "k26_seed_M": 1.2799649716575245,
  "overall_best_M_cert": 1.2804030578811922,
  "overall_best_method": "cd",
  "overall_best_atoms": [
    [
      0.138,
      0.9216130192637215
    ],
    [
      0.057960000000000005,
      0.026595319576454692
    ],
    [
      0.06210000000000001,
      0.011938772270639195
    ],
    [
      0.05106,
      0.009233300444839885
    ],
    [
      0.055200000000000006,
      0.008709325103798878
    ],
    [
      0.045540000000000004,
      0.006730966098462077
    ],
    [
      0.06762000000000001,
      0.00495433126784906
    ],
    [
      0.04692,
      0.003916345846784724
    ],
    [
      0.06348000000000001,
      0.0033255946352913276
    ],
    [
      0.0041400000000000005,
      0.002917152492644185
    ],
    [
      0.005520000000000001,
      6.568312464032148e-05
    ]
  ],
  "support_size": 11,
  "per_method_results": {
    "pure_DELTA": {
      "M_cert": 1.274836808876225,
      "atoms": [
        [
          0.138,
          1.0
        ]
      ]
    },
    "k26_seed": {
      "M_cert": 1.2799649716575245,
      "atoms": [
        [
          0.138,
          0.9312
        ],
        [
          0.055200000000000006,
          0.06879999999999997
        ]
      ]
    },
    "random": {
      "M_cert": 1.279049751656787,
      "atoms": [
        [
          0.138,
          0.8674066136528678
        ],
        [
          0.07314000000000001,
          0.1325933863471323
        ]
      ]
    },
    "fw": {
      "M_cert": 1.2803846120997433,
      "atoms": [
        [
          0.138,
          0.9216972061199058
        ],
        [
          0.055200000000000006,
          0.028663673175841727
        ],
        [
          0.06210000000000001,
          0.010971402410702625
        ],
        [
          0.057960000000000005,
          0.006822127863271687
        ],
        [
          0.059340000000000004,
          0.006307223473985827
        ],
        [
          0.04692,
          0.00553805643283303
        ],
        [
          0.06762000000000001,
          0.00495433126784906
        ],
        [
          0.045540000000000004,
          0.004764937701932073
        ],
        [
          0.06348000000000001,
          0.0028781746245040087
        ],
        [
          0.05106,
          0.00155004576603761
        ],
        [
          0.06072,
          0.001513173090329831
        ],
        [
          0.04002000000000001,
          0.0014393876175061394
        ],
        [
          0.0027600000000000003,
          0.001053415422439314
        ],
        [
          0.0041400000000000005,
          0.0010466280920466314
        ],
        [
          0.005520000000000001,
          0.000800216940813687
        ]
      ],
      "n_steps": 201
    },
    "cd": {
      "M_cert": 1.2804030578811922,
      "atoms": [
        [
          0.138,
          0.9216130192637215
        ],
        [
          0.057960000000000005,
          0.026595319576454692
        ],
        [
          0.06210000000000001,
          0.011938772270639195
        ],
        [
          0.05106,
          0.009233300444839885
        ],
        [
          0.055200000000000006,
          0.008709325103798878
        ],
        [
          0.045540000000000004,
          0.006730966098462077
        ],
        [
          0.06762000000000001,
          0.00495433126784906
        ],
        [
          0.04692,
          0.003916345846784724
        ],
        [
          0.06348000000000001,
          0.0033255946352913276
        ],
        [
          0.0041400000000000005,
          0.002917152492644185
        ]
      ]
    },
    "ga": {
      "M_cert": 1.2803236936247882,