{
  "best": {
    "M_cert": 1.2805652175450735,
    "config": "l1=0.925,d2=0.057,eps=0.005,bspline3@0.01",
    "l1": 0.925,
    "d2": 0.057,
    "eps": 0.005,
    "fam_C": "bspline3",
    "dC": 0.01
  },
  "K26_ref": 1.280133,
  "improvement_over_K26": 0.00043221754507349885,
  "evaluated_count": 2100,
  "elapsed_s": 46.62648797035217
}