{
  "N_grid": 50,
  "DELTA": 0.138,
  "deltas": [
    0.0027600000000000003,
    0.005520000000000001,
    0.00828,
    0.01104,
    0.0138,
    0.01656,
    0.019319999999999997,
    0.022080000000000002,
    0.02484,
    0.0276,
    0.030359999999999998,
    0.03312,
    0.035879999999999995,
    0.038639999999999994,
    0.0414,
    0.04416,
    0.046919999999999996,
    0.049679999999999995,
    0.052439999999999994,
    0.0552,
    0.05796,
    0.060719999999999996,
    0.06348,
    0.06624,
    0.06899999999999999,
    0.07175999999999999,
    0.07451999999999999,
    0.07728,
    0.08004,
    0.0828,
    0.08556,
    0.08832,
    0.09108,
    0.09383999999999999,
    0.09659999999999999,
    0.09935999999999999,
    0.10211999999999999,
    0.10487999999999999,
    0.10764,
    0.1104,
    0.11316,
    0.11592,
    0.11868,
    0.12143999999999999,
    0.12419999999999999,
    0.12696,
    0.12972,
    0.13248000000000001,
    0.13524,
    0.138
  ],
  "baseline_pure_DELTA_M": 1.274836808876225,
  "k26_seed_M": 1.2799649716575245,
  "overall_best_M_cert": 1.2803877432508606,
  "overall_best_method": "cd",
  "overall_best_atoms": [
    [
      0.138,
      0.9219230167530231
    ],
    [
      0.05796,
      0.02302296264115927
    ],
    [
      0.0552,
      0.015715223215075767
    ],
    [
      0.046919999999999996,
      0.01251294007871354
    ],
    [
      0.06348,
      0.010426179615930899
    ],
    [
      0.060719999999999996,
      0.008419018161959946
    ],
    [
      0.005520000000000001,
      0.002752555064249623
    ],
    [
      0.06899999999999999,
      0.0020507046716240433
    ],
    [
      0.04416,
      0.0012747957677539032
    ],
    [
      0.06624,
      0.0009517160989160681
    ],
    [
      0.0027600000000000003,
      0.0004801534912401008
    ],
    [
      0.0414,
      0.00047073444035420736
    ]
  ],
  "support_size": 12,
  "per_method_results": {
    "pure_DELTA": {
      "M_cert": 1.274836808876225,
      "atoms": [
        [
          0.138,
          1.0
        ]
      ]
    },
    "k26_seed": {
      "M_cert": 1.2799649716575245,
      "atoms": [
        [
          0.138,
          0.9312
        ],
        [
          0.0552,
          0.06879999999999997
        ]
      ]
    },
    "random": {
      "M_cert": 1.2788083796795473,
      "atoms": [
        [
          0.138,
          0.9358533161118642
        ],
        [
          0.08556,
          0.043237114861367644
        ],
        [
          0.0552,
          0.020909569026768108
        ]
      ]
    },
    "fw": {
      "M_cert": 1.2803734409906558,
      "atoms": [
        [
          0.138,
          0.921827121243362
        ],
        [
          0.0552,
          0.03655254324242007
        ],
        [
          0.060719999999999996,
          0.012795528275237712
        ],
        [
          0.06348,
          0.008752518645179026
        ],
        [
          0.046919999999999996,
          0.007363196222642029
        ],
        [
          0.0414,
          0.002974896146498635
        ],
        [
          0.06899999999999999,
          0.0023610559076562613
        ],
        [
          0.05796,
          0.0018601158005450205
        ],
        [
          0.06624,
          0.0016477155574282911
        ],
        [
          0.005520000000000001,
          0.0016144841561583068
        ],
        [
          0.0027600000000000003,
          0.0013433383971666955
        ],
        [
          0.04416,
          0.0009074864057067044
        ]
      ],
      "n_steps": 101
    },
    "cd": {
      "M_cert": 1.2803877432508606,
      "atoms": [
        [
          0.138,
          0.9219230167530231
        ],
        [
          0.05796,
          0.02302296264115927
        ],
        [
          0.0552,
          0.015715223215075767
        ],
        [
          0.046919999999999996,
          0.01251294007871354
        ],
        [
          0.06348,
          0.010426179615930899
        ],
        [
          0.060719999999999996,
          0.008419018161959946
        ],
        [
          0.005520000000000001,
          0.002752555064249623
        ],
        [
          0.06899999999999999,
          0.0020507046716240433
        ],
        [
          0.04416,
          0.0012747957677539032
        ],
        [
          0.06624,
          0.0009517160989160681
        ],
        [
          0.0027600000000000003,
          0.0004801534912401008
        ],
        [
          0.0414,
          0.00047073444035420736
        ]
      ]
    },
    "ga": {
      "M_cert": 1.2803264183930008,