{
  "N_grid": 30,
  "DELTA": 0.138,
  "deltas": [
    0.004600000000000001,
    0.009200000000000002,
    0.013800000000000003,
    0.018400000000000003,
    0.023000000000000003,
    0.027600000000000003,
    0.032200000000000006,
    0.036800000000000006,
    0.041400000000000006,
    0.046000000000000006,
    0.050600000000000006,
    0.055200000000000006,
    0.05980000000000001,
    0.06440000000000001,
    0.06900000000000002,
    0.07360000000000001,
    0.07820000000000002,
    0.08280000000000003,
    0.08740000000000002,
    0.09200000000000003,
    0.09660000000000002,
    0.10120000000000003,
    0.10580000000000002,
    0.11040000000000003,
    0.11500000000000003,
    0.11960000000000003,
    0.12420000000000003,
    0.12880000000000003,
    0.13340000000000002,
    0.138
  ],
  "baseline_pure_DELTA_M": 1.2749880304800079,
  "k26_seed_M": 1.2801244702845433,
  "overall_best_M_cert": 1.2805724396709945,
  "overall_best_method": "cd",
  "overall_best_atoms": [
    [
      0.138,
      0.921591910551241
    ],
    [
      0.05980000000000001,
      0.025356132690895025
    ],
    [
      0.055200000000000006,
      0.019841644418521487
    ],
    [
      0.046000000000000006,
      0.00990608607628824
    ],
    [
      0.06440000000000001,
      0.009218494268086044
    ],
    [
      0.050600000000000006,
      0.007973274433933666
    ],
    [
      0.004600000000000001,
      0.0033135619843688117
    ],
    [
      0.06900000000000002,
      0.0027988601740643066
    ]
  ],
  "support_size": 8,
  "per_method_results": {
    "pure_DELTA": {
      "M_cert": 1.2749880304800079,
      "atoms": [
        [
          0.138,
          1.0
        ]
      ]
    },
    "k26_seed": {
      "M_cert": 1.2801244702845433,
      "atoms": [
        [
          0.138,
          0.9312
        ],
        [
          0.055200000000000006,
          0.06879999999999997
        ]
      ]
    },
    "random": {
      "M_cert": 1.2794978220597608,
      "atoms": [
        [
          0.138,
          0.908273506044251
        ],
        [
          0.05980000000000001,
          0.09172649395574903
        ]
      ]
    },
    "fw": {
      "M_cert": 1.2805529545931664,
      "atoms": [
        [
          0.138,
          0.9224947170695361
        ],
        [
          0.055200000000000006,
          0.0460926937337521
        ],
        [
          0.06440000000000001,
          0.009414221675911171
        ],
        [
          0.05980000000000001,
          0.007048126372239875
        ],
        [
          0.046000000000000006,
          0.005703600759977227
        ],
        [
          0.06900000000000002,
          0.003860501954670784
        ],
        [
          0.004600000000000001,
          0.003283275801619974
        ],
        [
          0.041400000000000006,
          0.00210286263229269
        ]
      ],
      "n_steps": 51
    },
    "cd": {
      "M_cert": 1.2805724396709945,
      "atoms": [
        [
          0.138,
          0.921591910551241
        ],
        [
          0.05980000000000001,
          0.025356132690895025
        ],
        [
          0.055200000000000006,
          0.019841644418521487
        ],
        [
          0.046000000000000006,
          0.00990608607628824
        ],
        [
          0.06440000000000001,
          0.009218494268086044
        ],
        [
          0.050600000000000006,
          0.007973274433933666
        ],
        [
          0.004600000000000001,
          0.0033135619843688117
        ],
        [
          0.06900000000000002,
          0.0027988601740643066
        ]
      ]
    }
  },
  "improvement_over_k26": 0.0004479693864511969,
  "improvement_over_pure_arcsine": 0.005584409190986683
}