{
  "analytic_arcsine_free_max": -0.17512141847413648,
  "classical_min_attempt": {
    "best_classical_max": 2.0045710840526096,
    "a": [
      0.11226873241998458,
      0.09780721429205431,
      0.10107529963662831,
      0.09792043535346688,
      0.09092831829786589,
      0.09092831829786589,
      0.09792043535346688,
      0.10107529963662831,
      0.09780721429205431,
      0.11226873241998458
    ]
  },
  "free_at_classical_min": 1.4143343709337588,
  "free_entropy_at_min": -0.4775032760551916,
  "compute_time_sec": 0.3201591968536377
}