{
  "big_symmetric_search": {
    "best_free_max": 1.2608506181232724,
    "best_classical_max": 2.0364864225259134,
    "n_evaluated": 80
  },
  "local_search": {
    "best_free_max": 1.2165760767032998
  },
  "correlation": {
    "pearson": 0.6218073225842623,
    "loglog_intercept": -0.0020676308023326,
    "loglog_slope": 0.5180634416606499
  },
  "mv_arcsine": {
    "classical_max": 2.393597244871771,
    "free_max": 1.2796993002368617,
    "a": [
      0.11151912539299606,
      0.06610284764472506,
      0.05264566718344893,
      0.045822171697592964,
      0.041694575505132114,
      0.038992970100615566,
      0.03717304179766536,
      0.03596383731132641,
      0.0352203185446197,
      0.03486544482187772,
      0.03486544482187772,
      0.0352203185446197,
      0.03596383731132641,
      0.03717304179766536,
      0.03899297010061557,
      0.041694575505132114,
      0.04582217169759298,
      0.05264566718344893,
      0.06610284764472507,
      0.11151912539299624
    ]
  },
  "restricted_min": {
    "best_free_max": 1.2744601490219765
  },
  "compute_time_sec": 59.123982429504395
}