{
  "K": 32,
  "n_calibration": 2,
  "calibration_results": [
    {
      "K": 32,
      "wall_s": 94.0226686000824,
      "cache_build_s": 0.12038826942443848,
      "verdict": "feas",
      "lambda_star": -1.2791749011831115e-07,
      "status": "solsta.optimal",
      "peak_rss_kb": 43126672,
      "peak_rss_gb": 41.13,
      "threads": 16,
      "error": null,
      "hash": "331804c3667c20d1",
      "lp_val": 1.007267441860465,
      "src": "split(ad4d8f586b6dbd0b)",
      "lo_int": [
        0,
        0,
        0,
        0,
        0,
        0,
        0,
        0,
        0,
        0,
        0,
        0,
        0,
        0,
        0,
        0,
        0,
        0,
        0,
        0,
        0,
        0
      ],
      "hi_int": [
        288230376151711744,
        288230376151711744,
        288230376151711744,
        288230376151711744,
        288230376151711744,
        288230376151711744,
        288230376151711744,
        288230376151711744,
        288230376151711744,
        288230376151711744,
        288230376151711744,
        144115188075855872,
        144115188075855872,
        144115188075855872,
        144115188075855872,
        144115188075855872,
        144115188075855872,
        144115188075855872,
        144115188075855872,
        144115188075855872,
        144115188075855872,
        144115188075855872
      ],
      "depth": 54,
      "volume": 2.7755575615628914e-17,
      "iters_survived": 6
    },
    {
      "K": 32,
      "wall_s": 121.81543588638306,
      "cache_build_s": 0.11725521087646484,
      "verdict": "feas",
      "lambda_star": -1.035969126503101e-06,
      "status": "solsta.optimal",
      "peak_rss_kb": 48420504,
      "peak_rss_gb": 46.18,
      "threads": 16,
      "error": null,
      "hash": "f9149b78b276d93b",
      "lp_val": 1.007267441860465,
      "src": "split(ad4d8f586b6dbd0b)",
      "lo_int": [
        0,
        0,
        0,
        0,
        0,
        0,
        0,
        0,
        0,
        0,
        0,
        144115188075855872,
        0,
        0,
        0,
        0,
        0,
        0,
        0,
        0,
        0,
        0
      ],
      "hi_int": [
        288230376151711744,
        288230376151711744,
        288230376151711744,
        288230376151711744,
        288230376151711744,
        288230376151711744,
        288230376151711744,
        288230376151711744,
        288230376151711744,
        288230376151711744,
        288230376151711744,
        288230376151711744,
        144115188075855872,
        144115188075855872,
        144115188075855872,
        144115188075855872,
        144115188075855872,
        144115188075855872,
        144115188075855872,
        144115188075855872,
        144115188075855872,
        144115188075855872
      ],
      "depth": 54,
      "volume": 2.7755575615628914e-17,
      "iters_survived": 6
    }
  ],
  "max_rss_gb_calib": 46.18,
  "avg_calib_wall_s": 107.91905224323273,
  "available_ram_gb": 749.8664627075195,
  "usable_ram_gb": 562.3998470306396,
  "rss_with_safety_gb": 60.034,
  "n_parallel_by_ram": 9,
  "n_parallel_by_cores": 48,
  "n_parallel_chosen": 9,
  "threads_per_proc": 21,
  "headroom_frac": 0.25,
  "rss_safety_factor": 1.3,
  "min_threads_per_proc": 4,
  "max_threads_per_proc": 48
}