{
  "K": 32,
  "n_input": 254,
  "n_calibration": 2,
  "calibration": [
    {
      "K": 32,
      "wall_s": 94.0226686000824,
      "cache_build_s": 0.12038826942443848,
      "verdict": "feas",
      "lambda_star": -1.2791749011831115e-07,
      "status": "solsta.optimal",
      "peak_rss_kb": 43126672,
      "peak_rss_gb": 41.13,
      "threads": 16,
      "error": null,
      "hash": "331804c3667c20d1",
      "lp_val": 1.007267441860465,
      "src": "split(ad4d8f586b6dbd0b)",
      "lo_int": [
        0,
        0,
        0,
        0,
        0,
        0,
        0,
        0,
        0,
        0,
        0,
        0,
        0,
        0,
        0,
        0,
        0,
        0,
        0,
        0,
        0,
        0
      ],
      "hi_int": [
        288230376151711744,
        288230376151711744,
        288230376151711744,
        288230376151711744,
        288230376151711744,
        288230376151711744,
        288230376151711744,
        288230376151711744,
        288230376151711744,
        288230376151711744,
        288230376151711744,
        144115188075855872,
        144115188075855872,
        144115188075855872,
        144115188075855872,
        144115188075855872,
        144115188075855872,
        144115188075855872,
        144115188075855872,
        144115188075855872,
        144115188075855872,
        144115188075855872
      ],
      "depth": 54,
      "volume": 2.7755575615628914e-17,
      "iters_survived": 6
    },
    {
      "K": 32,
      "wall_s": 121.81543588638306,
      "cache_build_s": 0.11725521087646484,
      "verdict": "feas",
      "lambda_star": -1.035969126503101e-06,
      "status": "solsta.optimal",
      "peak_rss_kb": 48420504,
      "peak_rss_gb": 46.18,
      "threads": 16,
      "error": null,
      "hash": "f9149b78b276d93b",
      "lp_val": 1.007267441860465,
      "src": "split(ad4d8f586b6dbd0b)",
      "lo_int": [
        0,
        0,
        0,
        0,
        0,
        0,
        0,
        0,
        0,
        0,
        0,
        144115188075855872,
        0,
        0,
        0,
        0,
        0,
        0,
        0,
        0,
        0,
        0
      ],
      "hi_int": [
        288230376151711744,
        288230376151711744,
        288230376151711744,
        288230376151711744,
        288230376151711744,
        288230376151711744,
        288230376151711744,
        288230376151711744,
        288230376151711744,
        288230376151711744,
        288230376151711744,
        288230376151711744,
        144115188075855872,
        144115188075855872,
        144115188075855872,
        144115188075855872,
        144115188075855872,
        144115188075855872,
        144115188075855872,
        144115188075855872,
        144115188075855872,
        144115188075855872
      ],
      "depth": 54,
      "volume": 2.7755575615628914e-17,
      "iters_survived": 6
    }
  ],
  "max_rss_gb_observed": 109.09,
  "n_parallel": 9,
  "threads_per_proc": 21,
  "available_ram_gb_at_start": 749.8664627075195,
  "n_cert": 55,
  "n_fail": 199,
  "n_exception": 0,
  "sweep_wall_s": 4206.91957616806,
  "avg_solve_s": 146.58328826878014,
  "n_survivors_for_next_stage": 199
}