{
  "K": 16,
  "n_calibration": 1,
  "calibration_results": [
    {
      "K": 16,
      "wall_s": 52.66201114654541,
      "cache_build_s": 0.11398649215698242,
      "verdict": "feas",
      "lambda_star": -6.137389841966134e-07,
      "status": "solsta.optimal",
      "peak_rss_kb": 29824572,
      "peak_rss_gb": 28.44,
      "threads": 16,
      "error": null,
      "hash": "8d60cce87ab6b1c1",
      "lp_val": 1.0,
      "src": "split(69700699b76079a3)",
      "lo_int": [
        0,
        0,
        0,
        0,
        0,
        0,
        0,
        0,
        0,
        0,
        0,
        0,
        0,
        0,
        0,
        0,
        0,
        0,
        0,
        0,
        0,
        0
      ],
      "hi_int": [
        576460752303423488,
        576460752303423488,
        576460752303423488,
        576460752303423488,
        576460752303423488,
        576460752303423488,
        576460752303423488,
        288230376151711744,
        288230376151711744,
        288230376151711744,
        288230376151711744,
        288230376151711744,
        288230376151711744,
        288230376151711744,
        288230376151711744,
        288230376151711744,
        288230376151711744,
        288230376151711744,
        288230376151711744,
        288230376151711744,
        288230376151711744,
        288230376151711744
      ],
      "depth": 36,
      "volume": 7.275957614183426e-12,
      "iters_survived": 4
    }
  ],
  "max_rss_gb_calib": 28.44,
  "avg_calib_wall_s": 52.66201114654541,
  "available_ram_gb": 749.7953186035156,
  "usable_ram_gb": 562.3464889526367,
  "rss_with_safety_gb": 36.972,
  "n_parallel_by_ram": 15,
  "n_parallel_by_cores": 48,
  "n_parallel_chosen": 15,
  "threads_per_proc": 12,
  "headroom_frac": 0.25,
  "rss_safety_factor": 1.3,
  "min_threads_per_proc": 4,
  "max_threads_per_proc": 48
}