{
  "K": 16,
  "n_input": 1,
  "n_calibration": 1,
  "calibration": [
    {
      "K": 16,
      "wall_s": 52.66201114654541,
      "cache_build_s": 0.11398649215698242,
      "verdict": "feas",
      "lambda_star": -6.137389841966134e-07,
      "status": "solsta.optimal",
      "peak_rss_kb": 29824572,
      "peak_rss_gb": 28.44,
      "threads": 16,
      "error": null,
      "hash": "8d60cce87ab6b1c1",
      "lp_val": 1.0,
      "src": "split(69700699b76079a3)",
      "lo_int": [
        0,
        0,
        0,
        0,
        0,
        0,
        0,
        0,
        0,
        0,
        0,
        0,
        0,
        0,
        0,
        0,
        0,
        0,
        0,
        0,
        0,
        0
      ],
      "hi_int": [
        576460752303423488,
        576460752303423488,
        576460752303423488,
        576460752303423488,
        576460752303423488,
        576460752303423488,
        576460752303423488,
        288230376151711744,
        288230376151711744,
        288230376151711744,
        288230376151711744,
        288230376151711744,
        288230376151711744,
        288230376151711744,
        288230376151711744,
        288230376151711744,
        288230376151711744,
        288230376151711744,
        288230376151711744,
        288230376151711744,
        288230376151711744,
        288230376151711744
      ],
      "depth": 36,
      "volume": 7.275957614183426e-12,
      "iters_survived": 4
    }
  ],
  "max_rss_gb_observed": 28.44,
  "n_parallel": 15,
  "threads_per_proc": 12,
  "available_ram_gb_at_start": 749.7953186035156,
  "n_cert": 0,
  "n_fail": 1,
  "n_exception": 0,
  "sweep_wall_s": 0.0,
  "avg_solve_s": 52.66201114654541,
  "n_survivors_for_next_stage": 1
}