{
  "worker_id": 37,
  "hash": "004894eb65e86a4a",
  "src": "split(ad4d8f586b6dbd0b)",
  "lo_int": [
    0,
    0,
    0,
    0,
    0,
    0,
    0,
    0,
    0,
    0,
    0,
    0,
    0,
    0,
    0,
    0,
    144115188075855872,
    0,
    144115188075855872,
    0,
    0,
    0
  ],
  "hi_int": [
    288230376151711744,
    288230376151711744,
    288230376151711744,
    288230376151711744,
    288230376151711744,
    288230376151711744,
    288230376151711744,
    288230376151711744,
    288230376151711744,
    288230376151711744,
    288230376151711744,
    144115188075855872,
    144115188075855872,
    144115188075855872,
    144115188075855872,
    144115188075855872,
    288230376151711744,
    144115188075855872,
    288230376151711744,
    144115188075855872,
    144115188075855872,
    144115188075855872
  ],
  "depth": 54,
  "volume": 2.7755575615628914e-17,
  "lp_val": 1.0281899109792283,
  "iters_survived": 6,
  "K": 0,
  "wall_s": 152.1264181137085,
  "verdict": "feas",
  "lambda_star": -7.208429437160425e-06,
  "status": "solsta.optimal",
  "peak_rss_kb": 7154036,
  "peak_rss_gb": 6.82,
  "threads": 4,
  "error": null
}