{
  "worker_id": 42,
  "hash": "01162ac09b7ef01c",
  "src": "split(ad4d8f586b6dbd0b)",
  "lo_int": [
    0,
    0,
    0,
    0,
    0,
    0,
    0,
    0,
    0,
    0,
    0,
    144115188075855872,
    0,
    0,
    0,
    0,
    0,
    144115188075855872,
    0,
    0,
    0,
    0
  ],
  "hi_int": [
    288230376151711744,
    288230376151711744,
    288230376151711744,
    288230376151711744,
    288230376151711744,
    288230376151711744,
    288230376151711744,
    288230376151711744,
    288230376151711744,
    288230376151711744,
    288230376151711744,
    288230376151711744,
    144115188075855872,
    144115188075855872,
    144115188075855872,
    144115188075855872,
    144115188075855872,
    288230376151711744,
    144115188075855872,
    144115188075855872,
    144115188075855872,
    144115188075855872
  ],
  "depth": 54,
  "volume": 2.7755575615628914e-17,
  "lp_val": 1.0143319519403753,
  "iters_survived": 6,
  "K": 0,
  "wall_s": 159.7680971622467,
  "verdict": "feas",
  "lambda_star": -4.0389642222810055e-06,
  "status": "solsta.optimal",
  "peak_rss_kb": 4788468,
  "peak_rss_gb": 4.57,
  "threads": 4,
  "error": null
}