{
  "worker_id": 5,
  "hash": "0329d6a4af6befa2",
  "src": "split(12fcabc1c81348e3)",
  "lo_int": [
    0,
    0,
    0,
    0,
    0,
    0,
    0,
    0,
    0,
    0,
    0,
    0,
    0,
    0,
    0,
    0,
    0,
    0,
    144115188075855872,
    0,
    144115188075855872,
    0
  ],
  "hi_int": [
    288230376151711744,
    288230376151711744,
    288230376151711744,
    288230376151711744,
    288230376151711744,
    288230376151711744,
    288230376151711744,
    288230376151711744,
    288230376151711744,
    288230376151711744,
    288230376151711744,
    144115188075855872,
    144115188075855872,
    144115188075855872,
    144115188075855872,
    144115188075855872,
    144115188075855872,
    144115188075855872,
    288230376151711744,
    144115188075855872,
    288230376151711744,
    144115188075855872
  ],
  "depth": 54,
  "volume": 2.7755575615628914e-17,
  "lp_val": 1.014663607383219,
  "iters_survived": 6,
  "K": 0,
  "wall_s": 136.83545875549316,
  "verdict": "feas",
  "lambda_star": -7.1826956667422076e-06,
  "status": "solsta.optimal",
  "peak_rss_kb": 7179524,
  "peak_rss_gb": 6.85,
  "threads": 4,
  "error": null
}