{
  "worker_id": 1,
  "hash": "07a3db80467fe8c1",
  "src": "split(12fcabc1c81348e3)",
  "lo_int": [
    0,
    0,
    0,
    0,
    0,
    0,
    0,
    0,
    0,
    0,
    0,
    0,
    0,
    0,
    0,
    0,
    144115188075855872,
    0,
    0,
    144115188075855872,
    144115188075855872,
    0
  ],
  "hi_int": [
    288230376151711744,
    288230376151711744,
    288230376151711744,
    288230376151711744,
    288230376151711744,
    288230376151711744,
    288230376151711744,
    288230376151711744,
    288230376151711744,
    288230376151711744,
    288230376151711744,
    144115188075855872,
    144115188075855872,
    144115188075855872,
    144115188075855872,
    144115188075855872,
    288230376151711744,
    144115188075855872,
    144115188075855872,
    288230376151711744,
    288230376151711744,
    144115188075855872
  ],
  "depth": 54,
  "volume": 2.7755575615628914e-17,
  "lp_val": 1.1375725341437501,
  "iters_survived": 6,
  "K": 0,
  "wall_s": 155.6549515724182,
  "verdict": "feas",
  "lambda_star": -1.0950755289486702e-05,
  "status": "solsta.optimal",
  "peak_rss_kb": 7165148,
  "peak_rss_gb": 6.83,
  "threads": 4,
  "error": null
}