{
  "worker_id": 33,
  "hash": "07ca2b75e0788be8",
  "src": "split(ad4d8f586b6dbd0b)",
  "lo_int": [
    0,
    0,
    0,
    0,
    0,
    0,
    0,
    0,
    0,
    0,
    0,
    0,
    144115188075855872,
    0,
    0,
    144115188075855872,
    0,
    0,
    144115188075855872,
    0,
    0,
    0
  ],
  "hi_int": [
    288230376151711744,
    288230376151711744,
    288230376151711744,
    288230376151711744,
    288230376151711744,
    288230376151711744,
    288230376151711744,
    288230376151711744,
    288230376151711744,
    288230376151711744,
    288230376151711744,
    144115188075855872,
    288230376151711744,
    144115188075855872,
    144115188075855872,
    288230376151711744,
    144115188075855872,
    144115188075855872,
    288230376151711744,
    144115188075855872,
    144115188075855872,
    144115188075855872
  ],
  "depth": 54,
  "volume": 2.7755575615628914e-17,
  "lp_val": 1.0756216678989767,
  "iters_survived": 6,
  "K": 0,
  "wall_s": 143.80237817764282,
  "verdict": "feas",
  "lambda_star": -4.6119354637520495e-06,
  "status": "solsta.optimal",
  "peak_rss_kb": 7154132,
  "peak_rss_gb": 6.82,
  "threads": 4,
  "error": null
}