{
  "worker_id": 2,
  "hash": "0937c79d30366992",
  "src": "split(ad4d8f586b6dbd0b)",
  "lo_int": [
    0,
    0,
    0,
    0,
    0,
    0,
    0,
    0,
    0,
    0,
    0,
    144115188075855872,
    0,
    0,
    0,
    144115188075855872,
    0,
    0,
    0,
    144115188075855872,
    0,
    0
  ],
  "hi_int": [
    288230376151711744,
    288230376151711744,
    288230376151711744,
    288230376151711744,
    288230376151711744,
    288230376151711744,
    288230376151711744,
    288230376151711744,
    288230376151711744,
    288230376151711744,
    288230376151711744,
    288230376151711744,
    144115188075855872,
    144115188075855872,
    144115188075855872,
    288230376151711744,
    144115188075855872,
    144115188075855872,
    144115188075855872,
    288230376151711744,
    144115188075855872,
    144115188075855872
  ],
  "depth": 54,
  "volume": 2.7755575615628914e-17,
  "lp_val": 1.0577198244783104,
  "iters_survived": 6,
  "K": 0,
  "wall_s": 141.09023094177246,
  "verdict": "feas",
  "lambda_star": -4.395929999861769e-06,
  "status": "solsta.optimal",
  "peak_rss_kb": 7173432,
  "peak_rss_gb": 6.84,
  "threads": 4,
  "error": null
}