{
  "worker_id": 38,
  "hash": "0c6519e19ecd0d85",
  "src": "split(12fcabc1c81348e3)",
  "lo_int": [
    0,
    0,
    0,
    0,
    0,
    0,
    0,
    0,
    0,
    0,
    0,
    0,
    144115188075855872,
    144115188075855872,
    0,
    144115188075855872,
    0,
    0,
    0,
    0,
    144115188075855872,
    0
  ],
  "hi_int": [
    288230376151711744,
    288230376151711744,
    288230376151711744,
    288230376151711744,
    288230376151711744,
    288230376151711744,
    288230376151711744,
    288230376151711744,
    288230376151711744,
    288230376151711744,
    288230376151711744,
    144115188075855872,
    288230376151711744,
    288230376151711744,
    144115188075855872,
    288230376151711744,
    144115188075855872,
    144115188075855872,
    144115188075855872,
    144115188075855872,
    288230376151711744,
    144115188075855872
  ],
  "depth": 54,
  "volume": 2.7755575615628914e-17,
  "lp_val": 1.2572418136020156,
  "iters_survived": 6,
  "K": 0,
  "wall_s": 167.80240297317505,
  "verdict": "feas",
  "lambda_star": -4.066081341743148e-06,
  "status": "solsta.optimal",
  "peak_rss_kb": 7222872,
  "peak_rss_gb": 6.89,
  "threads": 4,
  "error": null
}