{
  "worker_id": 27,
  "hash": "0d7d1a8275bbe3a4",
  "src": "split(12fcabc1c81348e3)",
  "lo_int": [
    0,
    0,
    0,
    0,
    0,
    0,
    0,
    0,
    0,
    0,
    0,
    0,
    144115188075855872,
    0,
    144115188075855872,
    144115188075855872,
    0,
    0,
    0,
    0,
    144115188075855872,
    0
  ],
  "hi_int": [
    288230376151711744,
    288230376151711744,
    288230376151711744,
    288230376151711744,
    288230376151711744,
    288230376151711744,
    288230376151711744,
    288230376151711744,
    288230376151711744,
    288230376151711744,
    288230376151711744,
    144115188075855872,
    288230376151711744,
    144115188075855872,
    288230376151711744,
    288230376151711744,
    144115188075855872,
    144115188075855872,
    144115188075855872,
    144115188075855872,
    288230376151711744,
    144115188075855872
  ],
  "depth": 54,
  "volume": 2.7755575615628914e-17,
  "lp_val": 1.2490131102419235,
  "iters_survived": 6,
  "K": 0,
  "wall_s": 170.77294921875,
  "verdict": "feas",
  "lambda_star": -5.7600559375749285e-06,
  "status": "solsta.optimal",
  "peak_rss_kb": 7220332,
  "peak_rss_gb": 6.89,
  "threads": 4,
  "error": null
}