{
  "worker_id": 10,
  "hash": "0ddab062af0dbaea",
  "src": "split(ad4d8f586b6dbd0b)",
  "lo_int": [
    0,
    0,
    0,
    0,
    0,
    0,
    0,
    0,
    0,
    0,
    0,
    0,
    0,
    144115188075855872,
    0,
    0,
    0,
    0,
    0,
    144115188075855872,
    0,
    0
  ],
  "hi_int": [
    288230376151711744,
    288230376151711744,
    288230376151711744,
    288230376151711744,
    288230376151711744,
    288230376151711744,
    288230376151711744,
    288230376151711744,
    288230376151711744,
    288230376151711744,
    288230376151711744,
    144115188075855872,
    144115188075855872,
    288230376151711744,
    144115188075855872,
    144115188075855872,
    144115188075855872,
    144115188075855872,
    144115188075855872,
    288230376151711744,
    144115188075855872,
    144115188075855872
  ],
  "depth": 54,
  "volume": 2.7755575615628914e-17,
  "lp_val": 1.0158026747020559,
  "iters_survived": 6,
  "K": 0,
  "wall_s": 137.63612484931946,
  "verdict": "feas",
  "lambda_star": -8.869928013574444e-06,
  "status": "solsta.optimal",
  "peak_rss_kb": 7171448,
  "peak_rss_gb": 6.84,
  "threads": 4,
  "error": null
}