{
  "worker_id": 0,
  "hash": "0e1f5811ff3ffec9",
  "src": "split(12fcabc1c81348e3)",
  "lo_int": [
    0,
    0,
    0,
    0,
    0,
    0,
    0,
    0,
    0,
    0,
    0,
    144115188075855872,
    0,
    144115188075855872,
    0,
    0,
    0,
    144115188075855872,
    0,
    0,
    144115188075855872,
    0
  ],
  "hi_int": [
    288230376151711744,
    288230376151711744,
    288230376151711744,
    288230376151711744,
    288230376151711744,
    288230376151711744,
    288230376151711744,
    288230376151711744,
    288230376151711744,
    288230376151711744,
    288230376151711744,
    288230376151711744,
    144115188075855872,
    288230376151711744,
    144115188075855872,
    144115188075855872,
    144115188075855872,
    288230376151711744,
    144115188075855872,
    144115188075855872,
    288230376151711744,
    144115188075855872
  ],
  "depth": 54,
  "volume": 2.7755575615628914e-17,
  "lp_val": 1.1687278261570717,
  "iters_survived": 6,
  "K": 0,
  "wall_s": 154.67469573020935,
  "verdict": "feas",
  "lambda_star": -3.751614325155336e-06,
  "status": "solsta.optimal",
  "peak_rss_kb": 7180520,
  "peak_rss_gb": 6.85,
  "threads": 4,
  "error": null
}