{
  "worker_id": 9,
  "hash": "0f5f09aff06e1675",
  "src": "split(12fcabc1c81348e3)",
  "lo_int": [
    0,
    0,
    0,
    0,
    0,
    0,
    0,
    0,
    0,
    0,
    0,
    144115188075855872,
    0,
    0,
    0,
    0,
    0,
    0,
    0,
    144115188075855872,
    144115188075855872,
    0
  ],
  "hi_int": [
    288230376151711744,
    288230376151711744,
    288230376151711744,
    288230376151711744,
    288230376151711744,
    288230376151711744,
    288230376151711744,
    288230376151711744,
    288230376151711744,
    288230376151711744,
    288230376151711744,
    288230376151711744,
    144115188075855872,
    144115188075855872,
    144115188075855872,
    144115188075855872,
    144115188075855872,
    144115188075855872,
    144115188075855872,
    288230376151711744,
    288230376151711744,
    144115188075855872
  ],
  "depth": 54,
  "volume": 2.7755575615628914e-17,
  "lp_val": 1.090643009666071,
  "iters_survived": 6,
  "K": 0,
  "wall_s": 142.29292821884155,
  "verdict": "feas",
  "lambda_star": -8.256923373659366e-06,
  "status": "solsta.optimal",
  "peak_rss_kb": 7178204,
  "peak_rss_gb": 6.85,
  "threads": 4,
  "error": null
}