{
  "worker_id": 15,
  "hash": "12da0dfaa8fb3458",
  "src": "split(ad4d8f586b6dbd0b)",
  "lo_int": [
    0,
    0,
    0,
    0,
    0,
    0,
    0,
    0,
    0,
    0,
    0,
    0,
    144115188075855872,
    0,
    0,
    144115188075855872,
    0,
    0,
    0,
    0,
    0,
    0
  ],
  "hi_int": [
    288230376151711744,
    288230376151711744,
    288230376151711744,
    288230376151711744,
    288230376151711744,
    288230376151711744,
    288230376151711744,
    288230376151711744,
    288230376151711744,
    288230376151711744,
    288230376151711744,
    144115188075855872,
    288230376151711744,
    144115188075855872,
    144115188075855872,
    288230376151711744,
    144115188075855872,
    144115188075855872,
    144115188075855872,
    144115188075855872,
    144115188075855872,
    144115188075855872
  ],
  "depth": 54,
  "volume": 2.7755575615628914e-17,
  "lp_val": 1.016241227252966,
  "iters_survived": 6,
  "K": 0,
  "wall_s": 152.13519859313965,
  "verdict": "feas",
  "lambda_star": -6.754222976688871e-06,
  "status": "solsta.optimal",
  "peak_rss_kb": 4791888,
  "peak_rss_gb": 4.57,
  "threads": 4,
  "error": null
}