{
  "worker_id": 40,
  "hash": "17ae4b7f2a6274fd",
  "src": "split(ad4d8f586b6dbd0b)",
  "lo_int": [
    0,
    0,
    0,
    0,
    0,
    0,
    0,
    0,
    0,
    0,
    0,
    0,
    0,
    0,
    144115188075855872,
    0,
    144115188075855872,
    0,
    144115188075855872,
    0,
    0,
    0
  ],
  "hi_int": [
    288230376151711744,
    288230376151711744,
    288230376151711744,
    288230376151711744,
    288230376151711744,
    288230376151711744,
    288230376151711744,
    288230376151711744,
    288230376151711744,
    288230376151711744,
    288230376151711744,
    144115188075855872,
    144115188075855872,
    144115188075855872,
    288230376151711744,
    144115188075855872,
    288230376151711744,
    144115188075855872,
    288230376151711744,
    144115188075855872,
    144115188075855872,
    144115188075855872
  ],
  "depth": 54,
  "volume": 2.7755575615628914e-17,
  "lp_val": 1.1360723576821063,
  "iters_survived": 6,
  "K": 0,
  "wall_s": 142.01078367233276,
  "verdict": "feas",
  "lambda_star": -7.0037851975837795e-06,
  "status": "solsta.optimal",
  "peak_rss_kb": 7139320,
  "peak_rss_gb": 6.81,
  "threads": 4,
  "error": null
}