{
  "worker_id": 26,
  "hash": "19dc7a7902ac74fd",
  "src": "split(e82d7abfe44e73f9)",
  "lo_int": [
    0,
    0,
    0,
    0,
    0,
    0,
    0,
    0,
    0,
    0,
    0,
    0,
    144115188075855872,
    0,
    144115188075855872,
    144115188075855872,
    0,
    0,
    0,
    0,
    0,
    144115188075855872
  ],
  "hi_int": [
    288230376151711744,
    288230376151711744,
    288230376151711744,
    288230376151711744,
    288230376151711744,
    288230376151711744,
    288230376151711744,
    288230376151711744,
    288230376151711744,
    288230376151711744,
    288230376151711744,
    144115188075855872,
    288230376151711744,
    144115188075855872,
    288230376151711744,
    288230376151711744,
    144115188075855872,
    144115188075855872,
    144115188075855872,
    144115188075855872,
    144115188075855872,
    288230376151711744
  ],
  "depth": 54,
  "volume": 2.7755575615628914e-17,
  "lp_val": 1.2181934931506855,
  "iters_survived": 6,
  "K": 0,
  "wall_s": 163.2106909751892,
  "verdict": "feas",
  "lambda_star": -3.1223691119162887e-06,
  "status": "solsta.optimal",
  "peak_rss_kb": 7222912,
  "peak_rss_gb": 6.89,
  "threads": 4,
  "error": null
}