{
  "worker_id": 21,
  "hash": "1bd3afe3728f6aab",
  "src": "split(e82d7abfe44e73f9)",
  "lo_int": [
    0,
    0,
    0,
    0,
    0,
    0,
    0,
    0,
    0,
    0,
    0,
    144115188075855872,
    0,
    0,
    0,
    144115188075855872,
    0,
    0,
    0,
    0,
    0,
    144115188075855872
  ],
  "hi_int": [
    288230376151711744,
    288230376151711744,
    288230376151711744,
    288230376151711744,
    288230376151711744,
    288230376151711744,
    288230376151711744,
    288230376151711744,
    288230376151711744,
    288230376151711744,
    288230376151711744,
    288230376151711744,
    144115188075855872,
    144115188075855872,
    144115188075855872,
    288230376151711744,
    144115188075855872,
    144115188075855872,
    144115188075855872,
    144115188075855872,
    144115188075855872,
    288230376151711744
  ],
  "depth": 54,
  "volume": 2.7755575615628914e-17,
  "lp_val": 1.0,
  "iters_survived": 6,
  "K": 0,
  "wall_s": 166.81949067115784,
  "verdict": "feas",
  "lambda_star": -3.816772954217923e-06,
  "status": "solsta.optimal",
  "peak_rss_kb": 7175348,
  "peak_rss_gb": 6.84,
  "threads": 4,
  "error": null
}