{
  "worker_id": 35,
  "hash": "1d116717586252ea",
  "src": "split(ad4d8f586b6dbd0b)",
  "lo_int": [
    0,
    0,
    0,
    0,
    0,
    0,
    0,
    0,
    0,
    0,
    0,
    0,
    0,
    0,
    144115188075855872,
    144115188075855872,
    0,
    0,
    144115188075855872,
    0,
    0,
    0
  ],
  "hi_int": [
    288230376151711744,
    288230376151711744,
    288230376151711744,
    288230376151711744,
    288230376151711744,
    288230376151711744,
    288230376151711744,
    288230376151711744,
    288230376151711744,
    288230376151711744,
    288230376151711744,
    144115188075855872,
    144115188075855872,
    144115188075855872,
    288230376151711744,
    288230376151711744,
    144115188075855872,
    144115188075855872,
    288230376151711744,
    144115188075855872,
    144115188075855872,
    144115188075855872
  ],
  "depth": 54,
  "volume": 2.7755575615628914e-17,
  "lp_val": 1.1520668652962478,
  "iters_survived": 6,
  "K": 0,
  "wall_s": 145.0545244216919,
  "verdict": "feas",
  "lambda_star": -4.593547127859413e-06,
  "status": "solsta.optimal",
  "peak_rss_kb": 7154076,
  "peak_rss_gb": 6.82,
  "threads": 4,
  "error": null
}