{
  "worker_id": 26,
  "hash": "1d280e5584d59319",
  "src": "split(12fcabc1c81348e3)",
  "lo_int": [
    0,
    0,
    0,
    0,
    0,
    0,
    0,
    0,
    0,
    0,
    0,
    144115188075855872,
    0,
    0,
    0,
    144115188075855872,
    0,
    0,
    0,
    144115188075855872,
    144115188075855872,
    0
  ],
  "hi_int": [
    288230376151711744,
    288230376151711744,
    288230376151711744,
    288230376151711744,
    288230376151711744,
    288230376151711744,
    288230376151711744,
    288230376151711744,
    288230376151711744,
    288230376151711744,
    288230376151711744,
    288230376151711744,
    144115188075855872,
    144115188075855872,
    144115188075855872,
    288230376151711744,
    144115188075855872,
    144115188075855872,
    144115188075855872,
    288230376151711744,
    288230376151711744,
    144115188075855872
  ],
  "depth": 54,
  "volume": 2.7755575615628914e-17,
  "lp_val": 1.226754332685455,
  "iters_survived": 6,
  "K": 0,
  "wall_s": 151.14895510673523,
  "verdict": "feas",
  "lambda_star": -5.3938241989069654e-06,
  "status": "solsta.optimal",
  "peak_rss_kb": 7222832,
  "peak_rss_gb": 6.89,
  "threads": 4,
  "error": null
}