{
  "worker_id": 7,
  "hash": "1e20bae9ba497eb4",
  "src": "split(ad4d8f586b6dbd0b)",
  "lo_int": [
    0,
    0,
    0,
    0,
    0,
    0,
    0,
    0,
    0,
    0,
    0,
    144115188075855872,
    144115188075855872,
    0,
    0,
    0,
    0,
    0,
    144115188075855872,
    0,
    0,
    0
  ],
  "hi_int": [
    288230376151711744,
    288230376151711744,
    288230376151711744,
    288230376151711744,
    288230376151711744,
    288230376151711744,
    288230376151711744,
    288230376151711744,
    288230376151711744,
    288230376151711744,
    288230376151711744,
    288230376151711744,
    288230376151711744,
    144115188075855872,
    144115188075855872,
    144115188075855872,
    144115188075855872,
    144115188075855872,
    288230376151711744,
    144115188075855872,
    144115188075855872,
    144115188075855872
  ],
  "depth": 54,
  "volume": 2.7755575615628914e-17,
  "lp_val": 1.078896112635958,
  "iters_survived": 6,
  "K": 0,
  "wall_s": 145.14585041999817,
  "verdict": "feas",
  "lambda_star": -5.2908440427122375e-06,
  "status": "solsta.optimal",
  "peak_rss_kb": 7149748,
  "peak_rss_gb": 6.82,
  "threads": 4,
  "error": null
}