{
  "worker_id": 45,
  "hash": "1ed4c088cf0abe67",
  "src": "split(e82d7abfe44e73f9)",
  "lo_int": [
    0,
    0,
    0,
    0,
    0,
    0,
    0,
    0,
    0,
    0,
    0,
    0,
    0,
    0,
    144115188075855872,
    0,
    0,
    0,
    0,
    0,
    0,
    144115188075855872
  ],
  "hi_int": [
    288230376151711744,
    288230376151711744,
    288230376151711744,
    288230376151711744,
    288230376151711744,
    288230376151711744,
    288230376151711744,
    288230376151711744,
    288230376151711744,
    288230376151711744,
    288230376151711744,
    144115188075855872,
    144115188075855872,
    144115188075855872,
    288230376151711744,
    144115188075855872,
    144115188075855872,
    144115188075855872,
    144115188075855872,
    144115188075855872,
    144115188075855872,
    288230376151711744
  ],
  "depth": 54,
  "volume": 2.7755575615628914e-17,
  "lp_val": 0.9999999999999999,
  "iters_survived": 6,
  "K": 0,
  "wall_s": 140.18077325820923,
  "verdict": "feas",
  "lambda_star": -1.2465533896687077e-05,
  "status": "solsta.optimal",
  "peak_rss_kb": 7233512,
  "peak_rss_gb": 6.9,
  "threads": 4,
  "error": null
}