{
  "worker_id": 5,
  "hash": "258fdbccffe589d7",
  "src": "split(ad4d8f586b6dbd0b)",
  "lo_int": [
    0,
    0,
    0,
    0,
    0,
    0,
    0,
    0,
    0,
    0,
    0,
    0,
    144115188075855872,
    0,
    0,
    0,
    144115188075855872,
    0,
    144115188075855872,
    0,
    0,
    0
  ],
  "hi_int": [
    288230376151711744,
    288230376151711744,
    288230376151711744,
    288230376151711744,
    288230376151711744,
    288230376151711744,
    288230376151711744,
    288230376151711744,
    288230376151711744,
    288230376151711744,
    288230376151711744,
    144115188075855872,
    288230376151711744,
    144115188075855872,
    144115188075855872,
    144115188075855872,
    288230376151711744,
    144115188075855872,
    288230376151711744,
    144115188075855872,
    144115188075855872,
    144115188075855872
  ],
  "depth": 54,
  "volume": 2.7755575615628914e-17,
  "lp_val": 1.1036112802533133,
  "iters_survived": 6,
  "K": 0,
  "wall_s": 140.1976900100708,
  "verdict": "feas",
  "lambda_star": -8.23675726992258e-06,
  "status": "solsta.optimal",
  "peak_rss_kb": 7151960,
  "peak_rss_gb": 6.82,
  "threads": 4,
  "error": null
}