{
  "worker_id": 17,
  "hash": "26074ab9b6ea9d9d",
  "src": "split(12fcabc1c81348e3)",
  "lo_int": [
    0,
    0,
    0,
    0,
    0,
    0,
    0,
    0,
    0,
    0,
    0,
    144115188075855872,
    0,
    0,
    144115188075855872,
    0,
    144115188075855872,
    0,
    0,
    0,
    144115188075855872,
    0
  ],
  "hi_int": [
    288230376151711744,
    288230376151711744,
    288230376151711744,
    288230376151711744,
    288230376151711744,
    288230376151711744,
    288230376151711744,
    288230376151711744,
    288230376151711744,
    288230376151711744,
    288230376151711744,
    288230376151711744,
    144115188075855872,
    144115188075855872,
    288230376151711744,
    144115188075855872,
    288230376151711744,
    144115188075855872,
    144115188075855872,
    144115188075855872,
    288230376151711744,
    144115188075855872
  ],
  "depth": 54,
  "volume": 2.7755575615628914e-17,
  "lp_val": 1.1697847962117371,
  "iters_survived": 6,
  "K": 0,
  "wall_s": 162.34590888023376,
  "verdict": "feas",
  "lambda_star": -1.3191637729992434e-05,
  "status": "solsta.optimal",
  "peak_rss_kb": 7230200,
  "peak_rss_gb": 6.9,
  "threads": 4,
  "error": null
}