{
  "worker_id": 39,
  "hash": "261884a46b4a97dd",
  "src": "split(ad4d8f586b6dbd0b)",
  "lo_int": [
    0,
    0,
    0,
    0,
    0,
    0,
    0,
    0,
    0,
    0,
    0,
    144115188075855872,
    0,
    0,
    144115188075855872,
    0,
    144115188075855872,
    0,
    144115188075855872,
    0,
    0,
    0
  ],
  "hi_int": [
    288230376151711744,
    288230376151711744,
    288230376151711744,
    288230376151711744,
    288230376151711744,
    288230376151711744,
    288230376151711744,
    288230376151711744,
    288230376151711744,
    288230376151711744,
    288230376151711744,
    288230376151711744,
    144115188075855872,
    144115188075855872,
    288230376151711744,
    144115188075855872,
    288230376151711744,
    144115188075855872,
    288230376151711744,
    144115188075855872,
    144115188075855872,
    144115188075855872
  ],
  "depth": 54,
  "volume": 2.7755575615628914e-17,
  "lp_val": 1.2474798387096773,
  "iters_survived": 6,
  "K": 0,
  "wall_s": 164.74693083763123,
  "verdict": "feas",
  "lambda_star": -7.67964531935654e-06,
  "status": "solsta.optimal",
  "peak_rss_kb": 7126616,
  "peak_rss_gb": 6.8,
  "threads": 4,
  "error": null
}