{
  "worker_id": 24,
  "hash": "2877341e42f9ac1d",
  "src": "split(ad4d8f586b6dbd0b)",
  "lo_int": [
    0,
    0,
    0,
    0,
    0,
    0,
    0,
    0,
    0,
    0,
    0,
    144115188075855872,
    144115188075855872,
    0,
    0,
    144115188075855872,
    0,
    144115188075855872,
    0,
    0,
    0,
    0
  ],
  "hi_int": [
    288230376151711744,
    288230376151711744,
    288230376151711744,
    288230376151711744,
    288230376151711744,
    288230376151711744,
    288230376151711744,
    288230376151711744,
    288230376151711744,
    288230376151711744,
    288230376151711744,
    288230376151711744,
    288230376151711744,
    144115188075855872,
    144115188075855872,
    288230376151711744,
    144115188075855872,
    288230376151711744,
    144115188075855872,
    144115188075855872,
    144115188075855872,
    144115188075855872
  ],
  "depth": 54,
  "volume": 2.7755575615628914e-17,
  "lp_val": 1.2628755364806865,
  "iters_survived": 6,
  "K": 0,
  "wall_s": 161.50456762313843,
  "verdict": "feas",
  "lambda_star": -6.411322163498257e-06,
  "status": "solsta.optimal",
  "peak_rss_kb": 7147812,
  "peak_rss_gb": 6.82,
  "threads": 4,
  "error": null
}