{
  "worker_id": 46,
  "hash": "29694504ab8fb356",
  "src": "split(e82d7abfe44e73f9)",
  "lo_int": [
    0,
    0,
    0,
    0,
    0,
    0,
    0,
    0,
    0,
    0,
    0,
    0,
    0,
    0,
    144115188075855872,
    144115188075855872,
    0,
    144115188075855872,
    0,
    0,
    0,
    144115188075855872
  ],
  "hi_int": [
    288230376151711744,
    288230376151711744,
    288230376151711744,
    288230376151711744,
    288230376151711744,
    288230376151711744,
    288230376151711744,
    288230376151711744,
    288230376151711744,
    288230376151711744,
    288230376151711744,
    144115188075855872,
    144115188075855872,
    144115188075855872,
    288230376151711744,
    288230376151711744,
    144115188075855872,
    288230376151711744,
    144115188075855872,
    144115188075855872,
    144115188075855872,
    288230376151711744
  ],
  "depth": 54,
  "volume": 2.7755575615628914e-17,
  "lp_val": 1.24706041918845,
  "iters_survived": 6,
  "K": 0,
  "wall_s": 163.76092886924744,
  "verdict": "feas",
  "lambda_star": -2.9505977458386947e-06,
  "status": "solsta.optimal",
  "peak_rss_kb": 7165432,
  "peak_rss_gb": 6.83,
  "threads": 4,
  "error": null
}