{
  "worker_id": 14,
  "hash": "2a5d34cb83fda539",
  "src": "split(e82d7abfe44e73f9)",
  "lo_int": [
    0,
    0,
    0,
    0,
    0,
    0,
    0,
    0,
    0,
    0,
    0,
    144115188075855872,
    0,
    0,
    0,
    0,
    0,
    144115188075855872,
    0,
    0,
    0,
    144115188075855872
  ],
  "hi_int": [
    288230376151711744,
    288230376151711744,
    288230376151711744,
    288230376151711744,
    288230376151711744,
    288230376151711744,
    288230376151711744,
    288230376151711744,
    288230376151711744,
    288230376151711744,
    288230376151711744,
    288230376151711744,
    144115188075855872,
    144115188075855872,
    144115188075855872,
    144115188075855872,
    144115188075855872,
    288230376151711744,
    144115188075855872,
    144115188075855872,
    144115188075855872,
    288230376151711744
  ],
  "depth": 54,
  "volume": 2.7755575615628914e-17,
  "lp_val": 1.020997973439117,
  "iters_survived": 6,
  "K": 0,
  "wall_s": 151.83166599273682,
  "verdict": "feas",
  "lambda_star": -5.00809070793264e-06,
  "status": "solsta.optimal",
  "peak_rss_kb": 7174048,
  "peak_rss_gb": 6.84,
  "threads": 4,
  "error": null
}