{
  "worker_id": 35,
  "hash": "2b258b8ff81296db",
  "src": "split(e82d7abfe44e73f9)",
  "lo_int": [
    0,
    0,
    0,
    0,
    0,
    0,
    0,
    0,
    0,
    0,
    0,
    0,
    0,
    0,
    0,
    144115188075855872,
    144115188075855872,
    0,
    144115188075855872,
    0,
    0,
    144115188075855872
  ],
  "hi_int": [
    288230376151711744,
    288230376151711744,
    288230376151711744,
    288230376151711744,
    288230376151711744,
    288230376151711744,
    288230376151711744,
    288230376151711744,
    288230376151711744,
    288230376151711744,
    288230376151711744,
    144115188075855872,
    144115188075855872,
    144115188075855872,
    144115188075855872,
    288230376151711744,
    288230376151711744,
    144115188075855872,
    288230376151711744,
    144115188075855872,
    144115188075855872,
    288230376151711744
  ],
  "depth": 54,
  "volume": 2.7755575615628914e-17,
  "lp_val": 1.277654867256637,
  "iters_survived": 6,
  "K": 0,
  "wall_s": 244.57906937599182,
  "verdict": "infeas",
  "lambda_star": 0.9999985850843877,
  "status": "solsta.optimal",
  "peak_rss_kb": 7168584,
  "peak_rss_gb": 6.84,
  "threads": 4,
  "error": null
}