{
  "worker_id": 15,
  "hash": "2d3cc1a22b1c0ddf",
  "src": "split(e82d7abfe44e73f9)",
  "lo_int": [
    0,
    0,
    0,
    0,
    0,
    0,
    0,
    0,
    0,
    0,
    0,
    0,
    144115188075855872,
    0,
    0,
    0,
    0,
    0,
    144115188075855872,
    0,
    0,
    144115188075855872
  ],
  "hi_int": [
    288230376151711744,
    288230376151711744,
    288230376151711744,
    288230376151711744,
    288230376151711744,
    288230376151711744,
    288230376151711744,
    288230376151711744,
    288230376151711744,
    288230376151711744,
    288230376151711744,
    144115188075855872,
    288230376151711744,
    144115188075855872,
    144115188075855872,
    144115188075855872,
    144115188075855872,
    144115188075855872,
    288230376151711744,
    144115188075855872,
    144115188075855872,
    288230376151711744
  ],
  "depth": 54,
  "volume": 2.7755575615628914e-17,
  "lp_val": 1.0447240214056894,
  "iters_survived": 6,
  "K": 0,
  "wall_s": 138.8749499320984,
  "verdict": "feas",
  "lambda_star": -3.9588707687019914e-06,
  "status": "solsta.optimal",
  "peak_rss_kb": 7182284,
  "peak_rss_gb": 6.85,
  "threads": 4,
  "error": null
}