{
  "worker_id": 26,
  "hash": "32c76c4cefb6cffa",
  "src": "split(15d4e341ea7c9e0f)",
  "lo_int": [
    0,
    0,
    0,
    0,
    0,
    0,
    0,
    0,
    0,
    0,
    0,
    0,
    144115188075855872,
    0,
    144115188075855872,
    0,
    0,
    0,
    0,
    0,
    144115188075855872,
    144115188075855872
  ],
  "hi_int": [
    288230376151711744,
    288230376151711744,
    288230376151711744,
    288230376151711744,
    288230376151711744,
    288230376151711744,
    288230376151711744,
    288230376151711744,
    288230376151711744,
    288230376151711744,
    288230376151711744,
    144115188075855872,
    288230376151711744,
    144115188075855872,
    288230376151711744,
    144115188075855872,
    144115188075855872,
    144115188075855872,
    144115188075855872,
    144115188075855872,
    288230376151711744,
    288230376151711744
  ],
  "depth": 54,
  "volume": 2.7755575615628914e-17,
  "lp_val": 1.2395833333333337,
  "iters_survived": 6,
  "K": 0,
  "wall_s": 153.99068760871887,
  "verdict": "feas",
  "lambda_star": -1.0288050162211169e-05,
  "status": "solsta.optimal",
  "peak_rss_kb": 7222912,
  "peak_rss_gb": 6.89,
  "threads": 4,
  "error": null
}