{
  "worker_id": 30,
  "hash": "35ba410212370ed2",
  "src": "split(12fcabc1c81348e3)",
  "lo_int": [
    0,
    0,
    0,
    0,
    0,
    0,
    0,
    0,
    0,
    0,
    0,
    144115188075855872,
    0,
    0,
    0,
    0,
    144115188075855872,
    144115188075855872,
    0,
    0,
    144115188075855872,
    0
  ],
  "hi_int": [
    288230376151711744,
    288230376151711744,
    288230376151711744,
    288230376151711744,
    288230376151711744,
    288230376151711744,
    288230376151711744,
    288230376151711744,
    288230376151711744,
    288230376151711744,
    288230376151711744,
    288230376151711744,
    144115188075855872,
    144115188075855872,
    144115188075855872,
    144115188075855872,
    288230376151711744,
    288230376151711744,
    144115188075855872,
    144115188075855872,
    288230376151711744,
    144115188075855872
  ],
  "depth": 54,
  "volume": 2.7755575615628914e-17,
  "lp_val": 1.2406318883174139,
  "iters_survived": 6,
  "K": 0,
  "wall_s": 154.89841985702515,
  "verdict": "feas",
  "lambda_star": -7.601027673399164e-06,
  "status": "solsta.optimal",
  "peak_rss_kb": 7189548,
  "peak_rss_gb": 6.86,
  "threads": 4,
  "error": null
}