{
  "worker_id": 26,
  "hash": "395e2162f92e6d37",
  "src": "split(12fcabc1c81348e3)",
  "lo_int": [
    0,
    0,
    0,
    0,
    0,
    0,
    0,
    0,
    0,
    0,
    0,
    144115188075855872,
    0,
    0,
    144115188075855872,
    144115188075855872,
    0,
    0,
    0,
    0,
    144115188075855872,
    0
  ],
  "hi_int": [
    288230376151711744,
    288230376151711744,
    288230376151711744,
    288230376151711744,
    288230376151711744,
    288230376151711744,
    288230376151711744,
    288230376151711744,
    288230376151711744,
    288230376151711744,
    288230376151711744,
    288230376151711744,
    144115188075855872,
    144115188075855872,
    288230376151711744,
    288230376151711744,
    144115188075855872,
    144115188075855872,
    144115188075855872,
    144115188075855872,
    288230376151711744,
    144115188075855872
  ],
  "depth": 54,
  "volume": 2.7755575615628914e-17,
  "lp_val": 1.2249119718309869,
  "iters_survived": 6,
  "K": 0,
  "wall_s": 183.1803650856018,
  "verdict": "feas",
  "lambda_star": -2.6452799659738075e-06,
  "status": "solsta.optimal",
  "peak_rss_kb": 7216748,
  "peak_rss_gb": 6.88,
  "threads": 4,
  "error": null
}