{
  "worker_id": 41,
  "hash": "3a2aacde97620aa1",
  "src": "split(15d4e341ea7c9e0f)",
  "lo_int": [
    0,
    0,
    0,
    0,
    0,
    0,
    0,
    0,
    0,
    0,
    0,
    0,
    0,
    144115188075855872,
    0,
    0,
    0,
    0,
    144115188075855872,
    0,
    144115188075855872,
    144115188075855872
  ],
  "hi_int": [
    288230376151711744,
    288230376151711744,
    288230376151711744,
    288230376151711744,
    288230376151711744,
    288230376151711744,
    288230376151711744,
    288230376151711744,
    288230376151711744,
    288230376151711744,
    288230376151711744,
    144115188075855872,
    144115188075855872,
    288230376151711744,
    144115188075855872,
    144115188075855872,
    144115188075855872,
    144115188075855872,
    288230376151711744,
    144115188075855872,
    288230376151711744,
    288230376151711744
  ],
  "depth": 54,
  "volume": 2.7755575615628914e-17,
  "lp_val": 1.2073713410581672,
  "iters_survived": 6,
  "K": 0,
  "wall_s": 112.99554419517517,
  "verdict": "feas",
  "lambda_star": -6.640571885854135e-06,
  "status": "solsta.optimal",
  "peak_rss_kb": 7173336,
  "peak_rss_gb": 6.84,
  "threads": 4,
  "error": null
}