{
  "worker_id": 4,
  "hash": "3f8937c285452af8",
  "src": "split(12fcabc1c81348e3)",
  "lo_int": [
    0,
    0,
    0,
    0,
    0,
    0,
    0,
    0,
    0,
    0,
    0,
    0,
    0,
    0,
    144115188075855872,
    0,
    144115188075855872,
    144115188075855872,
    0,
    0,
    144115188075855872,
    0
  ],
  "hi_int": [
    288230376151711744,
    288230376151711744,
    288230376151711744,
    288230376151711744,
    288230376151711744,
    288230376151711744,
    288230376151711744,
    288230376151711744,
    288230376151711744,
    288230376151711744,
    288230376151711744,
    144115188075855872,
    144115188075855872,
    144115188075855872,
    288230376151711744,
    144115188075855872,
    288230376151711744,
    288230376151711744,
    144115188075855872,
    144115188075855872,
    288230376151711744,
    144115188075855872
  ],
  "depth": 54,
  "volume": 2.7755575615628914e-17,
  "lp_val": 1.274716369529984,
  "iters_survived": 6,
  "K": 0,
  "wall_s": 227.63433837890625,
  "verdict": "infeas",
  "lambda_star": 0.9999999987237035,
  "status": "solsta.optimal",
  "peak_rss_kb": 7209044,
  "peak_rss_gb": 6.88,
  "threads": 4,
  "error": null
}