{
  "worker_id": 11,
  "hash": "43f717e757b07e7d",
  "src": "split(ad4d8f586b6dbd0b)",
  "lo_int": [
    0,
    0,
    0,
    0,
    0,
    0,
    0,
    0,
    0,
    0,
    0,
    0,
    0,
    0,
    0,
    144115188075855872,
    0,
    0,
    144115188075855872,
    0,
    0,
    0
  ],
  "hi_int": [
    288230376151711744,
    288230376151711744,
    288230376151711744,
    288230376151711744,
    288230376151711744,
    288230376151711744,
    288230376151711744,
    288230376151711744,
    288230376151711744,
    288230376151711744,
    288230376151711744,
    144115188075855872,
    144115188075855872,
    144115188075855872,
    144115188075855872,
    288230376151711744,
    144115188075855872,
    144115188075855872,
    288230376151711744,
    144115188075855872,
    144115188075855872,
    144115188075855872
  ],
  "depth": 54,
  "volume": 2.7755575615628914e-17,
  "lp_val": 1.0223529411764705,
  "iters_survived": 6,
  "K": 0,
  "wall_s": 163.6157557964325,
  "verdict": "feas",
  "lambda_star": -6.31308845242871e-06,
  "status": "solsta.optimal",
  "peak_rss_kb": 7144244,
  "peak_rss_gb": 6.81,
  "threads": 4,
  "error": null
}