{
  "worker_id": 33,
  "hash": "468a208d3918ba27",
  "src": "split(12fcabc1c81348e3)",
  "lo_int": [
    0,
    0,
    0,
    0,
    0,
    0,
    0,
    0,
    0,
    0,
    0,
    0,
    0,
    0,
    144115188075855872,
    0,
    0,
    144115188075855872,
    0,
    144115188075855872,
    144115188075855872,
    0
  ],
  "hi_int": [
    288230376151711744,
    288230376151711744,
    288230376151711744,
    288230376151711744,
    288230376151711744,
    288230376151711744,
    288230376151711744,
    288230376151711744,
    288230376151711744,
    288230376151711744,
    288230376151711744,
    144115188075855872,
    144115188075855872,
    144115188075855872,
    288230376151711744,
    144115188075855872,
    144115188075855872,
    288230376151711744,
    144115188075855872,
    288230376151711744,
    288230376151711744,
    144115188075855872
  ],
  "depth": 54,
  "volume": 2.7755575615628914e-17,
  "lp_val": 1.2544798046681014,
  "iters_survived": 6,
  "K": 0,
  "wall_s": 247.10099029541016,
  "verdict": "infeas",
  "lambda_star": 0.9999931511250572,
  "status": "solsta.optimal",
  "peak_rss_kb": 7199136,
  "peak_rss_gb": 6.87,
  "threads": 4,
  "error": null
}