{
  "worker_id": 18,
  "hash": "49e29419f0688d87",
  "src": "split(e82d7abfe44e73f9)",
  "lo_int": [
    0,
    0,
    0,
    0,
    0,
    0,
    0,
    0,
    0,
    0,
    0,
    0,
    144115188075855872,
    0,
    0,
    144115188075855872,
    0,
    144115188075855872,
    0,
    0,
    0,
    144115188075855872
  ],
  "hi_int": [
    288230376151711744,
    288230376151711744,
    288230376151711744,
    288230376151711744,
    288230376151711744,
    288230376151711744,
    288230376151711744,
    288230376151711744,
    288230376151711744,
    288230376151711744,
    288230376151711744,
    144115188075855872,
    288230376151711744,
    144115188075855872,
    144115188075855872,
    288230376151711744,
    144115188075855872,
    288230376151711744,
    144115188075855872,
    144115188075855872,
    144115188075855872,
    288230376151711744
  ],
  "depth": 54,
  "volume": 2.7755575615628914e-17,
  "lp_val": 1.1560739001482945,
  "iters_survived": 6,
  "K": 0,
  "wall_s": 152.8193736076355,
  "verdict": "feas",
  "lambda_star": -1.2578502062966383e-05,
  "status": "solsta.optimal",
  "peak_rss_kb": 7180288,
  "peak_rss_gb": 6.85,
  "threads": 4,
  "error": null
}