{
  "worker_id": 25,
  "hash": "4e5f2c3e8bbcde99",
  "src": "split(ad4d8f586b6dbd0b)",
  "lo_int": [
    0,
    0,
    0,
    0,
    0,
    0,
    0,
    0,
    0,
    0,
    0,
    144115188075855872,
    0,
    0,
    0,
    144115188075855872,
    0,
    144115188075855872,
    144115188075855872,
    0,
    0,
    0
  ],
  "hi_int": [
    288230376151711744,
    288230376151711744,
    288230376151711744,
    288230376151711744,
    288230376151711744,
    288230376151711744,
    288230376151711744,
    288230376151711744,
    288230376151711744,
    288230376151711744,
    288230376151711744,
    288230376151711744,
    144115188075855872,
    144115188075855872,
    144115188075855872,
    288230376151711744,
    144115188075855872,
    288230376151711744,
    288230376151711744,
    144115188075855872,
    144115188075855872,
    144115188075855872
  ],
  "depth": 54,
  "volume": 2.7755575615628914e-17,
  "lp_val": 1.2743169398907104,
  "iters_survived": 6,
  "K": 0,
  "wall_s": 265.2060778141022,
  "verdict": "infeas",
  "lambda_star": 1.000000000000492,
  "status": "solsta.optimal",
  "peak_rss_kb": 7168244,
  "peak_rss_gb": 6.84,
  "threads": 4,
  "error": null
}