{
  "worker_id": 43,
  "hash": "4f583d85f94f4b1c",
  "src": "split(e82d7abfe44e73f9)",
  "lo_int": [
    0,
    0,
    0,
    0,
    0,
    0,
    0,
    0,
    0,
    0,
    0,
    0,
    0,
    144115188075855872,
    0,
    144115188075855872,
    0,
    0,
    144115188075855872,
    0,
    0,
    144115188075855872
  ],
  "hi_int": [
    288230376151711744,
    288230376151711744,
    288230376151711744,
    288230376151711744,
    288230376151711744,
    288230376151711744,
    288230376151711744,
    288230376151711744,
    288230376151711744,
    288230376151711744,
    288230376151711744,
    144115188075855872,
    144115188075855872,
    288230376151711744,
    144115188075855872,
    288230376151711744,
    144115188075855872,
    144115188075855872,
    288230376151711744,
    144115188075855872,
    144115188075855872,
    288230376151711744
  ],
  "depth": 54,
  "volume": 2.7755575615628914e-17,
  "lp_val": 1.1973476890756303,
  "iters_survived": 6,
  "K": 0,
  "wall_s": 168.1445450782776,
  "verdict": "feas",
  "lambda_star": -4.6135188593070095e-06,
  "status": "solsta.optimal",
  "peak_rss_kb": 7211728,
  "peak_rss_gb": 6.88,
  "threads": 4,
  "error": null
}