{
  "worker_id": 20,
  "hash": "52810a2abbbc0b8d",
  "src": "split(ad4d8f586b6dbd0b)",
  "lo_int": [
    0,
    0,
    0,
    0,
    0,
    0,
    0,
    0,
    0,
    0,
    0,
    0,
    0,
    0,
    144115188075855872,
    144115188075855872,
    0,
    0,
    0,
    0,
    0,
    0
  ],
  "hi_int": [
    288230376151711744,
    288230376151711744,
    288230376151711744,
    288230376151711744,
    288230376151711744,
    288230376151711744,
    288230376151711744,
    288230376151711744,
    288230376151711744,
    288230376151711744,
    288230376151711744,
    144115188075855872,
    144115188075855872,
    144115188075855872,
    288230376151711744,
    288230376151711744,
    144115188075855872,
    144115188075855872,
    144115188075855872,
    144115188075855872,
    144115188075855872,
    144115188075855872
  ],
  "depth": 54,
  "volume": 2.7755575615628914e-17,
  "lp_val": 1.0263341471921872,
  "iters_survived": 6,
  "K": 0,
  "wall_s": 150.49618458747864,
  "verdict": "feas",
  "lambda_star": -5.944884537815776e-06,
  "status": "solsta.optimal",
  "peak_rss_kb": 4790524,
  "peak_rss_gb": 4.57,
  "threads": 4,
  "error": null
}