{
  "worker_id": 21,
  "hash": "57457f19e75a5463",
  "src": "split(12fcabc1c81348e3)",
  "lo_int": [
    0,
    0,
    0,
    0,
    0,
    0,
    0,
    0,
    0,
    0,
    0,
    0,
    144115188075855872,
    0,
    0,
    0,
    144115188075855872,
    0,
    0,
    0,
    144115188075855872,
    0
  ],
  "hi_int": [
    288230376151711744,
    288230376151711744,
    288230376151711744,
    288230376151711744,
    288230376151711744,
    288230376151711744,
    288230376151711744,
    288230376151711744,
    288230376151711744,
    288230376151711744,
    288230376151711744,
    144115188075855872,
    288230376151711744,
    144115188075855872,
    144115188075855872,
    144115188075855872,
    288230376151711744,
    144115188075855872,
    144115188075855872,
    144115188075855872,
    288230376151711744,
    144115188075855872
  ],
  "depth": 54,
  "volume": 2.7755575615628914e-17,
  "lp_val": 1.0438511289880248,
  "iters_survived": 6,
  "K": 0,
  "wall_s": 148.5618860721588,
  "verdict": "feas",
  "lambda_star": -1.1794231675053244e-05,
  "status": "solsta.optimal",
  "peak_rss_kb": 7175348,
  "peak_rss_gb": 6.84,
  "threads": 4,
  "error": null
}