{
  "worker_id": 30,
  "hash": "57b92f6830cee351",
  "src": "split(ad4d8f586b6dbd0b)",
  "lo_int": [
    0,
    0,
    0,
    0,
    0,
    0,
    0,
    0,
    0,
    0,
    0,
    0,
    144115188075855872,
    0,
    0,
    0,
    0,
    144115188075855872,
    144115188075855872,
    0,
    0,
    0
  ],
  "hi_int": [
    288230376151711744,
    288230376151711744,
    288230376151711744,
    288230376151711744,
    288230376151711744,
    288230376151711744,
    288230376151711744,
    288230376151711744,
    288230376151711744,
    288230376151711744,
    288230376151711744,
    144115188075855872,
    288230376151711744,
    144115188075855872,
    144115188075855872,
    144115188075855872,
    144115188075855872,
    288230376151711744,
    288230376151711744,
    144115188075855872,
    144115188075855872,
    144115188075855872
  ],
  "depth": 54,
  "volume": 2.7755575615628914e-17,
  "lp_val": 1.12934841828899,
  "iters_survived": 6,
  "K": 0,
  "wall_s": 142.73136687278748,
  "verdict": "feas",
  "lambda_star": -8.81122920390278e-06,
  "status": "solsta.optimal",
  "peak_rss_kb": 7148136,
  "peak_rss_gb": 6.82,
  "threads": 4,
  "error": null
}