{
  "worker_id": 6,
  "hash": "5984893a8a445ed2",
  "src": "split(15d4e341ea7c9e0f)",
  "lo_int": [
    0,
    0,
    0,
    0,
    0,
    0,
    0,
    0,
    0,
    0,
    0,
    0,
    0,
    0,
    0,
    144115188075855872,
    0,
    144115188075855872,
    0,
    0,
    144115188075855872,
    144115188075855872
  ],
  "hi_int": [
    288230376151711744,
    288230376151711744,
    288230376151711744,
    288230376151711744,
    288230376151711744,
    288230376151711744,
    288230376151711744,
    288230376151711744,
    288230376151711744,
    288230376151711744,
    288230376151711744,
    144115188075855872,
    144115188075855872,
    144115188075855872,
    144115188075855872,
    288230376151711744,
    144115188075855872,
    288230376151711744,
    144115188075855872,
    144115188075855872,
    288230376151711744,
    288230376151711744
  ],
  "depth": 54,
  "volume": 2.7755575615628914e-17,
  "lp_val": 1.2153225806451613,
  "iters_survived": 6,
  "K": 0,
  "wall_s": 137.65910863876343,
  "verdict": "feas",
  "lambda_star": -8.822907728215372e-06,
  "status": "solsta.optimal",
  "peak_rss_kb": 7213232,
  "peak_rss_gb": 6.88,
  "threads": 4,
  "error": null
}