{
  "worker_id": 43,
  "hash": "5d05c89244b0a07f",
  "src": "split(ad4d8f586b6dbd0b)",
  "lo_int": [
    0,
    0,
    0,
    0,
    0,
    0,
    0,
    0,
    0,
    0,
    0,
    144115188075855872,
    0,
    0,
    0,
    0,
    0,
    0,
    144115188075855872,
    0,
    0,
    0
  ],
  "hi_int": [
    288230376151711744,
    288230376151711744,
    288230376151711744,
    288230376151711744,
    288230376151711744,
    288230376151711744,
    288230376151711744,
    288230376151711744,
    288230376151711744,
    288230376151711744,
    288230376151711744,
    288230376151711744,
    144115188075855872,
    144115188075855872,
    144115188075855872,
    144115188075855872,
    144115188075855872,
    144115188075855872,
    288230376151711744,
    144115188075855872,
    144115188075855872,
    144115188075855872
  ],
  "depth": 54,
  "volume": 2.7755575615628914e-17,
  "lp_val": 1.014860468026529,
  "iters_survived": 6,
  "K": 0,
  "wall_s": 141.85132217407227,
  "verdict": "feas",
  "lambda_star": -6.422768374411877e-06,
  "status": "solsta.optimal",
  "peak_rss_kb": 7127672,
  "peak_rss_gb": 6.8,
  "threads": 4,
  "error": null
}