{
  "worker_id": 43,
  "hash": "66339690d3a4b6df",
  "src": "split(e82d7abfe44e73f9)",
  "lo_int": [
    0,
    0,
    0,
    0,
    0,
    0,
    0,
    0,
    0,
    0,
    0,
    144115188075855872,
    0,
    0,
    0,
    0,
    144115188075855872,
    0,
    0,
    0,
    0,
    144115188075855872
  ],
  "hi_int": [
    288230376151711744,
    288230376151711744,
    288230376151711744,
    288230376151711744,
    288230376151711744,
    288230376151711744,
    288230376151711744,
    288230376151711744,
    288230376151711744,
    288230376151711744,
    288230376151711744,
    288230376151711744,
    144115188075855872,
    144115188075855872,
    144115188075855872,
    144115188075855872,
    288230376151711744,
    144115188075855872,
    144115188075855872,
    144115188075855872,
    144115188075855872,
    288230376151711744
  ],
  "depth": 54,
  "volume": 2.7755575615628914e-17,
  "lp_val": 1.0323535313001608,
  "iters_survived": 6,
  "K": 0,
  "wall_s": 141.04833793640137,
  "verdict": "feas",
  "lambda_star": -6.703850792833487e-06,
  "status": "solsta.optimal",
  "peak_rss_kb": 7211728,
  "peak_rss_gb": 6.88,
  "threads": 4,
  "error": null
}