{
  "worker_id": 46,
  "hash": "6db28c1b2780428c",
  "src": "split(e82d7abfe44e73f9)",
  "lo_int": [
    0,
    0,
    0,
    0,
    0,
    0,
    0,
    0,
    0,
    0,
    0,
    0,
    0,
    144115188075855872,
    0,
    0,
    0,
    144115188075855872,
    0,
    144115188075855872,
    0,
    144115188075855872
  ],
  "hi_int": [
    288230376151711744,
    288230376151711744,
    288230376151711744,
    288230376151711744,
    288230376151711744,
    288230376151711744,
    288230376151711744,
    288230376151711744,
    288230376151711744,
    288230376151711744,
    288230376151711744,
    144115188075855872,
    144115188075855872,
    288230376151711744,
    144115188075855872,
    144115188075855872,
    144115188075855872,
    288230376151711744,
    144115188075855872,
    288230376151711744,
    144115188075855872,
    288230376151711744
  ],
  "depth": 54,
  "volume": 2.7755575615628914e-17,
  "lp_val": 1.2216135458167332,
  "iters_survived": 6,
  "K": 0,
  "wall_s": 154.41396164894104,
  "verdict": "feas",
  "lambda_star": -3.936217281663498e-06,
  "status": "solsta.optimal",
  "peak_rss_kb": 7169892,
  "peak_rss_gb": 6.84,
  "threads": 4,
  "error": null
}