{
  "worker_id": 12,
  "hash": "6ddb2dd336800b76",
  "src": "split(ad4d8f586b6dbd0b)",
  "lo_int": [
    0,
    0,
    0,
    0,
    0,
    0,
    0,
    0,
    0,
    0,
    0,
    144115188075855872,
    0,
    144115188075855872,
    0,
    0,
    144115188075855872,
    144115188075855872,
    0,
    0,
    0,
    0
  ],
  "hi_int": [
    288230376151711744,
    288230376151711744,
    288230376151711744,
    288230376151711744,
    288230376151711744,
    288230376151711744,
    288230376151711744,
    288230376151711744,
    288230376151711744,
    288230376151711744,
    288230376151711744,
    288230376151711744,
    144115188075855872,
    288230376151711744,
    144115188075855872,
    144115188075855872,
    288230376151711744,
    288230376151711744,
    144115188075855872,
    144115188075855872,
    144115188075855872,
    144115188075855872
  ],
  "depth": 54,
  "volume": 2.7755575615628914e-17,
  "lp_val": 1.256065400843882,
  "iters_survived": 6,
  "K": 0,
  "wall_s": 189.92265963554382,
  "verdict": "feas",
  "lambda_star": -3.8002144965318237e-06,
  "status": "solsta.optimal",
  "peak_rss_kb": 7129296,
  "peak_rss_gb": 6.8,
  "threads": 4,
  "error": null
}