{
  "worker_id": 36,
  "hash": "6e30d90386b2c9de",
  "src": "split(12fcabc1c81348e3)",
  "lo_int": [
    0,
    0,
    0,
    0,
    0,
    0,
    0,
    0,
    0,
    0,
    0,
    0,
    0,
    144115188075855872,
    0,
    0,
    0,
    144115188075855872,
    0,
    0,
    144115188075855872,
    0
  ],
  "hi_int": [
    288230376151711744,
    288230376151711744,
    288230376151711744,
    288230376151711744,
    288230376151711744,
    288230376151711744,
    288230376151711744,
    288230376151711744,
    288230376151711744,
    288230376151711744,
    288230376151711744,
    144115188075855872,
    144115188075855872,
    288230376151711744,
    144115188075855872,
    144115188075855872,
    144115188075855872,
    288230376151711744,
    144115188075855872,
    144115188075855872,
    288230376151711744,
    144115188075855872
  ],
  "depth": 54,
  "volume": 2.7755575615628914e-17,
  "lp_val": 1.0687093153759815,
  "iters_survived": 6,
  "K": 0,
  "wall_s": 155.7072470188141,
  "verdict": "feas",
  "lambda_star": -3.123806757587702e-06,
  "status": "solsta.optimal",
  "peak_rss_kb": 7183324,
  "peak_rss_gb": 6.85,
  "threads": 4,
  "error": null
}