{
  "worker_id": 47,
  "hash": "793fc6ed253cb668",
  "src": "split(e82d7abfe44e73f9)",
  "lo_int": [
    0,
    0,
    0,
    0,
    0,
    0,
    0,
    0,
    0,
    0,
    0,
    0,
    144115188075855872,
    0,
    0,
    0,
    0,
    144115188075855872,
    144115188075855872,
    0,
    0,
    144115188075855872
  ],
  "hi_int": [
    288230376151711744,
    288230376151711744,
    288230376151711744,
    288230376151711744,
    288230376151711744,
    288230376151711744,
    288230376151711744,
    288230376151711744,
    288230376151711744,
    288230376151711744,
    288230376151711744,
    144115188075855872,
    288230376151711744,
    144115188075855872,
    144115188075855872,
    144115188075855872,
    144115188075855872,
    288230376151711744,
    288230376151711744,
    144115188075855872,
    144115188075855872,
    288230376151711744
  ],
  "depth": 54,
  "volume": 2.7755575615628914e-17,
  "lp_val": 1.2249518966465085,
  "iters_survived": 6,
  "K": 0,
  "wall_s": 154.79007291793823,
  "verdict": "feas",
  "lambda_star": -6.268969612208089e-06,
  "status": "solsta.optimal",
  "peak_rss_kb": 7189572,
  "peak_rss_gb": 6.86,
  "threads": 4,
  "error": null
}