{
  "worker_id": 31,
  "hash": "79e9f7730caad6df",
  "src": "split(e82d7abfe44e73f9)",
  "lo_int": [
    0,
    0,
    0,
    0,
    0,
    0,
    0,
    0,
    0,
    0,
    0,
    144115188075855872,
    0,
    0,
    0,
    0,
    0,
    0,
    144115188075855872,
    144115188075855872,
    0,
    144115188075855872
  ],
  "hi_int": [
    288230376151711744,
    288230376151711744,
    288230376151711744,
    288230376151711744,
    288230376151711744,
    288230376151711744,
    288230376151711744,
    288230376151711744,
    288230376151711744,
    288230376151711744,
    288230376151711744,
    288230376151711744,
    144115188075855872,
    144115188075855872,
    144115188075855872,
    144115188075855872,
    144115188075855872,
    144115188075855872,
    288230376151711744,
    288230376151711744,
    144115188075855872,
    288230376151711744
  ],
  "depth": 54,
  "volume": 2.7755575615628914e-17,
  "lp_val": 1.2134383134444406,
  "iters_survived": 6,
  "K": 0,
  "wall_s": 150.5025508403778,
  "verdict": "feas",
  "lambda_star": -5.0292203705150605e-06,
  "status": "solsta.optimal",
  "peak_rss_kb": 7236096,
  "peak_rss_gb": 6.9,
  "threads": 4,
  "error": null
}