{
  "worker_id": 12,
  "hash": "7be2984719a415b7",
  "src": "split(15d4e341ea7c9e0f)",
  "lo_int": [
    0,
    0,
    0,
    0,
    0,
    0,
    0,
    0,
    0,
    0,
    0,
    0,
    144115188075855872,
    0,
    0,
    0,
    0,
    0,
    144115188075855872,
    0,
    144115188075855872,
    144115188075855872
  ],
  "hi_int": [
    288230376151711744,
    288230376151711744,
    288230376151711744,
    288230376151711744,
    288230376151711744,
    288230376151711744,
    288230376151711744,
    288230376151711744,
    288230376151711744,
    288230376151711744,
    288230376151711744,
    144115188075855872,
    288230376151711744,
    144115188075855872,
    144115188075855872,
    144115188075855872,
    144115188075855872,
    144115188075855872,
    288230376151711744,
    144115188075855872,
    288230376151711744,
    288230376151711744
  ],
  "depth": 54,
  "volume": 2.7755575615628914e-17,
  "lp_val": 1.1959574343339592,
  "iters_survived": 6,
  "K": 0,
  "wall_s": 118.9290418624878,
  "verdict": "feas",
  "lambda_star": -7.153988054052654e-06,
  "status": "solsta.optimal",
  "peak_rss_kb": 7183496,
  "peak_rss_gb": 6.85,
  "threads": 4,
  "error": null
}