{
  "worker_id": 14,
  "hash": "7c3509cb5f3006d2",
  "src": "split(12fcabc1c81348e3)",
  "lo_int": [
    0,
    0,
    0,
    0,
    0,
    0,
    0,
    0,
    0,
    0,
    0,
    0,
    0,
    144115188075855872,
    144115188075855872,
    0,
    144115188075855872,
    0,
    0,
    0,
    144115188075855872,
    0
  ],
  "hi_int": [
    288230376151711744,
    288230376151711744,
    288230376151711744,
    288230376151711744,
    288230376151711744,
    288230376151711744,
    288230376151711744,
    288230376151711744,
    288230376151711744,
    288230376151711744,
    288230376151711744,
    144115188075855872,
    144115188075855872,
    288230376151711744,
    288230376151711744,
    144115188075855872,
    288230376151711744,
    144115188075855872,
    144115188075855872,
    144115188075855872,
    288230376151711744,
    144115188075855872
  ],
  "depth": 54,
  "volume": 2.7755575615628914e-17,
  "lp_val": 1.265,
  "iters_survived": 6,
  "K": 0,
  "wall_s": 179.87980818748474,
  "verdict": "feas",
  "lambda_star": -1.0500582332843878e-05,
  "status": "solsta.optimal",
  "peak_rss_kb": 7165572,
  "peak_rss_gb": 6.83,
  "threads": 4,
  "error": null
}