{
  "worker_id": 36,
  "hash": "8214eeb8b837aae0",
  "src": "split(e82d7abfe44e73f9)",
  "lo_int": [
    0,
    0,
    0,
    0,
    0,
    0,
    0,
    0,
    0,
    0,
    0,
    144115188075855872,
    0,
    0,
    0,
    144115188075855872,
    0,
    0,
    144115188075855872,
    0,
    0,
    144115188075855872
  ],
  "hi_int": [
    288230376151711744,
    288230376151711744,
    288230376151711744,
    288230376151711744,
    288230376151711744,
    288230376151711744,
    288230376151711744,
    288230376151711744,
    288230376151711744,
    288230376151711744,
    288230376151711744,
    288230376151711744,
    144115188075855872,
    144115188075855872,
    144115188075855872,
    288230376151711744,
    144115188075855872,
    144115188075855872,
    288230376151711744,
    144115188075855872,
    144115188075855872,
    288230376151711744
  ],
  "depth": 54,
  "volume": 2.7755575615628914e-17,
  "lp_val": 1.1586178184845959,
  "iters_survived": 6,
  "K": 0,
  "wall_s": 157.4866487979889,
  "verdict": "feas",
  "lambda_star": -1.150502205916992e-05,
  "status": "solsta.optimal",
  "peak_rss_kb": 7183324,
  "peak_rss_gb": 6.85,
  "threads": 4,
  "error": null
}