{
  "worker_id": 14,
  "hash": "826b4d7ed00f03a3",
  "src": "split(ad4d8f586b6dbd0b)",
  "lo_int": [
    0,
    0,
    0,
    0,
    0,
    0,
    0,
    0,
    0,
    0,
    0,
    0,
    144115188075855872,
    144115188075855872,
    0,
    0,
    0,
    0,
    0,
    144115188075855872,
    0,
    0
  ],
  "hi_int": [
    288230376151711744,
    288230376151711744,
    288230376151711744,
    288230376151711744,
    288230376151711744,
    288230376151711744,
    288230376151711744,
    288230376151711744,
    288230376151711744,
    288230376151711744,
    288230376151711744,
    144115188075855872,
    288230376151711744,
    288230376151711744,
    144115188075855872,
    144115188075855872,
    144115188075855872,
    144115188075855872,
    144115188075855872,
    288230376151711744,
    144115188075855872,
    144115188075855872
  ],
  "depth": 54,
  "volume": 2.7755575615628914e-17,
  "lp_val": 1.1002939847159976,
  "iters_survived": 6,
  "K": 0,
  "wall_s": 143.21563577651978,
  "verdict": "feas",
  "lambda_star": -5.889237410317186e-06,
  "status": "solsta.optimal",
  "peak_rss_kb": 7145872,
  "peak_rss_gb": 6.81,
  "threads": 4,
  "error": null
}