{
  "worker_id": 13,
  "hash": "83e7bdec9c892f49",
  "src": "split(15d4e341ea7c9e0f)",
  "lo_int": [
    0,
    0,
    0,
    0,
    0,
    0,
    0,
    0,
    0,
    0,
    0,
    0,
    0,
    0,
    0,
    0,
    0,
    0,
    0,
    0,
    144115188075855872,
    144115188075855872
  ],
  "hi_int": [
    288230376151711744,
    288230376151711744,
    288230376151711744,
    288230376151711744,
    288230376151711744,
    288230376151711744,
    288230376151711744,
    288230376151711744,
    288230376151711744,
    288230376151711744,
    288230376151711744,
    144115188075855872,
    144115188075855872,
    144115188075855872,
    144115188075855872,
    144115188075855872,
    144115188075855872,
    144115188075855872,
    144115188075855872,
    144115188075855872,
    288230376151711744,
    288230376151711744
  ],
  "depth": 54,
  "volume": 2.7755575615628914e-17,
  "lp_val": 1.0030245679712926,
  "iters_survived": 6,
  "K": 0,
  "wall_s": 154.69466280937195,
  "verdict": "feas",
  "lambda_star": -7.765981093606852e-06,
  "status": "solsta.optimal",
  "peak_rss_kb": 7252188,
  "peak_rss_gb": 6.92,
  "threads": 4,
  "error": null
}