{
  "worker_id": 29,
  "hash": "83f0eee2d584f078",
  "src": "split(12fcabc1c81348e3)",
  "lo_int": [
    0,
    0,
    0,
    0,
    0,
    0,
    0,
    0,
    0,
    0,
    0,
    0,
    144115188075855872,
    0,
    0,
    0,
    0,
    0,
    0,
    0,
    144115188075855872,
    0
  ],
  "hi_int": [
    288230376151711744,
    288230376151711744,
    288230376151711744,
    288230376151711744,
    288230376151711744,
    288230376151711744,
    288230376151711744,
    288230376151711744,
    288230376151711744,
    288230376151711744,
    288230376151711744,
    144115188075855872,
    288230376151711744,
    144115188075855872,
    144115188075855872,
    144115188075855872,
    144115188075855872,
    144115188075855872,
    144115188075855872,
    144115188075855872,
    288230376151711744,
    144115188075855872
  ],
  "depth": 54,
  "volume": 2.7755575615628914e-17,
  "lp_val": 1.0100590759229575,
  "iters_survived": 6,
  "K": 0,
  "wall_s": 166.14729261398315,
  "verdict": "feas",
  "lambda_star": -2.822936900234216e-06,
  "status": "solsta.optimal",
  "peak_rss_kb": 7169908,
  "peak_rss_gb": 6.84,
  "threads": 4,
  "error": null
}