{
  "worker_id": 45,
  "hash": "8753f88f79fb1849",
  "src": "split(12fcabc1c81348e3)",
  "lo_int": [
    0,
    0,
    0,
    0,
    0,
    0,
    0,
    0,
    0,
    0,
    0,
    144115188075855872,
    0,
    0,
    0,
    0,
    144115188075855872,
    0,
    144115188075855872,
    0,
    144115188075855872,
    0
  ],
  "hi_int": [
    288230376151711744,
    288230376151711744,
    288230376151711744,
    288230376151711744,
    288230376151711744,
    288230376151711744,
    288230376151711744,
    288230376151711744,
    288230376151711744,
    288230376151711744,
    288230376151711744,
    288230376151711744,
    144115188075855872,
    144115188075855872,
    144115188075855872,
    144115188075855872,
    288230376151711744,
    144115188075855872,
    288230376151711744,
    144115188075855872,
    288230376151711744,
    144115188075855872
  ],
  "depth": 54,
  "volume": 2.7755575615628914e-17,
  "lp_val": 1.2178897016431245,
  "iters_survived": 6,
  "K": 0,
  "wall_s": 156.59560775756836,
  "verdict": "feas",
  "lambda_star": -4.400923045846927e-06,
  "status": "solsta.optimal",
  "peak_rss_kb": 7223016,
  "peak_rss_gb": 6.89,
  "threads": 4,
  "error": null
}