{
  "worker_id": 28,
  "hash": "8895bb1793ef4b27",
  "src": "split(ad4d8f586b6dbd0b)",
  "lo_int": [
    0,
    0,
    0,
    0,
    0,
    0,
    0,
    0,
    0,
    0,
    0,
    0,
    144115188075855872,
    0,
    0,
    0,
    0,
    0,
    144115188075855872,
    0,
    0,
    0
  ],
  "hi_int": [
    288230376151711744,
    288230376151711744,
    288230376151711744,
    288230376151711744,
    288230376151711744,
    288230376151711744,
    288230376151711744,
    288230376151711744,
    288230376151711744,
    288230376151711744,
    288230376151711744,
    144115188075855872,
    288230376151711744,
    144115188075855872,
    144115188075855872,
    144115188075855872,
    144115188075855872,
    144115188075855872,
    288230376151711744,
    144115188075855872,
    144115188075855872,
    144115188075855872
  ],
  "depth": 54,
  "volume": 2.7755575615628914e-17,
  "lp_val": 1.0155301233396585,
  "iters_survived": 6,
  "K": 0,
  "wall_s": 160.97299528121948,
  "verdict": "feas",
  "lambda_star": -2.994310547703369e-06,
  "status": "solsta.optimal",
  "peak_rss_kb": 7135976,
  "peak_rss_gb": 6.81,
  "threads": 4,
  "error": null
}