{
  "worker_id": 23,
  "hash": "8bd7dcd99c8fe852",
  "src": "split(e82d7abfe44e73f9)",
  "lo_int": [
    0,
    0,
    0,
    0,
    0,
    0,
    0,
    0,
    0,
    0,
    0,
    144115188075855872,
    0,
    144115188075855872,
    0,
    0,
    0,
    0,
    0,
    0,
    0,
    144115188075855872
  ],
  "hi_int": [
    288230376151711744,
    288230376151711744,
    288230376151711744,
    288230376151711744,
    288230376151711744,
    288230376151711744,
    288230376151711744,
    288230376151711744,
    288230376151711744,
    288230376151711744,
    288230376151711744,
    288230376151711744,
    144115188075855872,
    288230376151711744,
    144115188075855872,
    144115188075855872,
    144115188075855872,
    144115188075855872,
    144115188075855872,
    144115188075855872,
    144115188075855872,
    288230376151711744
  ],
  "depth": 54,
  "volume": 2.7755575615628914e-17,
  "lp_val": 1.0139559438933665,
  "iters_survived": 6,
  "K": 0,
  "wall_s": 141.0659122467041,
  "verdict": "feas",
  "lambda_star": -7.799935140957037e-06,
  "status": "solsta.optimal",
  "peak_rss_kb": 7199000,
  "peak_rss_gb": 6.87,
  "threads": 4,
  "error": null
}