{
  "worker_id": 7,
  "hash": "8fbe7ceb67925f45",
  "src": "split(ad4d8f586b6dbd0b)",
  "lo_int": [
    0,
    0,
    0,
    0,
    0,
    0,
    0,
    0,
    0,
    0,
    0,
    144115188075855872,
    0,
    0,
    144115188075855872,
    0,
    0,
    0,
    0,
    0,
    0,
    0
  ],
  "hi_int": [
    288230376151711744,
    288230376151711744,
    288230376151711744,
    288230376151711744,
    288230376151711744,
    288230376151711744,
    288230376151711744,
    288230376151711744,
    288230376151711744,
    288230376151711744,
    288230376151711744,
    288230376151711744,
    144115188075855872,
    144115188075855872,
    288230376151711744,
    144115188075855872,
    144115188075855872,
    144115188075855872,
    144115188075855872,
    144115188075855872,
    144115188075855872,
    144115188075855872
  ],
  "depth": 54,
  "volume": 2.7755575615628914e-17,
  "lp_val": 1.0129800307219665,
  "iters_survived": 6,
  "K": 0,
  "wall_s": 152.0283441543579,
  "verdict": "feas",
  "lambda_star": -6.205117294667733e-06,
  "status": "solsta.optimal",
  "peak_rss_kb": 4786416,
  "peak_rss_gb": 4.56,
  "threads": 4,
  "error": null
}