{
  "worker_id": 35,
  "hash": "924944eaffca0e62",
  "src": "split(ad4d8f586b6dbd0b)",
  "lo_int": [
    0,
    0,
    0,
    0,
    0,
    0,
    0,
    0,
    0,
    0,
    0,
    0,
    0,
    144115188075855872,
    0,
    0,
    0,
    0,
    144115188075855872,
    144115188075855872,
    0,
    0
  ],
  "hi_int": [
    288230376151711744,
    288230376151711744,
    288230376151711744,
    288230376151711744,
    288230376151711744,
    288230376151711744,
    288230376151711744,
    288230376151711744,
    288230376151711744,
    288230376151711744,
    288230376151711744,
    144115188075855872,
    144115188075855872,
    288230376151711744,
    144115188075855872,
    144115188075855872,
    144115188075855872,
    144115188075855872,
    288230376151711744,
    288230376151711744,
    144115188075855872,
    144115188075855872
  ],
  "depth": 54,
  "volume": 2.7755575615628914e-17,
  "lp_val": 1.1339833401690618,
  "iters_survived": 6,
  "K": 0,
  "wall_s": 141.02557563781738,
  "verdict": "feas",
  "lambda_star": -6.5151087339392485e-06,
  "status": "solsta.optimal",
  "peak_rss_kb": 7165944,
  "peak_rss_gb": 6.83,
  "threads": 4,
  "error": null
}