{
  "worker_id": 30,
  "hash": "98a45a4c9b528bac",
  "src": "split(ad4d8f586b6dbd0b)",
  "lo_int": [
    0,
    0,
    0,
    0,
    0,
    0,
    0,
    0,
    0,
    0,
    0,
    0,
    0,
    0,
    0,
    0,
    144115188075855872,
    0,
    0,
    0,
    0,
    0
  ],
  "hi_int": [
    288230376151711744,
    288230376151711744,
    288230376151711744,
    288230376151711744,
    288230376151711744,
    288230376151711744,
    288230376151711744,
    288230376151711744,
    288230376151711744,
    288230376151711744,
    288230376151711744,
    144115188075855872,
    144115188075855872,
    144115188075855872,
    144115188075855872,
    144115188075855872,
    288230376151711744,
    144115188075855872,
    144115188075855872,
    144115188075855872,
    144115188075855872,
    144115188075855872
  ],
  "depth": 54,
  "volume": 2.7755575615628914e-17,
  "lp_val": 1.0098619072433557,
  "iters_survived": 6,
  "K": 0,
  "wall_s": 165.71487140655518,
  "verdict": "feas",
  "lambda_star": -7.586114473005774e-06,
  "status": "solsta.optimal",
  "peak_rss_kb": 4789092,
  "peak_rss_gb": 4.57,
  "threads": 4,
  "error": null
}