{
  "worker_id": 30,
  "hash": "9b1ce94b341c1545",
  "src": "split(ad4d8f586b6dbd0b)",
  "lo_int": [
    0,
    0,
    0,
    0,
    0,
    0,
    0,
    0,
    0,
    0,
    0,
    144115188075855872,
    0,
    0,
    0,
    0,
    144115188075855872,
    0,
    0,
    144115188075855872,
    0,
    0
  ],
  "hi_int": [
    288230376151711744,
    288230376151711744,
    288230376151711744,
    288230376151711744,
    288230376151711744,
    288230376151711744,
    288230376151711744,
    288230376151711744,
    288230376151711744,
    288230376151711744,
    288230376151711744,
    288230376151711744,
    144115188075855872,
    144115188075855872,
    144115188075855872,
    144115188075855872,
    288230376151711744,
    144115188075855872,
    144115188075855872,
    288230376151711744,
    144115188075855872,
    144115188075855872
  ],
  "depth": 54,
  "volume": 2.7755575615628914e-17,
  "lp_val": 1.0614608262930323,
  "iters_survived": 6,
  "K": 0,
  "wall_s": 151.43253254890442,
  "verdict": "feas",
  "lambda_star": -4.431008904651514e-06,
  "status": "solsta.optimal",
  "peak_rss_kb": 7168948,
  "peak_rss_gb": 6.84,
  "threads": 4,
  "error": null
}