{
  "worker_id": 8,
  "hash": "9da1b0ac0a93c5eb",
  "src": "split(e82d7abfe44e73f9)",
  "lo_int": [
    0,
    0,
    0,
    0,
    0,
    0,
    0,
    0,
    0,
    0,
    0,
    144115188075855872,
    0,
    0,
    144115188075855872,
    0,
    144115188075855872,
    0,
    0,
    0,
    0,
    144115188075855872
  ],
  "hi_int": [
    288230376151711744,
    288230376151711744,
    288230376151711744,
    288230376151711744,
    288230376151711744,
    288230376151711744,
    288230376151711744,
    288230376151711744,
    288230376151711744,
    288230376151711744,
    288230376151711744,
    288230376151711744,
    144115188075855872,
    144115188075855872,
    288230376151711744,
    144115188075855872,
    288230376151711744,
    144115188075855872,
    144115188075855872,
    144115188075855872,
    144115188075855872,
    288230376151711744
  ],
  "depth": 54,
  "volume": 2.7755575615628914e-17,
  "lp_val": 1.1613325281803542,
  "iters_survived": 6,
  "K": 0,
  "wall_s": 189.2847535610199,
  "verdict": "feas",
  "lambda_star": -3.958667028621125e-06,
  "status": "solsta.optimal",
  "peak_rss_kb": 7193828,
  "peak_rss_gb": 6.86,
  "threads": 4,
  "error": null
}