{
  "worker_id": 23,
  "hash": "a89700f9ccb5ae1e",
  "src": "split(ad4d8f586b6dbd0b)",
  "lo_int": [
    0,
    0,
    0,
    0,
    0,
    0,
    0,
    0,
    0,
    0,
    0,
    0,
    0,
    144115188075855872,
    0,
    144115188075855872,
    0,
    0,
    144115188075855872,
    144115188075855872,
    0,
    0
  ],
  "hi_int": [
    288230376151711744,
    288230376151711744,
    288230376151711744,
    288230376151711744,
    288230376151711744,
    288230376151711744,
    288230376151711744,
    288230376151711744,
    288230376151711744,
    288230376151711744,
    288230376151711744,
    144115188075855872,
    144115188075855872,
    288230376151711744,
    144115188075855872,
    288230376151711744,
    144115188075855872,
    144115188075855872,
    288230376151711744,
    288230376151711744,
    144115188075855872,
    144115188075855872
  ],
  "depth": 54,
  "volume": 2.7755575615628914e-17,
  "lp_val": 1.271807992202728,
  "iters_survived": 6,
  "K": 0,
  "wall_s": 238.21906352043152,
  "verdict": "infeas",
  "lambda_star": 0.9999999987965273,
  "status": "solsta.optimal",
  "peak_rss_kb": 7199000,
  "peak_rss_gb": 6.87,
  "threads": 4,
  "error": null
}