{
  "worker_id": 16,
  "hash": "a906569cdaeadff9",
  "src": "split(12fcabc1c81348e3)",
  "lo_int": [
    0,
    0,
    0,
    0,
    0,
    0,
    0,
    0,
    0,
    0,
    0,
    0,
    0,
    0,
    144115188075855872,
    0,
    144115188075855872,
    0,
    0,
    0,
    144115188075855872,
    0
  ],
  "hi_int": [
    288230376151711744,
    288230376151711744,
    288230376151711744,
    288230376151711744,
    288230376151711744,
    288230376151711744,
    288230376151711744,
    288230376151711744,
    288230376151711744,
    288230376151711744,
    288230376151711744,
    144115188075855872,
    144115188075855872,
    144115188075855872,
    288230376151711744,
    144115188075855872,
    288230376151711744,
    144115188075855872,
    144115188075855872,
    144115188075855872,
    288230376151711744,
    144115188075855872
  ],
  "depth": 54,
  "volume": 2.7755575615628914e-17,
  "lp_val": 1.0814385874193944,
  "iters_survived": 6,
  "K": 0,
  "wall_s": 138.28083086013794,
  "verdict": "feas",
  "lambda_star": -1.3570681059759533e-05,
  "status": "solsta.optimal",
  "peak_rss_kb": 7184532,
  "peak_rss_gb": 6.85,
  "threads": 4,
  "error": null
}