{
  "worker_id": 40,
  "hash": "ac238be191d9eda8",
  "src": "split(15d4e341ea7c9e0f)",
  "lo_int": [
    0,
    0,
    0,
    0,
    0,
    0,
    0,
    0,
    0,
    0,
    0,
    0,
    0,
    0,
    0,
    144115188075855872,
    0,
    0,
    0,
    144115188075855872,
    144115188075855872,
    144115188075855872
  ],
  "hi_int": [
    288230376151711744,
    288230376151711744,
    288230376151711744,
    288230376151711744,
    288230376151711744,
    288230376151711744,
    288230376151711744,
    288230376151711744,
    288230376151711744,
    288230376151711744,
    288230376151711744,
    144115188075855872,
    144115188075855872,
    144115188075855872,
    144115188075855872,
    288230376151711744,
    144115188075855872,
    144115188075855872,
    144115188075855872,
    288230376151711744,
    288230376151711744,
    288230376151711744
  ],
  "depth": 54,
  "volume": 2.7755575615628914e-17,
  "lp_val": 1.2447383990335288,
  "iters_survived": 6,
  "K": 0,
  "wall_s": 155.0379343032837,
  "verdict": "infeas",
  "lambda_star": 0.9999999999893302,
  "status": "solsta.optimal",
  "peak_rss_kb": 7184604,
  "peak_rss_gb": 6.85,
  "threads": 4,
  "error": null
}