{
  "worker_id": 32,
  "hash": "ae8a2ceda68c473f",
  "src": "split(ad4d8f586b6dbd0b)",
  "lo_int": [
    0,
    0,
    0,
    0,
    0,
    0,
    0,
    0,
    0,
    0,
    0,
    0,
    0,
    0,
    0,
    144115188075855872,
    0,
    0,
    144115188075855872,
    144115188075855872,
    0,
    0
  ],
  "hi_int": [
    288230376151711744,
    288230376151711744,
    288230376151711744,
    288230376151711744,
    288230376151711744,
    288230376151711744,
    288230376151711744,
    288230376151711744,
    288230376151711744,
    288230376151711744,
    288230376151711744,
    144115188075855872,
    144115188075855872,
    144115188075855872,
    144115188075855872,
    288230376151711744,
    144115188075855872,
    144115188075855872,
    288230376151711744,
    288230376151711744,
    144115188075855872,
    144115188075855872
  ],
  "depth": 54,
  "volume": 2.7755575615628914e-17,
  "lp_val": 1.150665498070175,
  "iters_survived": 6,
  "K": 0,
  "wall_s": 137.60254216194153,
  "verdict": "feas",
  "lambda_star": -1.2839049153890947e-05,
  "status": "solsta.optimal",
  "peak_rss_kb": 7165884,
  "peak_rss_gb": 6.83,
  "threads": 4,
  "error": null
}