{
  "worker_id": 41,
  "hash": "b1dc7cd27a78a0dc",
  "src": "split(12fcabc1c81348e3)",
  "lo_int": [
    0,
    0,
    0,
    0,
    0,
    0,
    0,
    0,
    0,
    0,
    0,
    0,
    0,
    144115188075855872,
    0,
    144115188075855872,
    0,
    0,
    0,
    0,
    144115188075855872,
    0
  ],
  "hi_int": [
    288230376151711744,
    288230376151711744,
    288230376151711744,
    288230376151711744,
    288230376151711744,
    288230376151711744,
    288230376151711744,
    288230376151711744,
    288230376151711744,
    288230376151711744,
    288230376151711744,
    144115188075855872,
    144115188075855872,
    288230376151711744,
    144115188075855872,
    288230376151711744,
    144115188075855872,
    144115188075855872,
    144115188075855872,
    144115188075855872,
    288230376151711744,
    144115188075855872
  ],
  "depth": 54,
  "volume": 2.7755575615628914e-17,
  "lp_val": 1.0567649664070593,
  "iters_survived": 6,
  "K": 0,
  "wall_s": 134.51579070091248,
  "verdict": "feas",
  "lambda_star": -7.384198718754404e-06,
  "status": "solsta.optimal",
  "peak_rss_kb": 7167720,
  "peak_rss_gb": 6.84,
  "threads": 4,
  "error": null
}