{
  "worker_id": 7,
  "hash": "b2c04552a0baa8ed",
  "src": "split(15d4e341ea7c9e0f)",
  "lo_int": [
    0,
    0,
    0,
    0,
    0,
    0,
    0,
    0,
    0,
    0,
    0,
    0,
    0,
    0,
    0,
    0,
    0,
    0,
    144115188075855872,
    0,
    144115188075855872,
    144115188075855872
  ],
  "hi_int": [
    288230376151711744,
    288230376151711744,
    288230376151711744,
    288230376151711744,
    288230376151711744,
    288230376151711744,
    288230376151711744,
    288230376151711744,
    288230376151711744,
    288230376151711744,
    288230376151711744,
    144115188075855872,
    144115188075855872,
    144115188075855872,
    144115188075855872,
    144115188075855872,
    144115188075855872,
    144115188075855872,
    288230376151711744,
    144115188075855872,
    288230376151711744,
    288230376151711744
  ],
  "depth": 54,
  "volume": 2.7755575615628914e-17,
  "lp_val": 1.118715796053041,
  "iters_survived": 6,
  "K": 0,
  "wall_s": 130.84041595458984,
  "verdict": "feas",
  "lambda_star": -1.3203405009988318e-05,
  "status": "solsta.optimal",
  "peak_rss_kb": 7184820,
  "peak_rss_gb": 6.85,
  "threads": 4,
  "error": null
}