{
  "worker_id": 22,
  "hash": "b79fce2bd2052c15",
  "src": "split(ad4d8f586b6dbd0b)",
  "lo_int": [
    0,
    0,
    0,
    0,
    0,
    0,
    0,
    0,
    0,
    0,
    0,
    0,
    144115188075855872,
    0,
    0,
    0,
    144115188075855872,
    0,
    0,
    0,
    0,
    0
  ],
  "hi_int": [
    288230376151711744,
    288230376151711744,
    288230376151711744,
    288230376151711744,
    288230376151711744,
    288230376151711744,
    288230376151711744,
    288230376151711744,
    288230376151711744,
    288230376151711744,
    288230376151711744,
    144115188075855872,
    288230376151711744,
    144115188075855872,
    144115188075855872,
    144115188075855872,
    288230376151711744,
    144115188075855872,
    144115188075855872,
    144115188075855872,
    144115188075855872,
    144115188075855872
  ],
  "depth": 54,
  "volume": 2.7755575615628914e-17,
  "lp_val": 1.0151644336175394,
  "iters_survived": 6,
  "K": 0,
  "wall_s": 147.51184058189392,
  "verdict": "feas",
  "lambda_star": -6.308035320917304e-06,
  "status": "solsta.optimal",
  "peak_rss_kb": 4785680,
  "peak_rss_gb": 4.56,
  "threads": 4,
  "error": null
}