{
  "worker_id": 6,
  "hash": "b871ef7cfcd39554",
  "src": "split(e82d7abfe44e73f9)",
  "lo_int": [
    0,
    0,
    0,
    0,
    0,
    0,
    0,
    0,
    0,
    0,
    0,
    144115188075855872,
    0,
    0,
    144115188075855872,
    0,
    0,
    0,
    0,
    144115188075855872,
    0,
    144115188075855872
  ],
  "hi_int": [
    288230376151711744,
    288230376151711744,
    288230376151711744,
    288230376151711744,
    288230376151711744,
    288230376151711744,
    288230376151711744,
    288230376151711744,
    288230376151711744,
    288230376151711744,
    288230376151711744,
    288230376151711744,
    144115188075855872,
    144115188075855872,
    288230376151711744,
    144115188075855872,
    144115188075855872,
    144115188075855872,
    144115188075855872,
    288230376151711744,
    144115188075855872,
    288230376151711744
  ],
  "depth": 54,
  "volume": 2.7755575615628914e-17,
  "lp_val": 1.1637340036563069,
  "iters_survived": 6,
  "K": 0,
  "wall_s": 164.20498919487,
  "verdict": "feas",
  "lambda_star": -4.940613055855957e-06,
  "status": "solsta.optimal",
  "peak_rss_kb": 7205616,
  "peak_rss_gb": 6.87,
  "threads": 4,
  "error": null
}