{
  "worker_id": 3,
  "hash": "b9dee4f8cfee5110",
  "src": "split(ad4d8f586b6dbd0b)",
  "lo_int": [
    0,
    0,
    0,
    0,
    0,
    0,
    0,
    0,
    0,
    0,
    0,
    0,
    0,
    0,
    144115188075855872,
    0,
    0,
    144115188075855872,
    144115188075855872,
    0,
    0,
    0
  ],
  "hi_int": [
    288230376151711744,
    288230376151711744,
    288230376151711744,
    288230376151711744,
    288230376151711744,
    288230376151711744,
    288230376151711744,
    288230376151711744,
    288230376151711744,
    288230376151711744,
    288230376151711744,
    144115188075855872,
    144115188075855872,
    144115188075855872,
    288230376151711744,
    144115188075855872,
    144115188075855872,
    288230376151711744,
    288230376151711744,
    144115188075855872,
    144115188075855872,
    144115188075855872
  ],
  "depth": 54,
  "volume": 2.7755575615628914e-17,
  "lp_val": 1.1524593243173218,
  "iters_survived": 6,
  "K": 0,
  "wall_s": 138.12522792816162,
  "verdict": "feas",
  "lambda_star": -7.645275797450286e-06,
  "status": "solsta.optimal",
  "peak_rss_kb": 7151648,
  "peak_rss_gb": 6.82,
  "threads": 4,
  "error": null
}