{
  "worker_id": 27,
  "hash": "bc87249f5fe8539c",
  "src": "split(e82d7abfe44e73f9)",
  "lo_int": [
    0,
    0,
    0,
    0,
    0,
    0,
    0,
    0,
    0,
    0,
    0,
    0,
    0,
    144115188075855872,
    0,
    0,
    0,
    0,
    144115188075855872,
    144115188075855872,
    0,
    144115188075855872
  ],
  "hi_int": [
    288230376151711744,
    288230376151711744,
    288230376151711744,
    288230376151711744,
    288230376151711744,
    288230376151711744,
    288230376151711744,
    288230376151711744,
    288230376151711744,
    288230376151711744,
    288230376151711744,
    144115188075855872,
    144115188075855872,
    288230376151711744,
    144115188075855872,
    144115188075855872,
    144115188075855872,
    144115188075855872,
    288230376151711744,
    288230376151711744,
    144115188075855872,
    288230376151711744
  ],
  "depth": 54,
  "volume": 2.7755575615628914e-17,
  "lp_val": 1.2364425874075968,
  "iters_survived": 6,
  "K": 0,
  "wall_s": 166.96125626564026,
  "verdict": "feas",
  "lambda_star": -4.254735767276063e-06,
  "status": "solsta.optimal",
  "peak_rss_kb": 7257216,
  "peak_rss_gb": 6.92,
  "threads": 4,
  "error": null
}