{
  "worker_id": 1,
  "hash": "bcf7197f5fa04199",
  "src": "split(ad4d8f586b6dbd0b)",
  "lo_int": [
    0,
    0,
    0,
    0,
    0,
    0,
    0,
    0,
    0,
    0,
    0,
    144115188075855872,
    0,
    0,
    144115188075855872,
    0,
    0,
    144115188075855872,
    0,
    144115188075855872,
    0,
    0
  ],
  "hi_int": [
    288230376151711744,
    288230376151711744,
    288230376151711744,
    288230376151711744,
    288230376151711744,
    288230376151711744,
    288230376151711744,
    288230376151711744,
    288230376151711744,
    288230376151711744,
    288230376151711744,
    288230376151711744,
    144115188075855872,
    144115188075855872,
    288230376151711744,
    144115188075855872,
    144115188075855872,
    288230376151711744,
    144115188075855872,
    288230376151711744,
    144115188075855872,
    144115188075855872
  ],
  "depth": 54,
  "volume": 2.7755575615628914e-17,
  "lp_val": 1.1989012287334595,
  "iters_survived": 6,
  "K": 0,
  "wall_s": 168.97900199890137,
  "verdict": "feas",
  "lambda_star": -3.6002720309198406e-06,
  "status": "solsta.optimal",
  "peak_rss_kb": 7157952,
  "peak_rss_gb": 6.83,
  "threads": 4,
  "error": null
}