{
  "worker_id": 22,
  "hash": "bf39ac4e53832820",
  "src": "split(ad4d8f586b6dbd0b)",
  "lo_int": [
    0,
    0,
    0,
    0,
    0,
    0,
    0,
    0,
    0,
    0,
    0,
    144115188075855872,
    0,
    0,
    0,
    0,
    0,
    0,
    144115188075855872,
    144115188075855872,
    0,
    0
  ],
  "hi_int": [
    288230376151711744,
    288230376151711744,
    288230376151711744,
    288230376151711744,
    288230376151711744,
    288230376151711744,
    288230376151711744,
    288230376151711744,
    288230376151711744,
    288230376151711744,
    288230376151711744,
    288230376151711744,
    144115188075855872,
    144115188075855872,
    144115188075855872,
    144115188075855872,
    144115188075855872,
    144115188075855872,
    288230376151711744,
    288230376151711744,
    144115188075855872,
    144115188075855872
  ],
  "depth": 54,
  "volume": 2.7755575615628914e-17,
  "lp_val": 1.1052008606089267,
  "iters_survived": 6,
  "K": 0,
  "wall_s": 154.86561608314514,
  "verdict": "feas",
  "lambda_star": -5.571484537200781e-06,
  "status": "solsta.optimal",
  "peak_rss_kb": 7194140,
  "peak_rss_gb": 6.86,
  "threads": 4,
  "error": null
}