{
  "worker_id": 39,
  "hash": "c204b987f7a3fe76",
  "src": "split(e82d7abfe44e73f9)",
  "lo_int": [
    0,
    0,
    0,
    0,
    0,
    0,
    0,
    0,
    0,
    0,
    0,
    0,
    0,
    144115188075855872,
    0,
    144115188075855872,
    0,
    144115188075855872,
    0,
    0,
    0,
    144115188075855872
  ],
  "hi_int": [
    288230376151711744,
    288230376151711744,
    288230376151711744,
    288230376151711744,
    288230376151711744,
    288230376151711744,
    288230376151711744,
    288230376151711744,
    288230376151711744,
    288230376151711744,
    288230376151711744,
    144115188075855872,
    144115188075855872,
    288230376151711744,
    144115188075855872,
    288230376151711744,
    144115188075855872,
    288230376151711744,
    144115188075855872,
    144115188075855872,
    144115188075855872,
    288230376151711744
  ],
  "depth": 54,
  "volume": 2.7755575615628914e-17,
  "lp_val": 1.2042607378854624,
  "iters_survived": 6,
  "K": 0,
  "wall_s": 177.471364736557,
  "verdict": "feas",
  "lambda_star": -3.310554154732996e-06,
  "status": "solsta.optimal",
  "peak_rss_kb": 7173352,
  "peak_rss_gb": 6.84,
  "threads": 4,
  "error": null
}