{
  "worker_id": 28,
  "hash": "c6d68242f6994753",
  "src": "split(12fcabc1c81348e3)",
  "lo_int": [
    0,
    0,
    0,
    0,
    0,
    0,
    0,
    0,
    0,
    0,
    0,
    144115188075855872,
    0,
    0,
    0,
    144115188075855872,
    0,
    0,
    0,
    0,
    144115188075855872,
    0
  ],
  "hi_int": [
    288230376151711744,
    288230376151711744,
    288230376151711744,
    288230376151711744,
    288230376151711744,
    288230376151711744,
    288230376151711744,
    288230376151711744,
    288230376151711744,
    288230376151711744,
    288230376151711744,
    288230376151711744,
    144115188075855872,
    144115188075855872,
    144115188075855872,
    288230376151711744,
    144115188075855872,
    144115188075855872,
    144115188075855872,
    144115188075855872,
    288230376151711744,
    144115188075855872
  ],
  "depth": 54,
  "volume": 2.7755575615628914e-17,
  "lp_val": 1.0151973384229878,
  "iters_survived": 6,
  "K": 0,
  "wall_s": 148.76013159751892,
  "verdict": "feas",
  "lambda_star": -4.182807891140067e-06,
  "status": "solsta.optimal",
  "peak_rss_kb": 7155704,
  "peak_rss_gb": 6.82,
  "threads": 4,
  "error": null
}