{
  "worker_id": 28,
  "hash": "ca006b03d7b8bb88",
  "src": "split(e82d7abfe44e73f9)",
  "lo_int": [
    0,
    0,
    0,
    0,
    0,
    0,
    0,
    0,
    0,
    0,
    0,
    144115188075855872,
    0,
    0,
    0,
    0,
    0,
    0,
    0,
    144115188075855872,
    0,
    144115188075855872
  ],
  "hi_int": [
    288230376151711744,
    288230376151711744,
    288230376151711744,
    288230376151711744,
    288230376151711744,
    288230376151711744,
    288230376151711744,
    288230376151711744,
    288230376151711744,
    288230376151711744,
    288230376151711744,
    288230376151711744,
    144115188075855872,
    144115188075855872,
    144115188075855872,
    144115188075855872,
    144115188075855872,
    144115188075855872,
    144115188075855872,
    288230376151711744,
    144115188075855872,
    288230376151711744
  ],
  "depth": 54,
  "volume": 2.7755575615628914e-17,
  "lp_val": 1.0370675038720052,
  "iters_survived": 6,
  "K": 0,
  "wall_s": 144.6363091468811,
  "verdict": "feas",
  "lambda_star": -3.236576430509798e-06,
  "status": "solsta.optimal",
  "peak_rss_kb": 7230776,
  "peak_rss_gb": 6.9,
  "threads": 4,
  "error": null
}