{
  "worker_id": 33,
  "hash": "cc95ca6a7f3c2f17",
  "src": "split(12fcabc1c81348e3)",
  "lo_int": [
    0,
    0,
    0,
    0,
    0,
    0,
    0,
    0,
    0,
    0,
    0,
    0,
    0,
    0,
    0,
    144115188075855872,
    0,
    144115188075855872,
    0,
    0,
    144115188075855872,
    0
  ],
  "hi_int": [
    288230376151711744,
    288230376151711744,
    288230376151711744,
    288230376151711744,
    288230376151711744,
    288230376151711744,
    288230376151711744,
    288230376151711744,
    288230376151711744,
    288230376151711744,
    288230376151711744,
    144115188075855872,
    144115188075855872,
    144115188075855872,
    144115188075855872,
    288230376151711744,
    144115188075855872,
    288230376151711744,
    144115188075855872,
    144115188075855872,
    288230376151711744,
    144115188075855872
  ],
  "depth": 54,
  "volume": 2.7755575615628914e-17,
  "lp_val": 1.1009983775361036,
  "iters_survived": 6,
  "K": 0,
  "wall_s": 156.65145325660706,
  "verdict": "feas",
  "lambda_star": -9.82118367238283e-06,
  "status": "solsta.optimal",
  "peak_rss_kb": 7165548,
  "peak_rss_gb": 6.83,
  "threads": 4,
  "error": null
}