{
  "worker_id": 13,
  "hash": "ce3b7e108ba603bc",
  "src": "split(ad4d8f586b6dbd0b)",
  "lo_int": [
    0,
    0,
    0,
    0,
    0,
    0,
    0,
    0,
    0,
    0,
    0,
    0,
    0,
    0,
    0,
    0,
    144115188075855872,
    0,
    0,
    144115188075855872,
    0,
    0
  ],
  "hi_int": [
    288230376151711744,
    288230376151711744,
    288230376151711744,
    288230376151711744,
    288230376151711744,
    288230376151711744,
    288230376151711744,
    288230376151711744,
    288230376151711744,
    288230376151711744,
    288230376151711744,
    144115188075855872,
    144115188075855872,
    144115188075855872,
    144115188075855872,
    144115188075855872,
    288230376151711744,
    144115188075855872,
    144115188075855872,
    288230376151711744,
    144115188075855872,
    144115188075855872
  ],
  "depth": 54,
  "volume": 2.7755575615628914e-17,
  "lp_val": 1.0191032953105204,
  "iters_survived": 6,
  "K": 0,
  "wall_s": 155.58180475234985,
  "verdict": "feas",
  "lambda_star": -5.038893701713356e-06,
  "status": "solsta.optimal",
  "peak_rss_kb": 7235588,
  "peak_rss_gb": 6.9,
  "threads": 4,
  "error": null
}