{
  "worker_id": 25,
  "hash": "cf3fdcccf6f9812f",
  "src": "split(12fcabc1c81348e3)",
  "lo_int": [
    0,
    0,
    0,
    0,
    0,
    0,
    0,
    0,
    0,
    0,
    0,
    0,
    144115188075855872,
    0,
    0,
    0,
    144115188075855872,
    0,
    144115188075855872,
    0,
    144115188075855872,
    0
  ],
  "hi_int": [
    288230376151711744,
    288230376151711744,
    288230376151711744,
    288230376151711744,
    288230376151711744,
    288230376151711744,
    288230376151711744,
    288230376151711744,
    288230376151711744,
    288230376151711744,
    288230376151711744,
    144115188075855872,
    288230376151711744,
    144115188075855872,
    144115188075855872,
    144115188075855872,
    288230376151711744,
    144115188075855872,
    288230376151711744,
    144115188075855872,
    288230376151711744,
    144115188075855872
  ],
  "depth": 54,
  "volume": 2.7755575615628914e-17,
  "lp_val": 1.2350990597716585,
  "iters_survived": 6,
  "K": 0,
  "wall_s": 153.2578468322754,
  "verdict": "feas",
  "lambda_star": -1.0605313533288283e-05,
  "status": "solsta.optimal",
  "peak_rss_kb": 7202652,
  "peak_rss_gb": 6.87,
  "threads": 4,
  "error": null
}