{
  "worker_id": 0,
  "hash": "d059f652ebe165d6",
  "src": "split(ad4d8f586b6dbd0b)",
  "lo_int": [
    0,
    0,
    0,
    0,
    0,
    0,
    0,
    0,
    0,
    0,
    0,
    144115188075855872,
    0,
    0,
    144115188075855872,
    0,
    0,
    0,
    144115188075855872,
    144115188075855872,
    0,
    0
  ],
  "hi_int": [
    288230376151711744,
    288230376151711744,
    288230376151711744,
    288230376151711744,
    288230376151711744,
    288230376151711744,
    288230376151711744,
    288230376151711744,
    288230376151711744,
    288230376151711744,
    288230376151711744,
    288230376151711744,
    144115188075855872,
    144115188075855872,
    288230376151711744,
    144115188075855872,
    144115188075855872,
    144115188075855872,
    288230376151711744,
    288230376151711744,
    144115188075855872,
    144115188075855872
  ],
  "depth": 54,
  "volume": 2.7755575615628914e-17,
  "lp_val": 1.223833930467091,
  "iters_survived": 6,
  "K": 0,
  "wall_s": 169.66154742240906,
  "verdict": "feas",
  "lambda_star": -2.7908330063840012e-06,
  "status": "solsta.optimal",
  "peak_rss_kb": 7172024,
  "peak_rss_gb": 6.84,
  "threads": 4,
  "error": null
}