{
  "worker_id": 0,
  "hash": "d5b6d6cbc2bd09ec",
  "src": "split(e82d7abfe44e73f9)",
  "lo_int": [
    0,
    0,
    0,
    0,
    0,
    0,
    0,
    0,
    0,
    0,
    0,
    0,
    0,
    0,
    0,
    0,
    0,
    144115188075855872,
    144115188075855872,
    0,
    0,
    144115188075855872
  ],
  "hi_int": [
    288230376151711744,
    288230376151711744,
    288230376151711744,
    288230376151711744,
    288230376151711744,
    288230376151711744,
    288230376151711744,
    288230376151711744,
    288230376151711744,
    288230376151711744,
    288230376151711744,
    144115188075855872,
    144115188075855872,
    144115188075855872,
    144115188075855872,
    144115188075855872,
    144115188075855872,
    288230376151711744,
    288230376151711744,
    144115188075855872,
    144115188075855872,
    288230376151711744
  ],
  "depth": 54,
  "volume": 2.7755575615628914e-17,
  "lp_val": 1.1373575552446142,
  "iters_survived": 6,
  "K": 0,
  "wall_s": 173.47975134849548,
  "verdict": "feas",
  "lambda_star": -5.178671908731417e-06,
  "status": "solsta.optimal",
  "peak_rss_kb": 7196156,
  "peak_rss_gb": 6.86,
  "threads": 4,
  "error": null
}