{
  "worker_id": 30,
  "hash": "d6959e200ccf9446",
  "src": "split(ad4d8f586b6dbd0b)",
  "lo_int": [
    0,
    0,
    0,
    0,
    0,
    0,
    0,
    0,
    0,
    0,
    0,
    0,
    0,
    0,
    0,
    0,
    0,
    144115188075855872,
    144115188075855872,
    144115188075855872,
    0,
    0
  ],
  "hi_int": [
    288230376151711744,
    288230376151711744,
    288230376151711744,
    288230376151711744,
    288230376151711744,
    288230376151711744,
    288230376151711744,
    288230376151711744,
    288230376151711744,
    288230376151711744,
    288230376151711744,
    144115188075855872,
    144115188075855872,
    144115188075855872,
    144115188075855872,
    144115188075855872,
    144115188075855872,
    288230376151711744,
    288230376151711744,
    288230376151711744,
    144115188075855872,
    144115188075855872
  ],
  "depth": 54,
  "volume": 2.7755575615628914e-17,
  "lp_val": 1.2160203520352033,
  "iters_survived": 6,
  "K": 0,
  "wall_s": 165.41474890708923,
  "verdict": "feas",
  "lambda_star": -8.952163456702116e-06,
  "status": "solsta.optimal",
  "peak_rss_kb": 7186744,
  "peak_rss_gb": 6.85,
  "threads": 4,
  "error": null
}