{
  "worker_id": 47,
  "hash": "d70a85231ad37385",
  "src": "split(15d4e341ea7c9e0f)",
  "lo_int": [
    0,
    0,
    0,
    0,
    0,
    0,
    0,
    0,
    0,
    0,
    0,
    0,
    0,
    144115188075855872,
    0,
    144115188075855872,
    0,
    0,
    0,
    0,
    144115188075855872,
    144115188075855872
  ],
  "hi_int": [
    288230376151711744,
    288230376151711744,
    288230376151711744,
    288230376151711744,
    288230376151711744,
    288230376151711744,
    288230376151711744,
    288230376151711744,
    288230376151711744,
    288230376151711744,
    288230376151711744,
    144115188075855872,
    144115188075855872,
    288230376151711744,
    144115188075855872,
    288230376151711744,
    144115188075855872,
    144115188075855872,
    144115188075855872,
    144115188075855872,
    288230376151711744,
    288230376151711744
  ],
  "depth": 54,
  "volume": 2.7755575615628914e-17,
  "lp_val": 1.2283333333333335,
  "iters_survived": 6,
  "K": 0,
  "wall_s": 145.58825302124023,
  "verdict": "feas",
  "lambda_star": -1.2299231541154846e-05,
  "status": "solsta.optimal",
  "peak_rss_kb": 7189572,
  "peak_rss_gb": 6.86,
  "threads": 4,
  "error": null
}