{
  "worker_id": 42,
  "hash": "deba2480acf41dd2",
  "src": "split(12fcabc1c81348e3)",
  "lo_int": [
    0,
    0,
    0,
    0,
    0,
    0,
    0,
    0,
    0,
    0,
    0,
    0,
    0,
    144115188075855872,
    144115188075855872,
    0,
    0,
    0,
    0,
    0,
    144115188075855872,
    0
  ],
  "hi_int": [
    288230376151711744,
    288230376151711744,
    288230376151711744,
    288230376151711744,
    288230376151711744,
    288230376151711744,
    288230376151711744,
    288230376151711744,
    288230376151711744,
    288230376151711744,
    288230376151711744,
    144115188075855872,
    144115188075855872,
    288230376151711744,
    288230376151711744,
    144115188075855872,
    144115188075855872,
    144115188075855872,
    144115188075855872,
    144115188075855872,
    288230376151711744,
    144115188075855872
  ],
  "depth": 54,
  "volume": 2.7755575615628914e-17,
  "lp_val": 1.1198246672701062,
  "iters_survived": 6,
  "K": 0,
  "wall_s": 138.57981491088867,
  "verdict": "feas",
  "lambda_star": -1.2442088773024395e-05,
  "status": "solsta.optimal",
  "peak_rss_kb": 7185852,
  "peak_rss_gb": 6.85,
  "threads": 4,
  "error": null
}