{
  "worker_id": 8,
  "hash": "dedf7b5844190b66",
  "src": "split(e82d7abfe44e73f9)",
  "lo_int": [
    0,
    0,
    0,
    0,
    0,
    0,
    0,
    0,
    0,
    0,
    0,
    0,
    0,
    0,
    144115188075855872,
    0,
    0,
    0,
    0,
    144115188075855872,
    0,
    144115188075855872
  ],
  "hi_int": [
    288230376151711744,
    288230376151711744,
    288230376151711744,
    288230376151711744,
    288230376151711744,
    288230376151711744,
    288230376151711744,
    288230376151711744,
    288230376151711744,
    288230376151711744,
    288230376151711744,
    144115188075855872,
    144115188075855872,
    144115188075855872,
    288230376151711744,
    144115188075855872,
    144115188075855872,
    144115188075855872,
    144115188075855872,
    288230376151711744,
    144115188075855872,
    288230376151711744
  ],
  "depth": 54,
  "volume": 2.7755575615628914e-17,
  "lp_val": 1.0791785645463623,
  "iters_survived": 6,
  "K": 0,
  "wall_s": 136.89657378196716,
  "verdict": "feas",
  "lambda_star": -9.716133514753286e-06,
  "status": "solsta.optimal",
  "peak_rss_kb": 7193828,
  "peak_rss_gb": 6.86,
  "threads": 4,
  "error": null
}