{
  "worker_id": 12,
  "hash": "e1d40f65e69e1bbf",
  "src": "split(ad4d8f586b6dbd0b)",
  "lo_int": [
    0,
    0,
    0,
    0,
    0,
    0,
    0,
    0,
    0,
    0,
    0,
    0,
    144115188075855872,
    0,
    0,
    0,
    0,
    144115188075855872,
    0,
    144115188075855872,
    0,
    0
  ],
  "hi_int": [
    288230376151711744,
    288230376151711744,
    288230376151711744,
    288230376151711744,
    288230376151711744,
    288230376151711744,
    288230376151711744,
    288230376151711744,
    288230376151711744,
    288230376151711744,
    288230376151711744,
    144115188075855872,
    288230376151711744,
    144115188075855872,
    144115188075855872,
    144115188075855872,
    144115188075855872,
    288230376151711744,
    144115188075855872,
    288230376151711744,
    144115188075855872,
    144115188075855872
  ],
  "depth": 54,
  "volume": 2.7755575615628914e-17,
  "lp_val": 1.092760568236223,
  "iters_survived": 6,
  "K": 0,
  "wall_s": 144.33277440071106,
  "verdict": "feas",
  "lambda_star": -7.198501178331103e-06,
  "status": "solsta.optimal",
  "peak_rss_kb": 7155600,
  "peak_rss_gb": 6.82,
  "threads": 4,
  "error": null
}