{
  "worker_id": 2,
  "hash": "e2b43774cf29ef84",
  "src": "split(15d4e341ea7c9e0f)",
  "lo_int": [
    0,
    0,
    0,
    0,
    0,
    0,
    0,
    0,
    0,
    0,
    0,
    144115188075855872,
    0,
    0,
    0,
    0,
    0,
    0,
    144115188075855872,
    0,
    144115188075855872,
    144115188075855872
  ],
  "hi_int": [
    288230376151711744,
    288230376151711744,
    288230376151711744,
    288230376151711744,
    288230376151711744,
    288230376151711744,
    288230376151711744,
    288230376151711744,
    288230376151711744,
    288230376151711744,
    288230376151711744,
    288230376151711744,
    144115188075855872,
    144115188075855872,
    144115188075855872,
    144115188075855872,
    144115188075855872,
    144115188075855872,
    288230376151711744,
    144115188075855872,
    288230376151711744,
    288230376151711744
  ],
  "depth": 54,
  "volume": 2.7755575615628914e-17,
  "lp_val": 1.1903278923253149,
  "iters_survived": 6,
  "K": 0,
  "wall_s": 123.4454197883606,
  "verdict": "feas",
  "lambda_star": -2.7718248891462198e-06,
  "status": "solsta.optimal",
  "peak_rss_kb": 7188056,
  "peak_rss_gb": 6.86,
  "threads": 4,
  "error": null
}