{
  "worker_id": 7,
  "hash": "e2cc76ffb7f585ed",
  "src": "split(e82d7abfe44e73f9)",
  "lo_int": [
    0,
    0,
    0,
    0,
    0,
    0,
    0,
    0,
    0,
    0,
    0,
    0,
    0,
    144115188075855872,
    0,
    0,
    0,
    144115188075855872,
    0,
    0,
    0,
    144115188075855872
  ],
  "hi_int": [
    288230376151711744,
    288230376151711744,
    288230376151711744,
    288230376151711744,
    288230376151711744,
    288230376151711744,
    288230376151711744,
    288230376151711744,
    288230376151711744,
    288230376151711744,
    288230376151711744,
    144115188075855872,
    144115188075855872,
    288230376151711744,
    144115188075855872,
    144115188075855872,
    144115188075855872,
    288230376151711744,
    144115188075855872,
    144115188075855872,
    144115188075855872,
    288230376151711744
  ],
  "depth": 54,
  "volume": 2.7755575615628914e-17,
  "lp_val": 1.0560763888888884,
  "iters_survived": 6,
  "K": 0,
  "wall_s": 159.26850938796997,
  "verdict": "feas",
  "lambda_star": -4.562184335927432e-06,
  "status": "solsta.optimal",
  "peak_rss_kb": 7184032,
  "peak_rss_gb": 6.85,
  "threads": 4,
  "error": null
}