{
  "worker_id": 4,
  "hash": "eab408e2759ff3a1",
  "src": "split(ad4d8f586b6dbd0b)",
  "lo_int": [
    0,
    0,
    0,
    0,
    0,
    0,
    0,
    0,
    0,
    0,
    0,
    0,
    0,
    0,
    0,
    0,
    0,
    0,
    144115188075855872,
    0,
    0,
    0
  ],
  "hi_int": [
    288230376151711744,
    288230376151711744,
    288230376151711744,
    288230376151711744,
    288230376151711744,
    288230376151711744,
    288230376151711744,
    288230376151711744,
    288230376151711744,
    288230376151711744,
    288230376151711744,
    144115188075855872,
    144115188075855872,
    144115188075855872,
    144115188075855872,
    144115188075855872,
    144115188075855872,
    144115188075855872,
    288230376151711744,
    144115188075855872,
    144115188075855872,
    144115188075855872
  ],
  "depth": 54,
  "volume": 2.7755575615628914e-17,
  "lp_val": 1.0097339639060376,
  "iters_survived": 6,
  "K": 0,
  "wall_s": 160.85425758361816,
  "verdict": "feas",
  "lambda_star": -7.785780555098039e-06,
  "status": "solsta.optimal",
  "peak_rss_kb": 7151008,
  "peak_rss_gb": 6.82,
  "threads": 4,
  "error": null
}