{
  "worker_id": 20,
  "hash": "ec8b62aa1bbc8b6b",
  "src": "split(e82d7abfe44e73f9)",
  "lo_int": [
    0,
    0,
    0,
    0,
    0,
    0,
    0,
    0,
    0,
    0,
    0,
    144115188075855872,
    144115188075855872,
    144115188075855872,
    0,
    0,
    0,
    0,
    0,
    0,
    0,
    144115188075855872
  ],
  "hi_int": [
    288230376151711744,
    288230376151711744,
    288230376151711744,
    288230376151711744,
    288230376151711744,
    288230376151711744,
    288230376151711744,
    288230376151711744,
    288230376151711744,
    288230376151711744,
    288230376151711744,
    288230376151711744,
    288230376151711744,
    288230376151711744,
    144115188075855872,
    144115188075855872,
    144115188075855872,
    144115188075855872,
    144115188075855872,
    144115188075855872,
    144115188075855872,
    288230376151711744
  ],
  "depth": 54,
  "volume": 2.7755575615628914e-17,
  "lp_val": 1.2703739731949848,
  "iters_survived": 6,
  "K": 0,
  "wall_s": 223.94475984573364,
  "verdict": "infeas",
  "lambda_star": 0.9999978594213459,
  "status": "solsta.optimal",
  "peak_rss_kb": 7166220,
  "peak_rss_gb": 6.83,
  "threads": 4,
  "error": null
}