{
  "worker_id": 47,
  "hash": "ed61de08dceb3ba9",
  "src": "split(12fcabc1c81348e3)",
  "lo_int": [
    0,
    0,
    0,
    0,
    0,
    0,
    0,
    0,
    0,
    0,
    0,
    144115188075855872,
    144115188075855872,
    0,
    0,
    0,
    0,
    144115188075855872,
    0,
    0,
    144115188075855872,
    0
  ],
  "hi_int": [
    288230376151711744,
    288230376151711744,
    288230376151711744,
    288230376151711744,
    288230376151711744,
    288230376151711744,
    288230376151711744,
    288230376151711744,
    288230376151711744,
    288230376151711744,
    288230376151711744,
    288230376151711744,
    288230376151711744,
    144115188075855872,
    144115188075855872,
    144115188075855872,
    144115188075855872,
    288230376151711744,
    144115188075855872,
    144115188075855872,
    288230376151711744,
    144115188075855872
  ],
  "depth": 54,
  "volume": 2.7755575615628914e-17,
  "lp_val": 1.2267823663162936,
  "iters_survived": 6,
  "K": 0,
  "wall_s": 156.0817527770996,
  "verdict": "feas",
  "lambda_star": -1.0716971847022591e-05,
  "status": "solsta.optimal",
  "peak_rss_kb": 7181212,
  "peak_rss_gb": 6.85,
  "threads": 4,
  "error": null
}