{
  "worker_id": 24,
  "hash": "eeacabe226d622f6",
  "src": "split(e82d7abfe44e73f9)",
  "lo_int": [
    0,
    0,
    0,
    0,
    0,
    0,
    0,
    0,
    0,
    0,
    0,
    0,
    0,
    0,
    0,
    144115188075855872,
    0,
    144115188075855872,
    0,
    0,
    0,
    144115188075855872
  ],
  "hi_int": [
    288230376151711744,
    288230376151711744,
    288230376151711744,
    288230376151711744,
    288230376151711744,
    288230376151711744,
    288230376151711744,
    288230376151711744,
    288230376151711744,
    288230376151711744,
    288230376151711744,
    144115188075855872,
    144115188075855872,
    144115188075855872,
    144115188075855872,
    288230376151711744,
    144115188075855872,
    288230376151711744,
    144115188075855872,
    144115188075855872,
    144115188075855872,
    288230376151711744
  ],
  "depth": 54,
  "volume": 2.7755575615628914e-17,
  "lp_val": 1.086173928976735,
  "iters_survived": 6,
  "K": 0,
  "wall_s": 169.67520403862,
  "verdict": "feas",
  "lambda_star": -4.353522715357824e-06,
  "status": "solsta.optimal",
  "peak_rss_kb": 7209856,
  "peak_rss_gb": 6.88,
  "threads": 4,
  "error": null
}