{
  "worker_id": 37,
  "hash": "f5cb49989ca3f0dc",
  "src": "split(e82d7abfe44e73f9)",
  "lo_int": [
    0,
    0,
    0,
    0,
    0,
    0,
    0,
    0,
    0,
    0,
    0,
    144115188075855872,
    0,
    0,
    144115188075855872,
    144115188075855872,
    0,
    0,
    0,
    0,
    0,
    144115188075855872
  ],
  "hi_int": [
    288230376151711744,
    288230376151711744,
    288230376151711744,
    288230376151711744,
    288230376151711744,
    288230376151711744,
    288230376151711744,
    288230376151711744,
    288230376151711744,
    288230376151711744,
    288230376151711744,
    288230376151711744,
    144115188075855872,
    144115188075855872,
    288230376151711744,
    288230376151711744,
    144115188075855872,
    144115188075855872,
    144115188075855872,
    144115188075855872,
    144115188075855872,
    288230376151711744
  ],
  "depth": 54,
  "volume": 2.7755575615628914e-17,
  "lp_val": 1.2005376344086023,
  "iters_survived": 6,
  "K": 0,
  "wall_s": 151.41101241111755,
  "verdict": "feas",
  "lambda_star": -1.2398075157922035e-05,
  "status": "solsta.optimal",
  "peak_rss_kb": 7173592,
  "peak_rss_gb": 6.84,
  "threads": 4,
  "error": null
}