{
  "worker_id": 0,
  "hash": "f6c25c88511a6817",
  "src": "split(ad4d8f586b6dbd0b)",
  "lo_int": [
    0,
    0,
    0,
    0,
    0,
    0,
    0,
    0,
    0,
    0,
    0,
    0,
    0,
    144115188075855872,
    0,
    0,
    144115188075855872,
    144115188075855872,
    0,
    0,
    0,
    0
  ],
  "hi_int": [
    288230376151711744,
    288230376151711744,
    288230376151711744,
    288230376151711744,
    288230376151711744,
    288230376151711744,
    288230376151711744,
    288230376151711744,
    288230376151711744,
    288230376151711744,
    288230376151711744,
    144115188075855872,
    144115188075855872,
    288230376151711744,
    144115188075855872,
    144115188075855872,
    288230376151711744,
    288230376151711744,
    144115188075855872,
    144115188075855872,
    144115188075855872,
    144115188075855872
  ],
  "depth": 54,
  "volume": 2.7755575615628914e-17,
  "lp_val": 1.1396396396396398,
  "iters_survived": 6,
  "K": 0,
  "wall_s": 153.49868273735046,
  "verdict": "feas",
  "lambda_star": -5.700445010874226e-06,
  "status": "solsta.optimal",
  "peak_rss_kb": 7126232,
  "peak_rss_gb": 6.8,
  "threads": 4,
  "error": null
}