{
  "worker_id": 3,
  "hash": "f7789c66b2b10737",
  "src": "split(ad4d8f586b6dbd0b)",
  "lo_int": [
    0,
    0,
    0,
    0,
    0,
    0,
    0,
    0,
    0,
    0,
    0,
    144115188075855872,
    0,
    0,
    0,
    144115188075855872,
    0,
    144115188075855872,
    0,
    0,
    0,
    0
  ],
  "hi_int": [
    288230376151711744,
    288230376151711744,
    288230376151711744,
    288230376151711744,
    288230376151711744,
    288230376151711744,
    288230376151711744,
    288230376151711744,
    288230376151711744,
    288230376151711744,
    288230376151711744,
    288230376151711744,
    144115188075855872,
    144115188075855872,
    144115188075855872,
    288230376151711744,
    144115188075855872,
    288230376151711744,
    144115188075855872,
    144115188075855872,
    144115188075855872,
    144115188075855872
  ],
  "depth": 54,
  "volume": 2.7755575615628914e-17,
  "lp_val": 1.0907457783312065,
  "iters_survived": 6,
  "K": 0,
  "wall_s": 139.96656608581543,
  "verdict": "feas",
  "lambda_star": -5.453452577465835e-06,
  "status": "solsta.optimal",
  "peak_rss_kb": 7139824,
  "peak_rss_gb": 6.81,
  "threads": 4,
  "error": null
}