{
  "worker_id": 32,
  "hash": "f81edda513b17261",
  "src": "split(12fcabc1c81348e3)",
  "lo_int": [
    0,
    0,
    0,
    0,
    0,
    0,
    0,
    0,
    0,
    0,
    0,
    144115188075855872,
    0,
    0,
    0,
    0,
    144115188075855872,
    0,
    0,
    0,
    144115188075855872,
    0
  ],
  "hi_int": [
    288230376151711744,
    288230376151711744,
    288230376151711744,
    288230376151711744,
    288230376151711744,
    288230376151711744,
    288230376151711744,
    288230376151711744,
    288230376151711744,
    288230376151711744,
    288230376151711744,
    288230376151711744,
    144115188075855872,
    144115188075855872,
    144115188075855872,
    144115188075855872,
    288230376151711744,
    144115188075855872,
    144115188075855872,
    144115188075855872,
    288230376151711744,
    144115188075855872
  ],
  "depth": 54,
  "volume": 2.7755575615628914e-17,
  "lp_val": 1.0273862759683585,
  "iters_survived": 6,
  "K": 0,
  "wall_s": 151.2230408191681,
  "verdict": "feas",
  "lambda_star": -4.463354780388386e-06,
  "status": "solsta.optimal",
  "peak_rss_kb": 7182260,
  "peak_rss_gb": 6.85,
  "threads": 4,
  "error": null
}