{
  "worker_id": 15,
  "hash": "f9ff940b4f817e87",
  "src": "split(12fcabc1c81348e3)",
  "lo_int": [
    0,
    0,
    0,
    0,
    0,
    0,
    0,
    0,
    0,
    0,
    0,
    144115188075855872,
    0,
    0,
    0,
    144115188075855872,
    0,
    0,
    144115188075855872,
    0,
    144115188075855872,
    0
  ],
  "hi_int": [
    288230376151711744,
    288230376151711744,
    288230376151711744,
    288230376151711744,
    288230376151711744,
    288230376151711744,
    288230376151711744,
    288230376151711744,
    288230376151711744,
    288230376151711744,
    288230376151711744,
    288230376151711744,
    144115188075855872,
    144115188075855872,
    144115188075855872,
    288230376151711744,
    144115188075855872,
    144115188075855872,
    288230376151711744,
    144115188075855872,
    288230376151711744,
    144115188075855872
  ],
  "depth": 54,
  "volume": 2.7755575615628914e-17,
  "lp_val": 1.1845198723110553,
  "iters_survived": 6,
  "K": 0,
  "wall_s": 186.31416821479797,
  "verdict": "feas",
  "lambda_star": -3.3639327951351917e-06,
  "status": "solsta.optimal",
  "peak_rss_kb": 7181444,
  "peak_rss_gb": 6.85,
  "threads": 4,
  "error": null
}