{
  "worker_id": 7,
  "hash": "ff0b31bbbceec02e",
  "src": "split(e82d7abfe44e73f9)",
  "lo_int": [
    0,
    0,
    0,
    0,
    0,
    0,
    0,
    0,
    0,
    0,
    0,
    0,
    0,
    0,
    0,
    144115188075855872,
    0,
    0,
    0,
    144115188075855872,
    0,
    144115188075855872
  ],
  "hi_int": [
    288230376151711744,
    288230376151711744,
    288230376151711744,
    288230376151711744,
    288230376151711744,
    288230376151711744,
    288230376151711744,
    288230376151711744,
    288230376151711744,
    288230376151711744,
    288230376151711744,
    144115188075855872,
    144115188075855872,
    144115188075855872,
    144115188075855872,
    288230376151711744,
    144115188075855872,
    144115188075855872,
    144115188075855872,
    288230376151711744,
    144115188075855872,
    288230376151711744
  ],
  "depth": 54,
  "volume": 2.7755575615628914e-17,
  "lp_val": 1.092090222121047,
  "iters_survived": 6,
  "K": 0,
  "wall_s": 156.48494267463684,
  "verdict": "feas",
  "lambda_star": -1.0273875895872118e-05,
  "status": "solsta.optimal",
  "peak_rss_kb": 7184820,
  "peak_rss_gb": 6.85,
  "threads": 4,
  "error": null
}