{
  "K_ladder": [
    0,
    16,
    32
  ],
  "stages": [
    {
      "K": 0,
      "n_input": 4,
      "n_calibration": 2,
      "calibration": [
        {
          "K": 0,
          "wall_s": 40.53491187095642,
          "cache_build_s": 0.11527180671691895,
          "verdict": "feas",
          "lambda_star": -6.377058423346085e-06,
          "status": "solsta.optimal",
          "peak_rss_kb": 4781412,
          "peak_rss_gb": 4.56,
          "threads": 16,
          "error": null,
          "hash": "ad4d8f586b6dbd0b",
          "lp_val": 1.0072674418604655,
          "src": "split(8d60cce87ab6b1c1)",
          "lo_int": [
            0,
            0,
            0,
            0,
            0,
            0,
            0,
            0,
            0,
            0,
            0,
            0,
            0,
            0,
            0,
            0,
            0,
            0,
            0,
            0,
            0,
            0
          ],
          "hi_int": [
            288230376151711744,
            288230376151711744,
            288230376151711744,
            288230376151711744,
            288230376151711744,
            288230376151711744,
            288230376151711744,
            288230376151711744,
            288230376151711744,
            288230376151711744,
            288230376151711744,
            288230376151711744,
            288230376151711744,
            288230376151711744,
            288230376151711744,
            288230376151711744,
            288230376151711744,
            288230376151711744,
            288230376151711744,
            288230376151711744,
            144115188075855872,
            144115188075855872
          ],
          "depth": 45,
          "volume": 1.4210854715202004e-14,
          "iters_survived": 5
        },
        {
          "K": 0,
          "wall_s": 40.07343649864197,
          "cache_build_s": 0.11538982391357422,
          "verdict": "feas",
          "lambda_star": -3.3535709320379716e-06,
          "status": "solsta.optimal",
          "peak_rss_kb": 4781640,
          "peak_rss_gb": 4.56,
          "threads": 16,
          "error": null,
          "hash": "12fcabc1c81348e3",
          "lp_val": 1.00736993589464,
          "src": "split(8d60cce87ab6b1c1)",
          "lo_int": [
            0,
            0,
            0,
            0,
            0,
            0,
            0,
            0,
            0,
            0,
            0,
            0,
            0,
            0,
            0,
            0,
            0,
            0,
            0,
            0,
            144115188075855872,
            0
          ],
          "hi_int": [
            288230376151711744,
            288230376151711744,
            288230376151711744,
            288230376151711744,
            288230376151711744,
            288230376151711744,
            288230376151711744,
            288230376151711744,
            288230376151711744,
            288230376151711744,
            288230376151711744,
            288230376151711744,
            288230376151711744,
            288230376151711744,
            288230376151711744,
            288230376151711744,
            288230376151711744,
            288230376151711744,
            288230376151711744,
            288230376151711744,
            288230376151711744,
            144115188075855872
          ],
          "depth": 45,
          "volume": 1.4210854715202004e-14,
          "iters_survived": 5
        }
      ],
      "max_rss_gb_observed": 4.56,
      "n_parallel": 48,
      "threads_per_proc": 4,
      "available_ram_gb_at_start": 749.7182693481445,
      "n_cert": 0,
      "n_fail": 4,
      "n_exception": 0,
      "sweep_wall_s": 75.55638027191162,
      "avg_solve_s": 56.359039664268494
    },
    {
      "K": 16,
      "n_input": 4,
      "n_calibration": 2,
      "calibration": [
        {
          "K": 16,
          "wall_s": 67.27401423454285,
          "cache_build_s": 0.1158146858215332,
          "verdict": "feas",
          "lambda_star": -6.826392619206481e-07,
          "status": "solsta.optimal",
          "peak_rss_kb": 31962972,
          "peak_rss_gb": 30.48,
          "threads": 16,
          "error": null,
          "hash": "ad4d8f586b6dbd0b",
          "lp_val": 1.0072674418604655,
          "src": "split(8d60cce87ab6b1c1)",
          "lo_int": [
            0,
            0,
            0,
            0,
            0,
            0,
            0,
            0,
            0,
            0,
            0,
            0,
            0,
            0,
            0,
            0,
            0,
            0,
            0,
            0,
            0,
            0
          ],
          "hi_int": [
            288230376151711744,
            288230376151711744,
            288230376151711744,
            288230376151711744,
            288230376151711744,
            288230376151711744,
            288230376151711744,
            288230376151711744,
            288230376151711744,
            288230376151711744,
            288230376151711744,
            288230376151711744,
            288230376151711744,
            288230376151711744,
            288230376151711744,
            288230376151711744,
            288230376151711744,
            288230376151711744,
            288230376151711744,
            288230376151711744,
            144115188075855872,
            144115188075855872
          ],
          "depth": 45,
          "volume": 1.4210854715202004e-14,
          "iters_survived": 5
        },
        {
          "K": 16,
          "wall_s": 85.42618489265442,
          "cache_build_s": 0.1157982349395752,
          "verdict": "feas",
          "lambda_star": -2.9405216518225987e-07,
          "status": "solsta.optimal",
          "peak_rss_kb": 31751880,
          "peak_rss_gb": 30.28,
          "threads": 16,
          "error": null,
          "hash": "12fcabc1c81348e3",
          "lp_val": 1.00736993589464,
          "src": "split(8d60cce87ab6b1c1)",
          "lo_int": [
            0,
            0,
            0,
            0,
            0,
            0,
            0,
            0,
            0,
            0,
            0,
            0,
            0,
            0,
            0,
            0,
            0,
            0,
            0,
            0,
            144115188075855872,
            0
          ],
          "hi_int": [
            288230376151711744,
            288230376151711744,
            288230376151711744,
            288230376151711744,
            288230376151711744,
            288230376151711744,
            288230376151711744,
            288230376151711744,
            288230376151711744,
            288230376151711744,
            288230376151711744,
            288230376151711744,
            288230376151711744,
            288230376151711744,
            288230376151711744,
            288230376151711744,
            288230376151711744,
            288230376151711744,
            288230376151711744,
            288230376151711744,
            288230376151711744,
            144115188075855872
          ],
          "depth": 45,
          "volume": 1.4210854715202004e-14,
          "iters_survived": 5
        }
      ],
      "max_rss_gb_observed": 30.48,
      "n_parallel": 14,
      "threads_per_proc": 13,
      "available_ram_gb_at_start": 749.7522811889648,
      "n_cert": 0,
      "n_fail": 4,
      "n_exception": 0,
      "sweep_wall_s": 83.8255763053894,
      "avg_solve_s": 76.34286445379257
    },
    {
      "K": 32,
      "n_input": 4,
      "n_calibration": 2,
      "calibration": [
        {
          "K": 32,
          "wall_s": 100.38262844085693,
          "cache_build_s": 0.1186375617980957,
          "verdict": "feas",
          "lambda_star": -4.121437330446847e-07,
          "status": "solsta.optimal",
          "peak_rss_kb": 47371660,
          "peak_rss_gb": 45.18,
          "threads": 16,