{
  "pure_arcsine_v4_reference": 1.2921565,
  "rigorous_candidates_xi_max_100000": [
    {
      "label": "arc+arc+tent (winner)",
      "components": [
        [
          "arcsine",
          0.138,
          0.859
        ],
        [
          "arcsine",
          0.055,
          0.101
        ],
        [
          "tent",
          0.02,
          0.04
        ]
      ],
      "M_float": 1.2924558013442153,
      "M_rigorous": 1.2922423408152164,
      "k_1_mid": 0.9205166585732266,
      "K_2_lower": 4.780885625763547,
      "K_2_upper": 4.781706114558945,
      "S_1_upper": 29.969362915215477,
      "min_G_lower": 0.9988495154298687,
      "K_2_tail_upper": 0.0008204887928438396
    },
    {
      "label": "arc+arc+tent (2nd)",
      "components": [
        [
          "arcsine",
          0.138,
          0.85
        ],
        [
          "arcsine",
          0.055,
          0.1
        ],
        [
          "tent",
          0.025,
          0.05
        ]
      ],
      "M_float": 1.292447877001346,
      "M_rigorous": 1.2922374663354657,
      "k_1_mid": 0.9212979003857192,
      "K_2_lower": 4.816023766768636,
      "K_2_upper": 4.816830709297106,
      "S_1_upper": 29.289919801247553,
      "min_G_lower": 0.9988856951686166,
      "K_2_tail_upper": 0.0008069425260069316
    },
    {
      "label": "pure 3-scale arcsine",
      "components": [
        [
          "arcsine",
          0.138,
          0.85
        ],
        [
          "arcsine",
          0.055,
          0.1
        ],
        [
          "arcsine",
          0.025,
          0.05
        ]
      ],
      "M_float": 1.2923846996489272,
      "M_rigorous": 1.2921564960222152,
      "k_1_mid": 0.9212465899364083,
      "K_2_lower": 4.788823421259034,
      "K_2_upper": 4.789630363787504,
      "S_1_upper": 29.84090655472349,
      "min_G_lower": 0.9987588689743072,
      "K_2_tail_upper": 0.0008069425260069316
    }
  ],
  "best_rigorous_M_cert": 1.2922423408152164,
  "winning_mixture": {
    "label": "arc+arc+tent (winner)",
    "components": [
      [
        "arcsine",
        0.138,
        0.859
      ],
      [
        "arcsine",
        0.055,
        0.101
      ],
      [
        "tent",
        0.02,
        0.04
      ]
    ],
    "M_float": 1.2924558013442153,
    "M_rigorous": 1.2922423408152164,
    "k_1_mid": 0.9205166585732266,
    "K_2_lower": 4.780885625763547,
    "K_2_upper": 4.781706114558945,
    "S_1_upper": 29.969362915215477,
    "min_G_lower": 0.9988495154298687,
    "K_2_tail_upper": 0.0008204887928438396
  },
  "n_modes": 200,
  "xi_max": 100000,
  "prec_bits": 256,
  "beats_pure_arcsine": true
}