{
  "results_per_init": {
    "uniform_N100": 1.1550484504896805,
    "uniform_N200": 1.1521581155674943,
    "triangle_N100": 1.1550484504896847,
    "triangle_N200": 1.1521581155674916,
    "halfdomain_N100": 1.155048450489723,
    "halfdomain_N200": 1.152158115567549,
    "gauss_N100": 1.1550484504896836,
    "gauss_N200": 1.1521581155674991,
    "random_N100": 1.1550484504897283,
    "random_N200": 1.1521581155675285
  },
  "best_restricted_C1a_PD": 1.1521581155674916,
  "refined_N400_10k": 1.1507172382776154,
  "MV_LB": 1.2748,
  "CS17_UB": 1.5029
}