{
  "d": 8,
  "S": 16,
  "c_target": 1.25,
  "stage1": {
    "d": 8,
    "S": 16,
    "c_target": 1.25,
    "processed": 122661,
    "grid_pruned": 122661,
    "grid_surv": 0,
    "cell_certified_F": 114557,
    "cell_uncertain": 8104,
    "min_net_seen": -0.2187500000000001,
    "elapsed_s": 0.14058232307434082
  },
  "stage2": {
    "closed_counts": {
      "B1": 222,
      "empty": 0,
      "F": 1283,
      "L": 4116,
      "L_joint": 2476,
      "split": 3
    },
    "open_count": 4,
    "elapsed_s": 536.101122379303,
    "open_samples": [
      [
        4,
        1,
        0,
        0,
        2,
        2,
        2,
        5
      ],
      [
        4,
        1,
        0,
        0,
        3,
        1,
        2,
        5
      ],
      [
        4,
        1,
        1,
        0,
        2,
        2,
        1,
        5
      ],
      [
        4,
        1,
        1,
        0,
        2,
        2,
        2,
        4
      ]
    ]
  },
  "total_wall_s": 536.2821545600891
}