{
  "d": 8,
  "S": 16,
  "c_target": 1.275,
  "stage1": {
    "d": 8,
    "S": 16,
    "c_target": 1.275,
    "processed": 122661,
    "grid_pruned": 122642,
    "grid_surv": 19,
    "cell_certified_F": 111196,
    "cell_uncertain": 11446,
    "min_net_seen": -0.3999999999999999,
    "elapsed_s": 0.07091903686523438
  },
  "stage2": {
    "closed_counts": {
      "B1": 233,
      "empty": 0,
      "F": 1351,
      "L": 5624,
      "L_joint": 4194,
      "split": 16
    },
    "open_count": 28,
    "elapsed_s": 618.3229148387909,
    "open_samples": [
      [
        3,
        1,
        0,
        1,
        3,
        2,
        0,
        6
      ],
      [
        3,
        2,
        0,
        0,
        3,
        1,
        3,
        4
      ],
      [
        3,
        2,
        0,
        1,
        2,
        2,
        1,
        5
      ],
      [
        3,
        2,
        1,
        0,
        2,
        1,
        2,
        5
      ],
      [
        3,
        2,
        2,
        2,
        2,
        0,
        0,
        5
      ],
      [
        3,
        3,
        2,
        1,
        2,
        0,
        0,
        5
      ],
      [
        4,
        0,
        0,
        0,
        2,
        3,
        2,
        5
      ],
      [
        4,
        0,
        0,
        0,
        3,
        0,
        4,
        5
      ],
      [
        4,
        0,
        0,
        0,
        3,
        1,
        2,
        6
      ],
      [
        4,
        0,
        0,
        0,
        3,
        1,
        3,
        5
      ],
      [
        4,
        0,
        0,
        0,
        3,
        2,
        1,
        6
      ],
      [
        4,
        0,
        0,
        0,
        3,
        2,
        2,
        5
      ],
      [
        4,
        0,
        0,
        0,
        3,
        3,
        1,
        5
      ],
      [
        4,
        0,
        0,
        0,
        4,
        0,
        3,
        5
      ],
      [
        4,
        0,
        0,
        0,
        4,
        1,
        2,
        5
      ],
      [
        4,
        0,
        1,
        0,
        2,
        2,
        2,
        5
      ],
      [
        4,
        0,
        1,
        0,
        3,
        1,
        2,
        5
      ],
      [
        4,
        1,
        0,
        0,
        2,
        2,
        2,
        5
      ],
      [
        4,
        1,
        0,
        0,
        2,
        3,
        1,
        5
      ],
      [
        4,
        1,
        0,
        0,
        3,
        1,
        2,
        5
      ]
    ]
  },
  "total_wall_s": 618.4117710590363
}