{
  "worker_id": 0,
  "hash": "15d4e341ea7c9e0f",
  "src": "split(8d60cce87ab6b1c1)",
  "lo_int": [
    0,
    0,
    0,
    0,
    0,
    0,
    0,
    0,
    0,
    0,
    0,
    0,
    0,
    0,
    0,
    0,
    0,
    0,
    0,
    0,
    144115188075855872,
    144115188075855872
  ],
  "hi_int": [
    288230376151711744,
    288230376151711744,
    288230376151711744,
    288230376151711744,
    288230376151711744,
    288230376151711744,
    288230376151711744,
    288230376151711744,
    288230376151711744,
    288230376151711744,
    288230376151711744,
    288230376151711744,
    288230376151711744,
    288230376151711744,
    288230376151711744,
    288230376151711744,
    288230376151711744,
    288230376151711744,
    288230376151711744,
    288230376151711744,
    288230376151711744,
    288230376151711744
  ],
  "depth": 45,
  "volume": 1.4210854715202004e-14,
  "lp_val": 1.0023963730569947,
  "iters_survived": 5,
  "K": 16,
  "wall_s": 81.57259464263916,
  "verdict": "feas",
  "lambda_star": -1.8422837559731589e-06,
  "status": "solsta.optimal",
  "peak_rss_kb": 28374884,
  "peak_rss_gb": 27.06,
  "threads": 13,
  "error": null
}