{
  "worker_id": 2,
  "hash": "e82d7abfe44e73f9",
  "src": "split(8d60cce87ab6b1c1)",
  "lo_int": [
    0,
    0,
    0,
    0,
    0,
    0,
    0,
    0,
    0,
    0,
    0,
    0,
    0,
    0,
    0,
    0,
    0,
    0,
    0,
    0,
    0,
    144115188075855872
  ],
  "hi_int": [
    288230376151711744,
    288230376151711744,
    288230376151711744,
    288230376151711744,
    288230376151711744,
    288230376151711744,
    288230376151711744,
    288230376151711744,
    288230376151711744,
    288230376151711744,
    288230376151711744,
    288230376151711744,
    288230376151711744,
    288230376151711744,
    288230376151711744,
    288230376151711744,
    288230376151711744,
    288230376151711744,
    288230376151711744,
    288230376151711744,
    144115188075855872,
    288230376151711744
  ],
  "depth": 45,
  "volume": 1.4210854715202004e-14,
  "lp_val": 0.9999999999999987,
  "iters_survived": 5,
  "K": 16,
  "wall_s": 71.09866404533386,
  "verdict": "feas",
  "lambda_star": -1.7684817259985625e-07,
  "status": "solsta.optimal",
  "peak_rss_kb": 25532800,
  "peak_rss_gb": 24.35,
  "threads": 13,
  "error": null
}