{
  "K": 0,
  "n_calibration": 1,
  "calibration_results": [
    {
      "K": 0,
      "wall_s": 45.70514106750488,
      "cache_build_s": 0.11417388916015625,
      "verdict": "feas",
      "lambda_star": -3.319270821016348e-07,
      "status": "solsta.optimal",
      "peak_rss_kb": 4781276,
      "peak_rss_gb": 4.56,
      "threads": 16,
      "error": null,
      "hash": "345b02584d8646a8",
      "lp_val": 0.9999999999999998,
      "src": "split(0a09f74c4309e7be)",
      "lo_int": [
        0,
        0,
        0,
        0,
        0,
        0,
        0,
        0,
        0,
        0,
        0,
        0,
        0,
        0,
        0,
        0,
        0,
        0,
        0,
        0,
        0,
        0
      ],
      "hi_int": [
        576460752303423488,
        1152921504606846976,
        1152921504606846976,
        1152921504606846976,
        1152921504606846976,
        1152921504606846976,
        1152921504606846976,
        1152921504606846976,
        1152921504606846976,
        1152921504606846976,
        1152921504606846976,
        1152921504606846976,
        1152921504606846976,
        576460752303423488,
        576460752303423488,
        576460752303423488,
        576460752303423488,
        576460752303423488,
        576460752303423488,
        576460752303423488,
        576460752303423488,
        576460752303423488
      ],
      "depth": 9,
      "volume": 0.0009765625,
      "iters_survived": 1
    }
  ],
  "max_rss_gb_calib": 4.56,
  "avg_calib_wall_s": 45.70514106750488,
  "available_ram_gb": 749.7511940002441,
  "usable_ram_gb": 562.3133955001831,
  "rss_with_safety_gb": 5.928,
  "n_parallel_by_ram": 94,
  "n_parallel_by_cores": 48,
  "n_parallel_chosen": 48,
  "threads_per_proc": 4,
  "headroom_frac": 0.25,
  "rss_safety_factor": 1.3,
  "min_threads_per_proc": 4,
  "max_threads_per_proc": 48
}