{
  "K": 0,
  "n_input": 1,
  "n_calibration": 1,
  "calibration": [
    {
      "K": 0,
      "wall_s": 45.70514106750488,
      "cache_build_s": 0.11417388916015625,
      "verdict": "feas",
      "lambda_star": -3.319270821016348e-07,
      "status": "solsta.optimal",
      "peak_rss_kb": 4781276,
      "peak_rss_gb": 4.56,
      "threads": 16,
      "error": null,
      "hash": "345b02584d8646a8",
      "lp_val": 0.9999999999999998,
      "src": "split(0a09f74c4309e7be)",
      "lo_int": [
        0,
        0,
        0,
        0,
        0,
        0,
        0,
        0,
        0,
        0,
        0,
        0,
        0,
        0,
        0,
        0,
        0,
        0,
        0,
        0,
        0,
        0
      ],
      "hi_int": [
        576460752303423488,
        1152921504606846976,
        1152921504606846976,
        1152921504606846976,
        1152921504606846976,
        1152921504606846976,
        1152921504606846976,
        1152921504606846976,
        1152921504606846976,
        1152921504606846976,
        1152921504606846976,
        1152921504606846976,
        1152921504606846976,
        576460752303423488,
        576460752303423488,
        576460752303423488,
        576460752303423488,
        576460752303423488,
        576460752303423488,
        576460752303423488,
        576460752303423488,
        576460752303423488
      ],
      "depth": 9,
      "volume": 0.0009765625,
      "iters_survived": 1
    }
  ],
  "max_rss_gb_observed": 4.56,
  "n_parallel": 48,
  "threads_per_proc": 4,
  "available_ram_gb_at_start": 749.7511940002441,
  "n_cert": 0,
  "n_fail": 1,
  "n_exception": 0,
  "sweep_wall_s": 0.0,
  "avg_solve_s": 45.70514106750488,
  "n_survivors_for_next_stage": 1
}